Restaurant_Name,Category,Pricing_for_2,Locality,Dining_Rating,Dining_Review_Count,Delivery_Rating,Delivery_Rating_Count,Website,Address,Phone_No,Latitude,Longitude,Known_For2,Known_For22
Rustom's,"Parsi, Street Food, North Indian, Desserts, Beverages",2100," ITO, New Delhi",4.9,1885,4.4,1844,https://www.zomato.com/ncr/rustoms-ito-new-delhi,"Delhi Parsi Anjuman, LNJP Colony, Bahadur Shah Zafar Road, Near Maulana Azad Medical College Campus, ITO, New Delhi",9.1991E+11,28.638167,77.240472,,
Juggernaut,"South Indian, North Indian, Fast Food, Desserts, Beverages",700," Kailash Colony, New Delhi",4.8,2480,4.2,573,https://www.zomato.com/ncr/juggernaut-kailash-colony-new-delhi,"HS-16, Main Market, Kailash Colony, New Delhi",9.11141E+11,28.55293914,77.24094898,"Podi Ghee Idli, Chettinad Idli, Ganne Ka Ras, Pesarattu, Appalam, Chettinad Curry","Everything was very Good, Calm, Lovely Ambience, Soothing Music, Warm Welcome, Ambience was Super Cool"
Cafeteria & Co.,"Cafe, Continental, Italian, Fast Food, Oriental, Beverages",1300," Vijay Nagar, New Delhi",4.8,5228,4.1,2037,https://www.zomato.com/ncr/cafeteria-co-vijay-nagar-new-delhi,"G 14, Hudson Lane, Vijay Nagar, New Delhi",9.17043E+11,28.69448281,77.2042758,"Peri Peri Chicken Skewer, Tropical Heaven Sundae, Chicken Cannelloni, Banana Nutella Crepe, Chipotle Pizza, Blueberry Ice Cream","Highly Recommended, Amazing Atmosphere, Ambience is very Nice, Classy Place, Affordable, Cordial Staff"
Pa Pa Ya,"Asian, Chinese, Thai, Japanese, Sushi, Malaysian, Momos, Beverages",2500," Select Citywalk Mall, Saket, New Delhi",4.8,4077,4.3,125,https://www.zomato.com/ncr/pa-pa-ya-saket-new-delhi,"A-3, Select Citywalk, District Centre, Saket, New Delhi",9.188E+11,28.52842842,77.21840534,,
Yum Yum Cha,"Asian, Japanese, Sushi, Desserts, Beverages, Rolls",1800," Cyber Hub, DLF Cyber City, Gurgaon",4.8,1742,4.2,643,https://www.zomato.com/ncr/yum-yum-cha-dlf-cyber-city,"2E, Ground Floor, Tower-A, Building 10, DLF Cyber City, Gurgaon",9.1981E+11,28.4950508,77.0876302,"Spicy Basil Noodle, Takoyaki, Crispy Corn Cakes, Chilli Bowl, Sashimi Platter, Mochi Ice Cream","Gastronomical Experience, Happy Place, Themed Decor, Comfortable Seating, Decoration, Fancy Crowd"
PizzaExpress,"Fast Food, Italian, Beverages, Desserts",1000," Ambience Mall, DLF Phase 3, Gurgaon",4.8,3077,4.3,1831,https://www.zomato.com/ncr/pizzaexpress-dlf-phase-3,"T-317, 3rd Floor, Ambience Mall, DLF Phase 3, Gurgaon",9.11245E+11,28.50264536,77.09726773,,
Music & Mountains - Hillside Cafe,"Cafe, Italian, Continental, Fast Food, Salad, Beverages",2100," M Block Market, Greater Kailash 1 (GK1), New Delhi",4.7,3731,4.3,348,https://www.zomato.com/ncr/music-mountains-hillside-cafe-greater-kailash-gk-1-new-delhi,"M-23, M Block Market, Greater Kailash (GK) 1, New Delhi",9.17828E+11,28.5497806,77.2358045,,
Chaina Ram Sindhi Confectioners,"Mithai, Street Food",350," Chandni Chowk, New Delhi",4.7,1155,,0,https://www.zomato.com/ncr/chaina-ram-sindhi-confectioners-chandni-chowk-delhi,"6499, Fathepuri Chowk, Chandni Chowk, New Delhi",9.11124E+11,28.65659478,77.22325142,"Sev Badam, Sohan Halwa, Pinni, Malai Ghewar, Poori Chole, Kaju Barfi","Sweetshop+Restaurant, Breakfast, Owner, Amazing Place, Good Taste, Best Place"
Spezia Bistro,"Pizza, Chinese, Momos, Fast Food, Italian, Beverages, Continental",900," Delhi University-GTB Nagar, New Delhi",4.7,3829,,0,https://www.zomato.com/ncr/spezia-bistro-delhi-university-gtb-nagar-new-delhi,"2525, 1st Floor, Hudson Lane, Delhi University-GTB Nagar, New Delhi",9.1999E+11,28.69486926,77.20431905,"Baked Chicken Toscana, Spicy Mango Mojito, Classic Chicken Steak, Choco Ball, Mushroom Melt, Blueberry Pie","Variety of Pasta, Great for Birthdays, Quiet, Sit and Read, Cozy Environment, Reasonable Cost"
Downtown - Diners & Living Beer Cafe,"Bar Food, North Indian, Fast Food, Italian, Chinese, Beverages",2200," Sector 29, Gurgaon",4.7,5344,,0,https://www.zomato.com/ncr/downtown-diners-living-beer-cafe-sector-29,"SCO 34, Main Market, Sector 29, Gurgaon",9.19582E+11,28.46814663,77.06374515,"American Fried Chicken, Veg Farm Pizza, Strawberry Margarita, Vegetable Seekh, Dark Beer, Fattoush","Nice Ambience with Music, Xbox, Bowling, Best Pub, Rock Music, Wooden Interiors"
Jom Jom Malay,"Asian, Malaysian, Thai, Chinese, Salad, Momos",1800," Saket, New Delhi",4.7,935,4.1,427,https://www.zomato.com/ncr/jom-jom-malay-saket-new-delhi,"S12-A, 2nd Floor, Select City Walk, Saket, New Delhi",9.188E+11,28.52869059,77.21953724,,
Andrea's Eatery,"Asian, Italian, Beverages, Continental, Fast Food, Desserts",2000," Select Citywalk Mall, Saket, New Delhi",4.7,1380,4.1,1527,https://www.zomato.com/ncr/andreas-eatery-saket-new-delhi,"Shop 48A-51, 1st Floor, Select Citywalk Mall, Saket, New Delhi",9.18589E+11,28.52836598,77.21856024,"Katsu Chicken Curry, Spinach Ricotta Ravioli, Mushroom Lasagna, Butter Garlic Prawns, Jasmine Rice, Sauteed Vegetables","Efficient Service, Relaxed Atmosphere, Themed Decor, Courteous Service, Live Kitchen, Good for Large Groups"
Echoes Living Room,"Cafe, Continental, Chinese, Fast Food, Desserts, Beverages",800," Subhash Nagar, New Delhi",4.7,3,3.9,1,https://www.zomato.com/ncr/echoes-living-room-subhash-nagar-new-delhi,"Subhash Nagar, New Delhi",9.19899E+11,28.63420463,77.11627018,"Cafe, Continental, American, Italian, Mexican, Beverages",
Clock Tower,"North Indian, Asian, Beverages, Fast Food",2500," Golf Course Road, Gurgaon",4.6,1300,,9,https://www.zomato.com/ncr/clock-tower-golf-course-road,"Near Rapid Metro Pillar 141, Golf Course Road, Gurgaon",9.19599E+11,28.44812955,77.10074488,,
C.I.A Call It Asiian,"Thai, Chinese, Sushi, Momos",700," Greater Kailash 2 (GK2), New Delhi",4.6,1373,4.2,10800,https://www.zomato.com/ncr/c-i-a-call-it-asiian-greater-kailash-gk-2-new-delhi,"13- 16, Narmada Shopping Complex, Alaknanda Road, Near Don Bosco School, Greater Kailash 2 (GK 2), New Delhi",9.11142E+11,28.52776565,77.24686693,,
Noida Social,"North Indian, Chinese, Burger, Rolls, Pizza, Momos, Continental, Beverages",1300," DLF Mall of India, Sector 18,  Noida, Noida",4.6,944,4.2,465,https://www.zomato.com/ncr/noida-social-sector-18-noida,"C 412, 3rd Floor, DLF Mall Of India, Sector 18, Noida",9.17838E+11,28.56683885,77.32093547,"Cheesecake, Cocktails, Oreo Shake, Drink, Platter, Dessert","Hospitality was Amazing, Ambience was Lovely, Variety of Selection, Service is Great and Fast, Service and Quality of Food, Ambience was Super Cool"
K3 - JW Marriott New Delhi,"North Indian, Chinese, Italian, Momos",3500," JW Marriott New Delhi, New Delhi",4.6,1608,,0,https://www.zomato.com/ncr/k3-jw-marriott-new-delhi-aerocity-new-delhi,"Asset Area 4, Hospitality District, Aerocity, New Delhi",9.11145E+11,28.5532552,77.1219546,"Dinner Buffet, Dessert Counter, Duck, Sunday Brunch, Dim Sums, Tiramisu","Cooking Stations, Good Food and Good Ambience, Sophisticated, Worth the Price, Live Kitchen, Luxury"
Wenger's Deli,"Fast Food, Desserts, Beverages, North Indian, Pizza",500," Connaught Place, New Delhi",4.6,2290,,0,https://www.zomato.com/ncr/wengers-deli-connaught-place-new-delhi,"A 18, Radial Road, Connaught Place, New Delhi",9.11123E+11,28.63369024,77.21834097,"Peri Peri Veg Panini, Mocha Smoothie, Veg Bbq Burger, Crunchy Chocolate, Blueberry Blast, Continental Breakfast","Coffee Date, Pretty Decor, Live Kitchen, Cozy Place, Cute Little Place, Good Stuff"
The Pasta Bowl Company,"Italian, Fast Food, Pizza, Pasta",1300," Cross Point Mall, DLF Phase 4, Gurgaon",4.6,1479,4.2,692,https://www.zomato.com/ncr/the-pasta-bowl-company-dlf-phase-4,"GL 201, Floor 2, Cross Point Mall, DLF Phase 4, Gurgaon",9.11244E+11,28.4682825,77.0833374,"Tortellini Puttanesca, Parma Ham Salad, Chicken Breast Sandwich, Spinach Ravioli, Ravioli Pasta, Orange Mojito","Cozy Ambience, Quality of Food, Live Kitchen, Cozy Place, New Menu, More Variety"
Sakley's The Mountain Cafe,"Cafe, Italian, Fast Food",1300," DLF Galleria, DLF Phase 4, Gurgaon",4.6,1471,3.8,213,https://www.zomato.com/ncr/sakleys-the-mountain-cafe-dlf-phase-4,"SF-93, 1st Floor, DLF Galleria, DLF Phase 4, Gurgaon",9.199E+11,28.46760019,77.08134178,,
Cafe Diaries,"Cafe, Continental, Italian, Chinese, Mexican, Fast Food, Desserts, Beverages",800," Satyaniketan, New Delhi",4.6,1003,3.8,250,https://www.zomato.com/ncr/cafe-diaries-satyaniketan-new-delhi,"House 10, 1st Floor, Satyaniketan, New Delhi",9.19999E+11,28.58779727,77.16726098,,
Nona's Kitchen,"North Indian, Mughlai, Rolls, Chinese, Kebab",800," Supermart 1, DLF Phase 4, Gurgaon",4.6,1063,3.7,4853,https://www.zomato.com/ncr/nonas-kitchen-dlf-phase-4,"A 224, Ground Floor, Supermart 1, DLF Phase 4, Gurgaon",9.18288E+11,28.46255565,77.08716184,,
La Pino'z Pizza,"Italian, Fast Food, Beverages, Desserts",500," Raheja Mall, Sohna Road, Gurgaon",4.6,1384,4.0,13600,https://www.zomato.com/ncr/la-pinoz-pizza-sohna-road,"Shop 234, 2nd Floor, Raheja Mall, Sohna Road, Gurgaon",9.188E+11,28.42346947,77.0395989,,
Rahul Eggs,"Fast Food, Healthy Food, Street Food, North Indian",350," Lawrence Road, New Delhi",4.6,1081,4.1,639,https://www.zomato.com/ncr/rahul-eggs-lawrence-road-new-delhi,"B-4/300 A, Main Road, Near Keshavpuram Metro Station, Lawrence Road, New Delhi",9.199E+11,28.68817914,77.16166724,"Tandoori Jalandhari, Chicken Jalandhari, Eggs, Omelette","Street Food, Concept, Awesome Place, Amazing Taste, Chef, Best Place"
Jamun,"North Indian, Mughlai, Fast Food, Beverages",1500," Lodhi Colony, New Delhi",4.5,924,4.2,268,https://www.zomato.com/ncr/jamun-lodhi-colony-new-delhi,"17, Near Yamuna Chemist, Lodhi Colony, New Delhi",9.1999E+11,28.58535166,77.22304154,,
Monkey Bar,"Pizza, Burger, Continental, Chinese, Fast Food, Beverages",2200," Vasant Kunj, New Delhi",4.5,4581,4.3,1806,https://www.zomato.com/ncr/monkey-bar-vasant-kunj-new-delhi,"Plot 11, Upper Ground Floor, Pocket C-6 & 7, LSC, Vasant Kunj, New Delhi",9.11141E+11,28.53656552,77.1476547,Terrace Seating Ambiance And Good Range Of Alcohol - Below 25 years of age not allowed after 6 pm,
Station Bar,"Chinese, Continental, North Indian, Mughlai, Fast Food, Beverages",1700," Connaught Place, New Delhi",4.5,1533,,0,https://www.zomato.com/ncr/station-bar-connaught-place-new-delhi,"F-60, 2nd Floor, Connaught Place, New Delhi",9.1875E+11,28.63100203,77.21969146,,
The Imperial Spice,"North Indian, Continental, Mughlai, Street Food, Fast Food, Beverages",3000," Connaught Place, New Delhi",4.5,940,3.1,17,https://www.zomato.com/theimperialspice,"89/90, M Block, Outer Circle, Connaught Place, New Delhi",9.1114E+11,28.6331735,77.22290743,,
BlackJack,"Fast Food, Beverages",800," Punjabi Bagh, New Delhi",4.5,2361,,3,https://www.zomato.com/ncr/blackjack-punjabi-bagh-new-delhi,"Shop 1, Plot 23, North West Avenue, Club Road, Punjabi Bagh West, Near Punjabi Bagh, New Delhi",9.18449E+11,28.66650824,77.12495551,"Spicy Cheesy Fries, Chocolate Ice Cream Shake, Chicken Juicy Burger, Nuttela Shake, Feta Cheese Salad, Cheesecake Shake","Serving Style, Themed Decor, Comfortable Seating Area, Pocket Friendly Place, Gastronomical Experience, Cheap"
Triveni Terrace Cafe,"Street Food, Desserts, Beverages",400," Mandi House, New Delhi",4.5,2004,4.2,454,https://www.zomato.com/ncr/triveni-terrace-cafe-mandi-house-new-delhi,"205 Tansenmarg, Mandi House, New Delhi",9.19972E+11,28.627275,77.232382,"Masala Cheese Toast, Coconut Curry Chicken, Pohaa, Ragi Idli, Paalak Patta Chaat, Gun Powder Idli","Beautiful Environment, Serene Ambience, Soothing Ambience, Open Seating, Peaceful Environment, Positive Vibe"
Lakhori - Haveli Dharampura,"Mughlai, Street Food, Kebab",2500," Chandni Chowk, New Delhi",4.5,804,,0,https://www.zomato.com/ncr/lakhori-haveli-dharampura-chandni-chowk-new-delhi,"Haveli Dharampura, 2293, Gali Guliyan, Near Jama Masjid, Chandni Chowk, New Delhi",9.11123E+11,28.65325458,77.23226566,Fly kites at the rooftop of Haveli Dharampura along with a lavish 3 course High Tea. It is breathtakingly beautiful to look at the sky covered with colorful kites from the Haveli rooftop...Read More,"Banarasi Paan, Tomato Dhaniya Shorba, Dahi Puri, Palak Patta Chat, Smoothies, Chaat"
The Potbelly,"Bihari, Fast Food, Beverages",1000," Chanakyapuri, New Delhi",4.5,1183,4.2,395,https://www.zomato.com/ncr/the-potbelly-chanakyapuri-new-delhi,"Plot 15, Bihar Niwas, Behind Yashwant Place, Chanakyapuri, New Delhi",9.2E+11,28.58379835,77.18785398,"Dalpitti, Maithili Thali, Pudina Chicken Pulao, Tomato Chokha, Bhojpuri Thali, Madhubani Thali","Comfortable Seating Area, Quality of Food, Beautiful Decor, Cozy Ambience, Family Place, Helpful Staff"
SodaBottleOpenerWala,"Parsi, North Indian, Rolls, Street Food, Desserts, Beverages",1300," Khan Market, New Delhi",4.5,3075,4.1,1432,https://www.zomato.com/ncr/sodabottleopenerwala-khan-market-new-delhi,"73, Khan Market, New Delhi",9.19811E+11,28.60012989,77.22603355,"Parsi delicacies, Bombay street food, and Parsi themed ambiance",
Ziu,"Asian, Thai, Chinese, Sushi, Japanese, Momos",2900," Sangam Courtyard, RK Puram, New Delhi",4.5,808,4.3,327,https://www.zomato.com/ncr/ziu-r-k-puram-new-delhi,"Ground Floor, Sangam Courtyard, Major Somnath Marg, Sector 9, R K Puram, New Delhi",9.19959E+11,28.57252706,77.17340626,,
Open Tap,"Bar Food, Oriental, Continental, Fast Food, North Indian, Beverages",1600," Sector 29, Gurgaon",4.5,1911,,0,https://www.zomato.com/ncr/open-tap-sector-29,"SCO 38, Main Market, Sector 29, Gurgaon",9.19971E+11,28.46847644,77.06372738,"Craft Beer, Brewed Beer, Dark Beer, Hot Wings, Beers, Mixed Sauce Pasta","Xbox, Good Bartenders, Rock Music, Rooftop Ambience, Roof Top, Good Offers"
The Reader's Cafe,"Cafe, Italian, Fast Food, Beverages, Desserts",1000," Indirapuram Habitat Centre, Indirapuram, Ghaziabad",4.5,1961,4.2,1277,https://www.zomato.com/ncr/the-readers-cafe-indirapuram-ghaziabad,"208-212, Indirapuram Habitat Centre, Ahinsa Khand 1, Indirapuram, Ghaziabad",9.17292E+11,28.63979739,77.36950926,,
Tama Brewery & World Kitchen,"Fast Food, Chinese, Mughlai, North Indian, Beverages",1500," Sector 16, Faridabad",4.5,1591,,0,https://www.zomato.com/ncr/tama-brewery-world-kitchen-sector-16-faridabad,"SCO 14-15, 2nd Floor, Huda Market, Sector 16, Faridabad",9.19599E+11,28.4089652,77.3188477,"Hefeweizen, Brewed Wheat Beer, Thai Spring Roll, Fried Chicken Wings, Iced Peach Tea, Blueberry Cheese Cake","Nice Foods and Great Service, Classy Ambience, Amazing Interiors, Huge Place, Live Band, Nice Interiors"
Feel Alive,"North Indian, Fast Food, Italian, Asian, Continental, Bar Food",2000," Sector 29, Gurgaon",4.5,2467,,0,https://www.zomato.com/ncr/feel-alive-sector-29,"SCO 53, 2nd Floor, Main Market, Sector 29, Gurgaon",9.19999E+11,28.46814427,77.06402142,,
Punjabi Angithi,"North Indian, Chinese, Rolls, Fast Food, Momos",400," Paschim Vihar, New Delhi",4.5,3125,4.1,87700,https://www.zomato.com/ncr/punjabi-angithi-paschim-vihar-new-delhi,"32-22, A 4, DDA Market, Paschim Vihar, New Delhi",9.1847E+11,28.67267878,77.10898831,"Bhuna Chaap Masala, Paneer Tikka Tandoori, Paneer Kurkure, Tawa Tikka Masala, Handi Paneer, Butter Garlic Noodles","Very Good Food, Tasty Stuff, Serving Size, Relaxed Atmosphere, Comfortable Seating Area, Pure Veg"
Saundhee Potli,"Biryani, North Indian, Mughlai, Lucknowi, Kebab, Chinese, Rolls, Momos",550," Indirapuram, Ghaziabad",4.5,1123,3.9,1700,https://www.zomato.com/ncr/saundhee-potli-indirapuram-ghaziabad,"Shop 52, 1st Floor, Nipun Wonder Mall, Shakti Khand 2, Indirapuram, Ghaziabad",9.17304E+11,28.64742009,77.36895237,,
Hawa Bar,"Fast Food, Italian, Chinese",1900," Sector 63, Noida",4.5,840,,0,https://www.zomato.com/ncr/hawa-bar-sector-63-noida,"A 31, H Block, Commercial Market, Sector 63, Noida",9.19312E+11,28.62704301,77.37557106,,
Crepe-fe,"Desserts, Fast Food, American, Beverages, Pizza, Ice Cream",700," Ardee City, Gurgaon",4.5,747,4.1,11800,https://www.zomato.com/ncr/crepe-fe-ardee-city,"Plot 102, D Block, Sector 52, Ardee City, Gurgaon",9.19999E+11,28.4377836,77.0723426,,
Mr. Crust Bakers,"Bakery, Burger, Fast Food, Beverages",400," Vijay Nagar, New Delhi",4.5,1791,4.3,10400,https://www.zomato.com/ncr/mr-crust-bakers-vijay-nagar-new-delhi,"B 29/B, Opposite Mother Dairy, Vijay Nagar, New Delhi",9.11142E+11,28.69058089,77.20151916,"Peach Pie, Veg Pattice, Fruit Pudding, Choco Chip Pastry, Makhani Pasta, Hazelnut Cold Coffee","Coffee Date, Reasonable Rates, Cleanliness, Friendly Place, Great Quality, Great Ambiance"
PCO,"Italian, Beverages, Fast Food, North Indian",2200," Vasant Vihar, New Delhi",4.5,711,3.9,12,https://www.zomato.com/ncr/pco-vasant-vihar-new-delhi,"D-4, D Block Market, Vasant Vihar, New Delhi",9.1981E+11,28.56148809,77.15561919,,
Uptown Fresh Beer Cafe,"Finger Food, North Indian, Italian, European, Continental, Kebab, Momos",1500," DLF Galleria, DLF Phase 4, Gurgaon",4.5,961,,0,https://www.zomato.com/ncr/uptown-fresh-beer-cafe-dlf-phase-4,"106, DLF Galleria, DLF Phase 4, Gurgaon",9.18527E+11,28.46732402,77.0809656,"Mozzarella Sticks, Wheat Beer, Lamb Chops, Beers, Pepperoni Pizza, Tiramisu","Live Sports Screening, Good Bartenders, Cozy Ambience, Friendly Service, Fancy Crowd, Light Music"
The Haven International Coffee House,"Cafe, Fast Food, Continental, Beverages, Desserts, Coffee",500," Sector 72, Noida",4.5,282,4.5,422,https://www.zomato.com/ncr/the-haven-international-coffee-house-1-sector-72-noida,"Shop 3 And 3A, Gardenia Gateway, Tower-10, Sector 75, Near Sector 72, Noida",9.19717E+11,28.5718042,77.38230273,"Chicken Club Sandwiches, Coffees, Hot Chocolate, Latte, White Sauce Pasta, Brownie","Romantic Seating, Intimate Seating, Free Wifi, Staff Behaviour, Live Music, Vibe"
Madrina,"North Indian, Chinese, Mughlai, Fast Food, Desserts",2100," Ashok Vihar Phase 2, New Delhi",4.5,871,3.9,280,https://www.zomato.com/ncr/madrina-ashok-vihar-phase-2-new-delhi,"B-1/7, Ashok Vihar Phase 2, New Delhi",9.19999E+11,28.69486367,77.17925482,,
Fat Butterfly Bakery And Cafe,"Bakery, Cafe, Italian, Fast Food, Desserts",1200," Baani Square, Sector 50, Gurgaon",4.5,643,4.1,3615,https://www.zomato.com/ncr/fat-butterfly-bakery-and-cafe-sector-50,"F-41, First Floor, Baani Square Mall, Sector 50, Gurgaon",9.11244E+11,28.42554438,77.05737356,,
DJ's Pizza & Pasta,"Pizza, Italian, Fast Food, Pasta",500," Sector 56, Gurgaon",4.5,582,4.2,2100,https://www.zomato.com/ncr/djs-pizza-pasta-1-sector-56,"Shop 17, 1st Floor, Babu Chitru Complex, Sector 52, Sector 56, Gurgaon",9.19643E+11,28.43111697,77.09005091,"Smoked Chicken Pasta, Paneer Tikka Pizza, Stuffed Garlic Bread, Pastas, Pizzas, Margherita Pizza","Dj, Fresh Ingredients, Quick Delivery, Great Value, Good Packaging, Prompt Service"
Only Bar Restaurant,"Chinese, Fast Food, North Indian, Kebab",500," Bhikaji Cama Place, New Delhi",4.5,91,,6,https://www.zomato.com/ncr/only-bar-restaurant-bhikaji-cama-place-new-delhi,"Shop 11, 12 And 16 To 19, 1st Floor, Madame Bhikaji Cama Bhawan, Bhikaji Cama Place, New Delhi",9.19996E+11,28.5688209,77.1873364,"Good Service, Ambience, Excellent Food, Great Value, Excellent Service, Very Good Restaurant",
Diggin,"Continental, Cafe, Beverages, Desserts, Italian, Fast Food",1400," Chanakyapuri, New Delhi",4.4,3592,,0,https://www.zomato.com/ncr/diggin-chanakyapuri-new-delhi,"10, Santushti Shopping Complex, Race Course Road, Chanakyapuri, New Delhi",9.11126E+11,28.59514262,77.19796557,"Tuna Melt Sandwich, Veg Cannelloni, Chicken Crostini, Garden Burger, Lamb Lasagna, Apple Crumble Pie","Christmas Decor, Ambience is Beautiful, Menu Description, Romantic Place, Amazing Food and Experience, Pretty Cafe"
Boa Village,"Asian, Japanese, Korean, Chinese, Momos, Thai",2300," Civil Lines, New Delhi",4.4,2228,4.2,880,https://www.zomato.com/ncr/boa-village-civil-lines-new-delhi,"13, Alipur Road, Civil Lines, New Delhi",9.11146E+11,28.67661667,77.22521111,"Chicken Tempura, Soya Nuggets, Banana Toffee, Bellini, Salmon Sushi, Tandoori Veg Platter","Kid Friendly, Good Bartenders, Classy Place, Rooftop Seating, Rooftop Ambience, Classy Ambience"
The G.T. Road,"North Indian, Mughlai, Street Food, Chinese, Mithai, Beverages",1400," Connaught Place, New Delhi",4.4,3471,3.9,18,https://www.zomato.com/ncr/the-g-t-road-connaught-place-new-delhi,"M 39, Outer Circle, Connaught Place, New Delhi",9.19871E+11,28.63313465,77.22291615,"Vegetable Kofta Curry, Tamatar Ka Shorba, Gur Ice Cream, Punjabi Rajma, Rice Kheer, Pinni","Buffet Variety and Quality, Classy Interiors, Live Grill, Vintage Decor, Nice Theme, Dessert Menu"
Norenj Wine Dine & Fresh Beer Cafe,"Continental, North Indian, Chinese, Mughlai, Tex-Mex, Fast Food, Salad",1800," South City 2, Gurgaon",4.4,1387,3.8,833,https://www.zomato.com/ncr/norenj-wine-dine-fresh-beer-cafe-south-city-2,"Plot 1, SS Plaza Mall, Block A, Mayfield Gardens, Near Sector 47, South City 2, Gurgaon",9.19999E+11,28.42693667,77.05704767,,
The Salt Cafe Kitchen & Bar,"North Indian, Chinese, Continental, Fast Food",1800," Preet Vihar, New Delhi",4.4,2213,4.3,1973,https://www.zomato.com/ncr/the-salt-cafe-kitchen-bar-preet-vihar-new-delhi,"19-20, A Block, LSC Market, Preet Vihar, New Delhi",+91 8068974694,28.63457482,77.29059331,,
Yeti - The Himalayan Kitchen,"Tibetan, Nepalese, Momos, Chinese, Beverages",1500," The Colonnade, Connaught Place, New Delhi",4.4,448,4.1,266,https://www.zomato.com/ncr/yeti-the-himalayan-kitchen-connaught-place-new-delhi,"B41, B Block, Inner Circle, Connaught Place, New Delhi",9.19812E+11,28.63408604,77.21927371,,
I Sacked Newton,"North Indian, Continental, Chinese, Italian, Thai, Mughlai, Street Food, Desserts",2100," Logix City Centre, Sector 32, Noida, Noida",4.4,1887,,0,https://www.zomato.com/ncr/i-sacked-newton-sector-31-noida,"Logix City Centre Mall, 5th Floor, Sector 32, Near Sector 31, Noida",9.19774E+11,28.57434465,77.35383477,,
Sattvik,"North Indian, Fast Food, Desserts",2100," Select Citywalk Mall, Saket, New Delhi",4.4,1537,4.2,601,https://www.zomato.com/ncr/sattvik-saket-new-delhi,"S 5, 2nd Floor, Select Citywalk Mall, Saket, New Delhi",9.11141E+11,28.52911535,77.2193934,,
Xero Degrees,"Cafe, Fast Food, Beverages, Desserts",750," Connaught Place, New Delhi",4.4,1876,4.1,783,https://www.zomato.com/ncr/xero-degrees-connaught-place-new-delhi,"L-23/9, Middle Circle, Connaught Place, New Delhi",9.19045E+11,28.63434235,77.22136416,"Raspberry Cooler, Slider Burger, Chicken Peri Peri Fries, Red Velvet Milkshake, Chicken Slider, Fried Cheese","Music and Ambience, Couple Friendly, Affordable, Service is Great, Compact Place, Quiet"
Guppy,"Asian, Japanese, Sushi, Chinese, Momos, Beverages",3200," Lodhi Colony, New Delhi",4.4,1201,4.3,498,https://www.zomato.com/ncr/guppy-lodhi-colony-new-delhi,"28, Main Market, Lodhi Colony, New Delhi",9.1965E+11,28.5846754,77.22376272,Colourful anime theme and an assortment of Japanese delicacies,
Rigo Restaurant,"Momos, Pizza, Chinese, Italian, Thai, Tibetan, Asian, Beverages",1000," Majnu ka Tila, New Delhi",4.4,1002,4.1,1114,https://www.zomato.com/ncr/rigo-restaurant-majnu-ka-tila-new-delhi,"180, Tibetan Old Camp, Majnu ka Tila, New Delhi",9.19651E+11,28.7020987,77.2276679,,
Uncle's Sip & Bite,"Fast Food, Beverages",600," Prashant Vihar, New Delhi",4.4,1848,4.2,822,https://www.zomato.com/ncr/uncles-sip-bite-prashant-vihar-new-delhi,"Shop 5, A 75, Opposite CRPF School, Prashant Vihar, New Delhi",9.11149E+11,28.71031899,77.13369213,"Cheesy Puffy Garlic Bread, Nacho Salsa, Garlic Bread Mozzarella, Caramel Shake, Peri Fries, Dessert Counter","Charging Ports, Great for Birthdays, Economical, Pocket Friendly Place, Fancy Crowd, Cozy Place"
Ikk Panjab,"North Indian, Street Food, Chinese, Mughlai, Desserts, Beverages",1200," Rajouri Garden, New Delhi",4.4,1057,3.9,679,https://www.zomato.com/ncr/ikk-panjab-rajouri-garden-new-delhi,"J 2/17, Ground & 1st Floor, BK Dutta Market, Rajouri Garden, New Delhi",9.19971E+11,28.64712556,77.11881626,,
Master Of Malts,"North Indian, Chinese, Continental, Fast Food, Salad, Beverages",1600," Connaught Place, New Delhi",4.4,2378,,0,https://www.zomato.com/ncr/master-of-malts-connaught-place-new-delhi,"2nd Floor, Scindia House, Atma Ram Mansion, KG Marg, Connaught Place, New Delhi",9.19599E+11,28.6344421,77.22113315,,
Barrack 62 The Gastro Pub,"North Indian, Continental, Fast Food, Beverages",1600," Sector 62, Noida",4.4,1440,,0,https://www.zomato.com/ncr/barrack-62-the-gastro-pub-sector-62-noida,"Near Father Agnel School, Sector 62, Noida",9.1999E+11,28.62192369,77.35514771,,
Coffee Bond,"Cafe, Pizza, Fast Food, Salad, Sandwich, Burger, Desserts, Beverages",900," M Block Market, Greater Kailash 1 (GK1), New Delhi",4.4,1438,3.8,2797,https://www.zomato.com/ncr/coffee-bond-greater-kailash-gk-1-new-delhi,"M 29, M Block Market, Greater Kailash 1 (GK 1), New Delhi",9.2E+11,28.54941983,77.2362588,,
Indus Flavour,"North Indian, Chinese, Fast Food",900," Delhi University-GTB Nagar, New Delhi",4.4,2366,4.1,8004,https://www.zomato.com/ncr/indus-flavour-delhi-university-gtb-nagar-new-delhi,"2510, Ground Floor, Kingsway Camp, Hudson Lane, Delhi University-GTB Nagar, New Delhi",9.1114E+11,28.69400989,77.18959976,"Rumali Masala Papad, Kadak Roomali, Paneer Makhmali, Kurkure Mushroom, Fondue, Matar Mushroom","Ambience is very Nice, Complimentary Drinks, Affordable, Good for Large Groups, Pure Veg, Gastronomical Experience"
Paparizza-Woodfired Pizzas,"Pizza, Italian, Fast Food, BBQ, Salad, Desserts, Beverages",500," Delhi University-GTB Nagar, New Delhi",4.4,4403,4.0,5925,https://www.zomato.com/ncr/paparizza-woodfired-pizzas-delhi-university-gtb-nagar-new-delhi,"2520, Hudson Lane, Delhi University-GTB Nagar, New Delhi",9.18179E+11,28.69515012,77.20423054,"Lasagna Palermo, Tex Mex Pizza, Mushroom Calzone, Pizza Calzone, Apple Pie Shake, Garlic Bread Mozzarella","The Staff is Friendly, Prices are very Genuine, Best Quality Food and Service, The Food was Worth the Price, Great Food and Service, Good for Large Groups"
Big Yellow Door,"Cafe, Italian, Beverages, Desserts, Fast Food",800," Delhi University-GTB Nagar, New Delhi",4.4,2602,3.8,1576,https://www.zomato.com/ncr/big-yellow-door-delhi-university-gtb-nagar,"2521, 2nd Floor, Kingsway Camp, Hudson Lane, Delhi University-GTB Nagar, New Delhi",9.17042E+11,28.69508601,77.20426273,,
FO - Food Overloded,"Fast Food, Chinese, North Indian, Italian, Pizza, Pasta",700," Paschim Vihar, New Delhi",4.4,888,4.2,5169,https://www.zomato.com/ncr/fo-food-overloded-paschim-vihar-new-delhi,"B1/11, Ground Floor, Paschim Vihar, New Delhi",9.11145E+11,28.6703737,77.10953683,,
La Piazza - Hyatt Regency,"Italian, Salad, Fast Food, Beverages",4500," Hyatt Regency, Bhikaji Cama Place, New Delhi",4.4,695,4.3,149,https://www.zomato.com/ncr/la-piazza-hyatt-regency-bhikaji-cama-place-delhi,"Ring Road, Bhikaji Cama Place, New Delhi",9.19958E+11,28.56825283,77.18724344,"La Piazza Pizza, Mushroom Salad, Risotto, Tiramisu, Ravioli, Pepperoni Pizza","Classy Interiors, Sophisticated, Live Kitchen, Worth the Price, New Menu, Food Menu"
The Pavilion - ITC Maurya,"North Indian, South Indian, Italian, Chinese, Fast Food",4800," ITC Maurya, Chanakyapuri, New Delhi",4.4,769,,0,https://www.zomato.com/ncr/the-pavilion-itc-maurya-chanakyapuri-new-delhi,"ITC Maurya, Chanakyapuri, New Delhi",9.11126E+11,28.5981844,77.17363492,"Dinner Buffet, Cappuccino, Salads, Deserts, Fish, Starters","Luxury, Worth the Price, Breakfast, Great Ambiance, Hospitality, Atmosphere"
Kaarobaar : The Modern - Desi Bistro,"Fast Food, North Indian, Mughlai, Kebab, Beverages, Momos, Italian",550," Rajinder Nagar, New Delhi",4.4,447,4.1,1901,https://www.zomato.com/ncr/kaarobaar-the-modern-desi-bistro-rajinder-nagar-new-delhi,"4C/7, Bada Bazar Road, Old Rajinder Nagar, Near Rajinder Nagar, New Delhi",9.18287E+11,28.63850266,77.18325768,,
Smoke House Deli,"Italian, Continental, Fast Food, Desserts, Beverages",1400," DLF Avenue, Saket, New Delhi",4.4,1797,4.2,1599,https://www.zomato.com/SmokeHouseDeli-Saket,"Shop 252/253, DLF Avenue, Saket, New Delhi",9.11141E+11,28.52806581,77.21682351,"Ricotta Ravioli, Bagels, Rocher Shake, Peri Chicken, Risotto, Steak","Classy Interiors, Pretty Place, Breakfast Menu, Healthy Options, Peaceful Place, Attentive Staff"
Roots - Cafe In The Park,"North Indian, Street Food, Desserts",750," Sector 29, Gurgaon",4.4,2759,4.0,1060,https://www.zomato.com/ncr/roots-cafe-in-the-park-sector-29,"Rajiv Gandhi Renewable Energy Park, Leisure Valley, Sector 29, Gurgaon",9.19971E+11,28.46965566,77.06839141,"Railway Masala Omelette Sandwich, Wai Wai Bhel, Moong Dal Chila, French Press Coffee, Mushroom Toast, Modinagar Shikanji","Natural Ambience, Good Food and Good Quality, Breakfast Options, Healthy Food Options, Cozy Ambience, Peaceful Place"
La La Land Brew Pub,"Finger Food, North Indian, Continental, Chinese, Street Food, Desserts, Beverages",2200," Global Foyer Mall, Golf Course Road, Gurgaon",4.4,502,,2,https://www.zomato.com/ncr/la-la-land-brew-pub-golf-course-road,"1st Floor, Global Foyer Mall, Golf Course Road, Gurgaon",9.199E+11,28.4605749,77.09474914,,
Only Bar,"North Indian, Chinese, Street Food, Fast Food, Continental, Mughlai, Beverages, Biryani",1100," Nehru Place, New Delhi",4.4,1369,,17,https://www.zomato.com/ncr/only-bar-nehru-place-new-delhi,"24, Near Allahabad Bank, Nehru Place, New Delhi",9.19996E+11,28.54806685,77.25133784,"Bommidayala Pulusu, Schezwan Fish, Tanduri Chicken, Chinese Platter, Bao, Drums of Heaven","Good Acoustics, Flair Bartending, Service are Excellent, Service Amazing, Nice Food Nice Service, A Black Tie Crowd"
Sandwedges,Fast Food,200," Raj Nagar, Ghaziabad",4.4,808,3.9,55,https://www.zomato.com/ncr/sandwedges-raj-nagar-ghaziabad,"C 74, RDC, Opposite Indian Oil Petrol Pump, Raj Nagar, Ghaziabad",9.17503E+11,28.67636664,77.44283918,"Pesto Exotica, Iced Peach Tea, Peri Peri Fries, Kitkat Shake, Oreo Shake, Shakes","Best Cold Coffee, Pocket Friendly Restaurant, Cozy Ambiance, Economical, Good Crowd, Nice Crowd"
QD's Restaurant,"Chinese, North Indian, Italian, Fast Food, Ice Cream, Beverages",1100," Lajpat Nagar 2, New Delhi",4.4,1265,3.8,3783,https://www.zomato.com/QdsLajpatNagar,"I-1A, Central Market Road, Lajpat Nagar 2, New Delhi",9.1114E+11,28.56907112,77.24392187,"Paneer Makhani Platter, Brownie Fudge Sundae, Changezi Chicken, Sundae, Drums of Heaven, Chocolate Fudge","Great Food Great Service, Themed Decor, Gastronomical Experience, Comfortable Seating, Reasonable Rate, Pocket Friendly Place"
World Trail,"Cafe, Burger, Italian, Fast Food, Desserts, Pizza",500," Sector 135, Noida",4.4,1107,4.1,8577,https://www.zomato.com/ncr/world-trail-sector-135-noida,"Shop 64-65, Plot 22, Sandal Street, Assotech Business Cresterra, Sector 135, Noida",9.19312E+11,28.496395,77.40207799,"Mutton Meatballs, Rasmalai Shake, Pizza Alle Verdure, Classic Veg Burger, Mushroom Sandwich, Chocolate Milk","Intimate Seating, Reasonable Rate, Good Quality Food, Soft Music, Great Restaurant, Takeaway"
Shiv Tikki Wala,"Street Food, North Indian",300," Karkardooma, New Delhi",4.4,1365,3.9,66,https://www.zomato.com/ncr/shiv-tikki-wala-karkardooma-new-delhi,"Ground Floor, Karkardooma Community Centre, Karkardooma, New Delhi",9.19911E+11,28.64917282,77.30249394,"Dahi Gol Gappe, Dahi Papdi, Kathi Kabab, Paav Bhaji, Stuffed Chaap, Bhalla Papdi","Bang for the Buck, Menu Options, Chirpy Crowd, Not very Crowded, Casual Seating Area, Street Food"
Bhalla King,"Chinese, Street Food, Fast Food, Desserts, Mithai",300," Hauz Khas, New Delhi",4.4,501,4.1,8463,https://www.zomato.com/ncr/bhalla-king-hauz-khas-new-delhi,"Shop 1-O-65, Gurudwara Shri Niwas Puri, Hauz Khas, New Delhi",9.17839E+11,28.5656239,77.2585315,"Dahi Bhalla Papdi, Punjabi Tadka Maggi, Chaat Papdi, Raj Kachodi, Pav Bhajji, Rajkachori","Faster Delivery, Good Street Food, Great for Birthdays, Quaint Little Place, Generous Portions, Fancy Crowd"
Potli,"North Indian, Mughlai, Chinese, Biryani, Rolls, Momos",600," Central Arcade, DLF Phase 2, Gurgaon, Gurgaon",4.4,681,3.9,1100,https://www.zomato.com/ncr/potli-dlf-phase-2,"161, Ground Floor, Central Arcade, DLF Phase 2, Gurgaon",9.11244E+11,28.48117696,77.08582744,"Pudina Chicken, Dal Handi, Malai Chaap Roll, Rara Chicken, Paneer do Pyaza, Boondi Raita","Great Recommendations, Not very Crowded, Fast Delivery Service, Cozy Ambiance, Casual Seating Area, Low Price"
The Asian Tuk Tuk,"Asian, Japanese, Momos",800," East of Kailash, New Delhi",4.4,723,4.1,766,https://www.zomato.com/ncr/the-asian-tuk-tuk-east-of-kailash-new-delhi,"16 A, Sant Nagar, Main Road, East Of Kailash, New Delhi",9.18861E+11,28.5540759,77.24799179,"Chocolate Burger, Char Siu Bao, Exotic Mushroom, Lamb Rendang, Tuna Sushi, Tempura Prawns","Relaxed Atmosphere, Good for Large Groups, Serving Size, Packed on Weekends, Family Place, Perfect Ambience"
Chaiyum,"Pizza, Fast Food, Beverages",550," Sector 10, Dwarka, New Delhi",4.4,2154,4.0,3334,https://www.zomato.com/ncr/chaiyum-sector-10-dwarka-new-delhi,"Ground Floor, Pinnacle Mall, Sector 10, Dwarka, New Delhi",9.19668E+11,28.57945509,77.05595769,"Paneer Masala Sandwich, Zaffran Chai, Herb Chilli Burger, Vada Pav Burger, Adrak Tulsi Chai, Chicken Salami Pizza","Elaborate Seating, Hospitable, Sugar Free Options, Love the Food Love the Service, No Plastic Cups, Cool Environment"
Nik Baker's,"Bakery, Desserts, Fast Food",600," Greater Kailash 2 (GK2), New Delhi",4.4,1080,4.3,352,https://www.zomato.com/ncr/nik-bakers-greater-kailash-gk-2-new-delhi,"M-25, M Block Market, Greater Kailash (GK) 2, New Delhi",9.11129E+11,28.53346717,77.24198699,"Choco Chip Cookies, Mocha Coffee, Fajita, Eclair, Barbeque Chicken Pizza, Blueberry Cheese Cake","Coffee Date, Pretty Decor, Reasonable Cost, Wonderful Place, Vibe, Family Crowd"
Fat Lulu's Cafe & Bar,"Cafe, Fast Food, Beverages, Pasta, Pizza, Italian",800," Supermart 1, DLF Phase 4, Gurgaon",4.4,1526,4.1,7824,https://www.zomato.com/ncr/fat-lulus-cafe-bar-dlf-phase-4,"Shop B-246, Upper Ground Floor, Super Mart 1, DLF Phase 4, Gurgaon",9.11244E+11,28.46242478,77.08759803,,
BreadTalk,"Bakery, Fast Food, Desserts",450," Select Citywalk Mall, Saket, New Delhi",4.4,508,4.5,1359,https://www.zomato.com/ncr/breadtalk-saket-new-delhi,"Select Citywalk Mall, Saket, New Delhi",9.19625E+11,28.52915099,77.21952919,"Chocolate Cream Roll, Tiramisu Cheesecake, Cheese Tart, Mushroom Puff, Chocolate Croissant, Swiss Roll","Coffee Date, Pretty Decor, Packed on Weekends, More Variety, Concept, Preparation"
Tossin Pizza,"Pizza, Fast Food, Pasta, Beverages",600," DLF Galleria, DLF Phase 4, Gurgaon",4.4,2441,4.2,32600,https://www.zomato.com/ncr/tossin-pizza-dlf-phase-4,"SF-114, 1st Floor, Galleria Market, DLF Phase 4, Gurgaon",9.11244E+11,28.46758987,77.08140012,"Herbed Garlic Bread, Roohafza Mojito, Spicy Pepperoni, Vegetable Calzone, Veg Peri Peri, Strawberry Mojito","Food is 5 Star, Amazing Food and Experience, Tasty Stuff, Delivery on Time, Cozy Ambience, Many Choices"
Amar Jyoti,"North Indian, Mughlai, Momos, Chinese, Rolls, Beverages",600," Sarojini Nagar, New Delhi",4.4,819,3.9,3043,https://www.zomato.com/ncr/amar-jyoti-sarojini-nagar-new-delhi,"186, Sarojini Nagar Market, Sarojini Nagar, New Delhi",9.11125E+11,28.57648991,77.19664995,"Chicken Tikki Masala, Tawa Seekh, Keema Meat, Masala Paneer, Tawa Paneer, Yellow Dal Tadka","Boneless Chicken Biryani, Bang for the Buck, Nice Crowd, Great Recommendations, Polite Staff, Best Restaurant"
Whipped,"Bakery, Desserts, Coffee, Fast Food",800," Greater Kailash 2 (GK2), New Delhi",4.4,1658,4.2,7439,https://www.zomato.com/ncr/whipped-greater-kailash-gk-2-new-delhi,"S-375, Block S, Inder Mohan Bhardwaj Marg, Greater Kailash 2 (GK 2), New Delhi",9.16366E+11,28.52979197,77.24541016,"Chocolate Truffle Royale, Oreo Crunch, New York Cheesecake, Cake in a Jar, Red Velvet Cheesecake, Cheese Cakes","Taste was Awesome, Pretty Decor, Coffee Date, Good Stuff, Fancy Crowd, Seating Arrangement"
Threads Cafe,"Cafe, Fast Food, Desserts",900," Shahpur Jat, New Delhi",4.4,441,4.0,94,https://www.zomato.com/ncr/threads-cafe-shahpur-jat-new-delhi,"253, Ground Floor, Shahpur Jat, New Delhi",9.11142E+11,28.54889295,77.21146312,"Grilled Cottage Cheese Steak, Masala Tea, Cheesy Garlic Bread, Cappuccino, Chocolate Fudge, Coffees","Bookshelf, Sit and Read, Quaint Little Place, Beautiful Cafe, Affordable Food, Comforting Atmosphere"
Rolls Mania,"Rolls, Fast Food, Beverages",400," Indirapuram, Ghaziabad",4.4,767,3.9,15700,https://www.zomato.com/ncr/rolls-mania-indirapuram-ghaziabad,"Shop 15, Ground Floor, Parsvnath Majestic Arcade, Vaibhav Khand, Indirapuram, Ghaziabad",9.19413E+11,28.636681,77.368813,"Paneer Mughlai, Veg Paneer Roll, Mughlai Chicken, Chicken Bhuna Roll, Soya Chaap Roll, Cheese Rolls","Chirpy Crowd, Casual Seating Area, Inexpensive, Elegantly Decorated, Great Recommendations, Good Price"
The Coffee Shop,"Cafe, Fast Food, Beverages",900," PVR Anupam Complex, Saket, New Delhi",4.4,760,4.3,1844,https://www.zomato.com/ncr/the-coffee-shop-saket-new-delhi,"8, PVR Anupam Complex, Community Centre, Saket, New Delhi",9.11142E+11,28.52351523,77.20720276,"Himalayan Breakfast, Spaghetti Puttanesca, English Breakfast, Hazelnut Coffee, Blueberry Shake, Frappe","Ambiance and Music, Breakfast Options, Serving Time, Outside Seating, Good Value, Great Staff"
RollsKing,"Rolls, Sandwich, Fast Food, Beverages",400," Sector 18, Noida",4.4,1574,4.2,300,https://www.zomato.com/ncr/rollsking-1-sector-18-noida,"J-3, Near GIP Footover Bridge, Sector 18, Noida",9.11204E+11,28.56823399,77.32459299,"Mutton Egg Roll, Keema Roll, Double Egg, Kathi Rolls, Veg Roll, Chicken Roll","Takeaway, Good Value, Friendly Place, Great Recommendations, Quick Service, Best Places"
Kung Fu Kitchen,"Thai, Chinese, Momos",700," Sector 93, Noida",4.4,1297,4.0,3227,https://www.zomato.com/ncr/kung-fu-kitchen-sector-93-noida,"Plot 3, Kiosk 2, Eldeco Studio, Sector 93 A, Sector 93, Noida",9.17679E+11,28.514361,77.3855,"Bamboo Chicken Biryani, Tandoori Lollipop, Angoori Kofta, Chilli Corn, Phirni, Crispy Corn","Candle Light Dinner, Rooftop Seating, Excellent Services, Nice Location, Best Ambience, Courteous Service"
Tastebaaz,"North Indian, Chinese, Rolls",500," Rajouri Garden, New Delhi",4.4,474,4.0,8470,https://www.zomato.com/ncr/tastebaaz-1-rajouri-garden-new-delhi,"LIG DDA Market, Major Sudesh Kumar Marg, Near Cambridge School, Rajouri Garden, New Delhi",9.17304E+11,28.63923418,77.11524121,"Deluxe Thali, Drums of Heaven, Palak Paneer, Daal Makhani, Paneer Lababdar, Veg Platter","Economical, Bang for the Buck, Cozy Ambiance, Cute Little Place, Good Crowd, Great Recommendations"
Wakhra Swaad,"North Indian, Mughlai, Rolls, Chinese",1000," Hajipur, Noida",4.4,598,4.0,12400,https://www.zomato.com/ncr/wakhra-swaad-hajipur,"Khasra 514, Maharishi Nagar, Sector 104, Hajipur, Noida",9.18882E+11,28.53868151,77.36572634,"Chicken Dhaniya Adraki, Momo Platter, Malai Chaap Roll, Changezi Chicken, Paneer Lababdaar, Paneer Tikka Masala","Charging Ports, Great for Birthdays, Service and Quality of Food, Food Packaging, Fancy Crowd, Great Packaging"
Amour Bistro,"Continental, Italian, Fast Food, Raw Meats, Desserts, Beverages",2000," Chanakyapuri, New Delhi",4.3,1430,4.4,618,https://www.zomato.com/ncr/amour-bistro-chanakyapuri-new-delhi,"10/48, Malcha Marg Shopping Complex, Chanakyapuri, New Delhi",9.19811E+11,28.6016073,77.18596134,"Herb Roast Prawn, Gnocchi, Quiche, Banoffee Pie, Blueberry Cheesecake, Salmon","Family Favorite, Breakfast Menu, Perfect Location, Gastronomical Experience, Live Kitchen, Calm"
Nukkad Cafe & Bar,"Fast Food, Chinese, North Indian, Pasta, Pizza, Beverages",1200," SDA Market, SDA, New Delhi",4.3,1598,,0,https://www.zomato.com/ncr/nukkad-cafe-bar-sda-new-delhi,"C 23-24, Near SDA Market, SDA, New Delhi",9.11141E+11,28.5467327,77.19690509,"Ganne Ka Juice, Mutton Galouti Kabab, Pan Mojito, Tadka Maggi, Butter Maggi, Beer Cocktail","Live Sufi Music, Ambiance and Music, Romantic Place, Beautiful Lighting, Soulful Music, Live Singing"
Q'BA,"North Indian, Italian, Street Food, Fast Food, Desserts, Beverages",2000," Connaught Place, New Delhi",4.3,635,3.9,32,https://www.zomato.com/ncr/qba-1-connaught-place-new-delhi,"E-42, 43, Inner Circle, Connaught Place, New Delhi",9.19561E+11,28.63225418,77.22110767,,
Uncultured Cafe And Bar,"Continental, Chinese, Italian, Finger Food, Fast Food, North Indian, Desserts, Beverages",1900," Kailash Colony, New Delhi",4.3,3237,3.9,24,https://www.zomato.com/ncr/uncultured-cafe-and-bar-kailash-colony-new-delhi,"HS-12, Market, Kailash Colony, New Delhi",9.18448E+11,28.55256071,77.24136606,,
Verandah Moonshine,"North Indian, Mediterranean, Chinese, Beverages, Desserts, Momos",1500," Punjabi Bagh, New Delhi",4.3,1842,,6,https://www.zomato.com/ncr/verandah-moonshine-punjabi-bagh-new-delhi,"2/85, 3rd Floor, West Punjabi Bagh Club Road, Punjabi Bagh, New Delhi",9.17669E+11,28.66629231,77.12410357,"Hummus Pita Bread, Keema Curry, Paneer Salad, Bhel Puri, Chicken Popcorn, Peri Fries","Staff Politeness, Ambience is Delightful, Rooftop Cafe, Service and Quality of Food, Lightings, Pocket Friendly Prices"
Castle's Barbeque,"North Indian, Chinese, Fast Food, Beverages",1600," Pacific Mall, Tagore Garden, New Delhi",4.3,1673,3.5,114,https://www.zomato.com/ncr/castles-barbeque-tagore-garden-new-delhi,"3rd Floor, Pacific Mall, Tagore Garden, New Delhi",9.1987E+11,28.64313596,77.10668329,,
Adda By Striker,"North Indian, Chinese, Mexican, Street Food, Fast Food",1000," Sector 29, Gurgaon",4.3,2945,,0,https://www.zomato.com/ncr/adda-by-striker-sector-29,"24, 1st Floor, Main Market, Sector 29, Gurgaon",9.18801E+11,28.46911512,77.06342731,,
United Coffee House,"Mughlai, Chinese, European, Continental, North Indian, Fast Food, Beverages",2500," Connaught Place, New Delhi",4.3,3582,3.7,313,https://www.zomato.com/ncr/united-coffee-house-connaught-place-new-delhi,"E-15, Connaught Place, New Delhi",9.11123E+11,28.63245282,77.22106744,"Chicken Ala Keiv, Badshahi Kofta, Lamb Kebab Platter, Lahori Meat, Kala Jaam, Cona Coffee","Royal Ambience, Family Favorite, Vintage Decor, Highly Recommended, Sophisticated, Elegant Ambience"
Ministry Of Sound,"Bar Food, Kebab, North Indian, Continental, Fast Food, Chinese, Desserts, Beverages",3200," Gardens Galleria, Sector 38 Noida, Noida",4.3,831,,3,https://www.zomato.com/ncr/ministry-of-sound-sector-38-noida,"Shop C1 & C2, BGGL - 337, 2nd Floor, Gardens Galleria, Sector 38, Noida",9.19999E+11,28.5650444,77.32217263,"Quality and Quantity, Music and Feel, Excellent Variety, Ambience was Super Cool, Dance Floor, Variety of Pizza",
The Flying Dutchman,"Bar Food, Fast Food, North Indian, Chinese, Continental, Italian",1900," Indirapuram Habitat Centre, Indirapuram, Ghaziabad",4.3,2352,3.7,100,https://www.zomato.com/ncr/the-flying-dutchman-indirapuram-ghaziabad,"2nd Floor, F Block, Indirapuram Habitat Centre, Indirapuram, Ghaziabad",9.18528E+11,28.6398224,77.36895002,,
Café Dori,"Cafe, Fast Food, Continental, Desserts, Beverages",1600," Chhatarpur, New Delhi",4.3,1110,,0,https://www.zomato.com/ncr/café-dori-chhatarpur-new-delhi,"Dhan Mill Compound, 100 Feet Road, SSN Marg, Chhatarpur, New Delhi",9.18076E+11,28.50387694,77.18497127,"Pumpkin Ravioli, Flatbreads, Garlic Fries, Avocado Toast, Finger Chips, Gnocchi","Pet Friendly, Everything was very Good, Quiet, Romantic Seating, Beautiful Cafe, Brunch"
Melt House,"Sandwich, Fast Food, Burger, Salad, Italian, Continental, Desserts, Beverages",700,"  32nd Avenue, NH8, Gurgaon, Gurgaon",4.3,238,4.2,352,https://www.zomato.com/ncr/melt-house-1-sector-15,"Ground Floor, Elliptical Building, 32nd Milestone, NH 8, Sector 15, Gurgaon",9.18448E+11,28.46131489,77.04979254,,
Cafe Another Day,"North Indian, Italian, Chinese, Cafe, Pizza, Biryani, Mughlai, Fast Food",1300," Janakpuri, New Delhi",4.3,489,3.8,404,https://www.zomato.com/ncr/cafe-another-day-janakpuri-new-delhi,"G 12, DDA 1, District Centre, Janakpuri, New Delhi",9.1954E+11,28.63033136,77.08217964,,
AMPM Café & Bar,"Italian, Asian, American, European, Fast Food, Beverages, Desserts",1700," DLF Galleria, DLF Phase 4, Gurgaon",4.3,2713,4.0,112,https://www.zomato.com/ncr/ampm-caf-bar-dlf-phase-4,"R-003, 2nd Floor, DLF Galleria, DLF Phase 4, Gurgaon",9.19718E+11,28.46759606,77.08131965,"Smoked Chicken Bruschetta, Blueberry Mousse, Choco Bomb, Mezze, Nutella Waffles, Meatballs","Live Band Performance, Rock Music, Rooftop Seating, Beautiful View, Rooftop Ambience, Great View"
IMLY Courtyard,"Street Food, North Indian, Fast Food, South Indian, Chinese, Beverages, Desserts",1000," Ashok Vihar Phase 2, New Delhi",4.3,1716,3.5,2767,https://www.zomato.com/ncr/imly-courtyard-ashok-vihar-phase-2-new-delhi,"B1/1, Near Satyawati College, Ashok Vihar Phase 2, New Delhi",9.199E+11,28.695795,77.179694,,
Food Frolic,"North Indian, Chinese, Continental, Mughlai, Fast Food, Beverages",1600," Sector 83, Gurgaon",4.3,851,3.9,969,https://www.zomato.com/ncr/food-frolic-1-sector-83,"Unit 209-210, 2nd Floor, Sapphire Mall, Sector 83, Gurgaon",9.18929E+11,28.39319129,76.96718227,,
Marv's Pizza,"Pizza, Fast Food, Beverages",500," Indirapuram, Ghaziabad",4.3,341,3.9,1983,https://www.zomato.com/ncr/marvs-pizza-indirapuram-ghaziabad,"L-343, Ground Floor, Habitat Center, Ahinsa Khand-1, Indirapuram, Ghaziabad",9.1826E+11,28.63940418,77.36844569,,
Karim's,"Mughlai, North Indian, Rolls",700," Jama Masjid, New Delhi",4.3,7027,3.7,2,https://www.zomato.com/ncr/karims-jama-masjid-new-delhi,"16, Gali Kababian, Jama Masjid, New Delhi",9.11123E+11,28.64932288,77.23368991,"Chicken Jahangir, Mutton Qurma, Mutton Jahangiri, Reshmi Seekh Kebab, Badam Pasanda, Karim Roll","Gastronomical Experience, Affordable, Luxury, Best Ambience, Ample Seating Area, Clean"
Hippie Bus,"Cafe, Italian, Mexican, Chinese, North Indian, Fast Food",800," Anand Vihar, New Delhi",4.3,1320,4.0,3215,https://www.zomato.com/ncr/hippie-bus-1-anand-vihar-new-delhi,"Terrace, Sikka Galaxy Complex, Sreshtha Vihar Market, Anand Vihar, New Delhi",9.19211E+11,28.65736648,77.31720854,"Bubble Gum Shake, Salami Pizza, Momos Platter, Slush, Chicken Shawarama, Barbeque Chicken","Great for Birthdays, Intimate Seating, Rooftop Ambience, Economical, Roof Top, Pretty Place"
SAZ - American Brasserie,"American, Italian, Mexican, Burger, Pizza, Fast Food, Beverages",2300," Sunder Nagar, New Delhi",4.3,481,3.6,11,https://www.zomato.com/ncr/saz-american-brasserie-sunder-nagar-new-delhi,"21, 1st Floor, Sunder Nagar Market, Near HDFC Bank, Sunder Nagar, New Delhi",+91 8068974627,28.60170209,77.24160612,,
Sky Route,"North Indian, Chinese, Italian, Continental, Mughlai, Beverages, Mexican, Fast Food",1800," Sector 4, Dwarka, New Delhi",4.3,697,3.7,1342,https://www.zomato.com/skyroute,"Plot 5, Malik Plaza, Sector 4, Dwarka, New Delhi",9.19818E+11,28.59718295,77.05000084,,
Kwality Dhaba,"North Indian, Chinese, Rolls, Street Food",600," Subhash Nagar, New Delhi",4.3,1313,4.2,9332,https://www.zomato.com/ncr/kwality-dhaba-subhash-nagar-new-delhi,"WZ-38, Uggarsain Market, Ashok Nagar, Near Subhash Nagar, New Delhi",9.19819E+11,28.63741978,77.10123472,"Kadhi Pakora, Paneer Methi Malai, Achari Chaap Roll, Palak Corn, Veg Pulao, Rajma Rice","Pocket Friendly Restaurant, Themed Decor, Family Place, Relaxed Atmosphere, Comfortable Seating Area, Family Restaurant"
The Hogwarts Café,"Fast Food, Italian, Beverages",500," Rohini, New Delhi",4.3,943,3.7,14,https://www.zomato.com/ncr/the-hogwarts-café-2-rohini-new-delhi,"397/398, Pocket B5, Sector 3, Rohini, New Delhi",9.17827E+11,28.70057701,77.10672889,"Cocktail Pasta, Veg Club Sandwich, Peri Fries, Spaghetti Pasta, Veggie Burger, Peri Peri Pizza","Intimate Seating, Sit and Read, Quiet, Nice Theme, Affordable, Menu Options"
Fat Tiger,"Momos, Fast Food, Beverages",500," Golf Course Road, Gurgaon",4.3,353,3.7,235,https://www.zomato.com/ncr/fat-tiger-golf-course-road,"Unit 2, Ground Floor, Horizon Centre, Golf Course Road, Gurgaon",9.11244E+11,28.4470848,77.0942532,,
Starbucks Coffee,"Fast Food, Desserts, Beverages",600," Connaught Place, New Delhi",4.3,3428,4.3,523,https://www.zomato.com/ncr/starbucks-coffee-1-connaught-place-new-delhi,"A-1, Hamilton House, Inner Circle, Connaught Place, New Delhi",9.19873E+11,28.632184,77.217774,"Caramel Frappucino, Iced Vanilla Latte, Vanilla Frappe, Mocha Frappuccino, Java Chip Frappuccino, Caramel Macchiato","Free Wifi, Cozy Ambience, Great Interiors, Huge Place, Great Location, Calm"
1911 - The Imperial,"North Indian, South Indian, Fast Food",3000," The Imperial, Janpath, New Delhi",4.3,395,,3,https://www.zomato.com/ncr/1911-the-imperial-janpath-new-delhi,"The Imperial, Janpath, New Delhi",9.1981E+11,28.62499561,77.21903868,,
The Burger Club,"Burger, Fast Food, Desserts, Beverages",500," Delhi University-GTB Nagar, New Delhi",4.3,2854,4.1,38200,https://www.zomato.com/ncr/the-burger-club-delhi-university-gtb-nagar,"103 & 105, Mall Road, Kingsway Camp, Delhi University-GTB Nagar, New Delhi",9.11147E+11,28.69876778,77.20561992,"Spicy Club Burger, Island Chicken Club, Kumara Fries, Cream Shake, Caramel Frappe, Peach Tea","Cozy Ambiance, Casual Seating Area, Nice Crowd, Pocket Friendly, Chirpy Crowd, Nice Environment"
MOPP - Mad Over Parathas & Pakodas,"North Indian, Street Food, Beverages, Desserts, Mughlai",350," Sector 31, Gurgaon",4.3,642,3.7,5605,https://www.zomato.com/ncr/mopp-mad-over-parathas-pakodas-sector-31,"Shop 113, Huda Market, Sector 31, Gurgaon",9.18287E+11,28.45368504,77.05113575,,
Classic,"Desserts, Ice Cream, Fast Food, Sandwich, Burger",400," Karkardooma, New Delhi",4.3,800,4.4,5587,https://www.zomato.com/ncr/classic-karkardooma-new-delhi,"G-1, United Plaza, Opposite Hargobind Enclave, Karkardooma, New Delhi",9.1981E+11,28.6482257,77.30230249,"Brownie Fudge Fantasy, Eggless Waffle, Cheesy Maggi, Ice Cream Soda, Hot Choco Fudge, Sundae","Totally Worth it, Table Service, Pretty Decor, Pocket Friendly, Servings, Cool Place"
Kadak Singh Da Dhaba,"North Indian, Chinese, Mughlai, Fast Food, Biryani",500," Karkardooma, New Delhi",4.3,522,4.0,23500,https://www.zomato.com/ncr/kadak-singh-da-dhaba-karkardooma-new-delhi,"Plot 13, G 4, Parmesh Tower, Karkardooma Community Centre, Karkardooma, New Delhi",9.19811E+11,28.64879768,77.30220359,"Afghani Murgh Tikka, Crispy Naan, Stuffed Chaap, Paneer Parantha, Chicken Lababdar, Paneer Lababdaar","Not very Crowded, Casual Seating Area, Inexpensive, Low Price, Nice Packaging, Great Recommendations"
Wood Box Cafe,"Cafe, Fast Food, Italian, Chinese, Salad, Momos",800," Satyaniketan, New Delhi",4.3,2505,3.8,1516,https://www.zomato.com/ncr/wood-box-cafe-satyaniketan-new-delhi,"Shop 288, Opposite Venkateswara College, Satyaniketan, New Delhi",9.19953E+11,28.58864927,77.1689092,"Carnivore Platter, Blueberry Milkshake, Moroccan Chicken, Mango Mojito, Snicker Shake, Crispy Honey Chilli Potato","Wooden Interiors, Soothing Ambience, Cozy Ambience, Comfortable Seating, Peaceful Place, Serving Size"
Paprika Park,"North Indian, Chinese, Mughlai, Fast Food, Desserts",1400," Indirapuram Habitat Centre, Indirapuram, Ghaziabad",4.3,1375,3.8,1585,https://www.zomato.com/ncr/paprika-park-indirapuram-ghaziabad,"First Floor, Indirapuram Habitat Centre, Indirapuram, Ghaziabad",9.19316E+11,28.63988243,77.36907877,,
Diva - The Italian Restaurant,"Italian, Pizza, Salad, Fast Food, Beverages",2500," M Block Market, Greater Kailash 2 (GK2), New Delhi",4.3,559,4.2,365,https://www.zomato.com/ncr/diva-the-italian-restaurant-greater-kailash-gk-2-new-delhi,"M-8A, M Block Market, Greater Kailash (GK) 2, New Delhi",9.11142E+11,28.53421916,77.24316649,"Wine Cellar, Gnocchi, Ravioli, Risotto, Tiramisu, Salads","Sophisticated, Classy Place, Great Service, Decor, Courteous Staff, Excellent Food"
Suruchi A Veg Restaurant,"Gujarati, Rajasthani, North Indian, Street Food",1200," Karol Bagh, New Delhi",4.3,906,3.4,1792,https://www.zomato.com/ncr/suruchi-a-veg-restaurant-karol-bagh-new-delhi,"15-A/56, Ajmal Khan Road, Near Karol Bagh Metro Pillar 98 & 99, Karol Bagh, New Delhi",9.11145E+11,28.64719176,77.18853023,"Gujarati Thali, Besan Gatta, Gujarati Food, Rajasthani Thali, Dhokla, Pao Bhaji","Unlimited Refills, Themed Decor, Authentic Food, Family Restaurant, Great Value, Hospitality"
China Club,"Chinese, Asian, Seafood, Momos",3100," MG Road, Gurgaon",4.3,624,4.1,278,https://www.zomato.com/ncr/china-club-mg-road,"Global Business Park, Lobby Level, Tower C, MG Road, Gurgaon",9.11243E+11,28.48023244,77.10219964,,
Abongchiiz,"Continental, Chinese, North Indian, Momos, Fast Food",1100," Delhi University-GTB Nagar, New Delhi",4.3,1710,3.9,1338,https://www.zomato.com/ncr/abongchiiz-delhi-university-gtb-nagar,"9, DDA Hudson Lane, Delhi University-GTB Nagar, New Delhi
",9.11149E+11,28.69405989,77.20484845,"Jalapeno Cheese Balls, Coffee Hazelnut, Brownie Sizzler, Caramel Coffee, Momos Platter, Death by Chocolate","Board Games, Rooftop Ambience, Cosy Ambience, Seating Options, Fun Place, Sheesha"
The Beer Cafe,"North Indian, Finger Food, Fast Food",1800," Unity One Mall, Janakpuri, New Delhi",4.3,1334,3.9,63,https://www.zomato.com/ncr/the-beer-cafe-janakpuri-new-delhi,"Unit 206, 2nd Floor, Unity One Mall, Janakpuri, New Delhi",9.18929E+11,28.62880727,77.07651213,"Beer Cocktail, Corn Bhel, Beers, Virgin Mojito, Chicken Malai Tikka, French Fries","Good Server, Great Host, Crew, Staff Behavior, Brilliant Service, Amazing Hospitality"
Fat Jar Cafe & Market,"Fast Food, Italian, Tea, Beverages",1800," Kailash Colony, New Delhi",4.3,595,4.2,250,https://www.zomato.com/ncr/fat-jar-cafe-market-kailash-colony-new-delhi,"A 7, Kailash Colony, New Delhi",9.11142E+11,28.55409799,77.24358156,"Pesto Spaghetti, Potato Salad, Iced Latte, Pepperoni Pizza, Margarita Pizza, Cheese Sandwich","Romantic Seating, Quaint Little Place, Breakfast Menu, Ambience was Super Cool, Fancy Crowd, Serving Size"
Biryani Birinj,"North Indian, Biryani, Rolls, Fast Food, Mughlai",600," Sector 7, Dwarka, New Delhi",4.3,392,4.1,740,https://www.zomato.com/ncr/biryani-birinj-sector-7-dwarka-new-delhi,"D-467, Ground Floor, Palam Extension, Sector 7, Dwarka, New Delhi",9.18801E+11,28.585159,77.068802,,
Bisque Bakery,"Bakery, Fast Food, European",600," Central Arcade, DLF Phase 2, Gurgaon, Gurgaon",4.3,639,,3,https://www.zomato.com/ncr/bisque-bakery-dlf-phase-2,"133/134, Central Arcade, DLF Phase 2, Gurgaon",9.11244E+11,28.48097037,77.08572987,"Chicken Stroganoff, Croissant, Sizzlers, Chocolate Truffle Cake, Cookies, Pastries","Meals, Best Places, Nice Place, Good Place, Location, Tasty Food"
The Food Stories,"North Indian, Chinese, Fast Food, Sandwich, Burger, Beverages",550," Gaur City 1, Greater Noida",4.3,810,3.9,15100,https://www.zomato.com/ncr/the-food-stories-gaur-city-1-greater-noida,"316, 3rd Floor, City Plaza, Greater Noida West, Gaur City 1, Greater Noida",9.2E+11,28.614934,77.42766291,"Rajma Chawal, Noodle, Egg Curry, Honey Chilli Potatoes, White Sauce Pasta, Manchurian","Economical, Chirpy Crowd, Casual Seating Area, Cozy Ambiance, Nice Crowd, Staff Behaviour"
Fabcafe By Fabindia,"North Indian, Sandwich, Wraps, Street Food, Desserts, Healthy Food, Beverages",1000," Vasant Kunj, New Delhi",4.3,549,4.3,2090,https://www.zomato.com/ncr/fabcafe-by-fabindia-vasant-kunj-new-delhi,"Shop 10, Local Shopping Centre, Nelson Mandela Marg, Vasant Kunj, New Delhi",9.11146E+11,28.53375,77.152694,"Kokum Drink, Masala Chai, Chicken Momo, Grilled Fish, Smoothie, Chaat","Elegant Decor, Play Area, Healthy Food Options, Vegan, Cordial Staff, Courteous Service"
Fingerlickerz Bombaywala,"North Indian, South Indian, Fast Food, Street Food",400," Sector 11, Dwarka, New Delhi",4.3,819,4.0,8224,https://www.zomato.com/ncr/fingerlickerz-bombaywala-sector-11-dwarka-new-delhi,"G-5, Plot 8, Ground Floor, Vikas Surya Arcade, Sector 11, Dwarka, New Delhi",9.19655E+11,28.59541227,77.04938393,"Pav Bhajis, Tawa Pulao, Pavbhaji, Amritsari Thali, Dabeli, Vada Paav","Plenty of Vegetarian Options, Outside Seating, Cordial Staff, Casual Seating Area, Drive through, Nice Crowd"
Art of Spices,"North Indian, Rolls",450," Karol Bagh, New Delhi",4.3,1454,4.0,11900,https://www.zomato.com/ncr/art-of-spices-karol-bagh-new-delhi,"B-1/3, Behind City Hospital, Pusa Road, Karol Bagh, New Delhi",9.19811E+11,28.64350523,77.19054323,"Mutton Egg Roll, Double Egg Double Chicken Roll, Chicken Tenders, Kathi Rolls, Veg Rolls, Soya Chaap Roll","Art, Serving Time, Economical, Street Food, Friendly Place, Tandoori"
Binge,"Bakery, Cafe, Desserts, Fast Food",600," Qutab Plaza, DLF Phase 1, Gurgaon",4.3,1359,4.2,4666,https://www.zomato.com/ncr/binge-dlf-phase-1,"C-4, Qutub Plaza, DLF Phase 1, Gurgaon",9.19205E+11,28.47098489,77.10208699,"Chilli Chicken Croissant, Almond Biscotti, Chocolate Croissant, Quiche, Chocolate Truffle Pastry, Carrot Cake","Design, Excellent Taste, Interior, Courteous Staff, Great Taste, Reasonable Price"
Mr. Brown,"Bakery, Desserts, Fast Food",500," Kaushambi, Ghaziabad",4.3,882,4.3,2113,https://www.zomato.com/ncr/mr-brown-kaushambi-ghaziabad,"Ground Floor, Under Kaushambi Metro Station, Kaushambi, Ghaziabad",9.18131E+11,28.64540368,77.3243992,"Baklava, Chocolate Pudding, Pastries, Cakes, Chocolate Truffle, Red Velvet","Excellent Variety, Coffee Date, Parking, Nice Ambience, Good Ambience, Location"
Delicate Delights,"Cafe, Fast Food, Desserts, Beverages",600," Sector 16, Faridabad",4.3,537,4.2,476,https://www.zomato.com/ncr/delicate-delights-sector-16-faridabad,"SCO 15, Sector 16, Faridabad",9.17042E+11,28.40896609,77.31935631,"Frozen Hot Chocolate, Fried Cheese, Tandoori Paneer Sandwich, Red Velvet, Peri Peri Fries, Wraps","Couple Friendly, Affordable Food, Cosy Place, Packed on Weekends, Cafe, Nice Ambience"
Momo Hut,"Momos, Chinese, Tibetan, Thai",500," Gaur City 1, Greater Noida",4.3,581,3.8,15200,https://www.zomato.com/ncr/momo-hut-gaur-city-1-greater-noida,"Shop 225, 2nd Floor, City Plaza, Gaur City 1, Greater Noida",9.19959E+11,28.615007,77.4277,,
SugarLicious,"Bakery, Desserts, Beverages, Fast Food",400," Rodeo Drive, Sector 49, Gurgaon, Gurgaon",4.3,504,4.2,7562,https://www.zomato.com/ncr/sugarlicious-sector-49,"Shop DG 29 - 30, Rodeo Drive, Arcadia 2, Sector 49, Delhi NCR, Delhi NCR",9.18368E+11,28.41982848,77.0516048,"Chiffon Cake, Chocolate Marble Cake, Photo Cake, Fresh Cake, Choco Truffle, Blueberry Cheesecake","Birthday Celebration, Cozy, Great Recommendations, Great Ambiance, Customer Service, Owner"
Fur Ball Story,"Cafe, Fast Food, Beverages",500," Golf Course Road, Gurgaon",4.3,403,3.2,44,https://www.zomato.com/ncr/fur-ball-story-golf-course-road,"31, Saraswati Kunj 2, Suncity, Golf Course Road, Gurgaon",9.19582E+11,28.43870053,77.1048956,,
Burger Monk,"Burger, Fast Food, Beverages",500," Baani Square, Sector 50, Gurgaon",4.3,793,3.9,3656,https://www.zomato.com/ncr/burger-monk-sector-50,"G 103, Baani Square, Sector 50, Gurgaon",9.11245E+11,28.4256806,77.05676973,,
R.E.D - Radisson Blu,"North Indian, Chinese, Italian, Asian, Thai, Japanese, Fast Food, Desserts",2000," Radisson Blu, Sector 18, Noida, Noida",4.3,557,,1,https://www.zomato.com/ncr/r-e-d-radisson-blu-sector-18-noida,"Radisson Blu, L-2, Sector 18, Noida",9.199E+11,28.568552,77.32266314,,
Chaayos - Meri Wali Chai,"Street Food, Fast Food, Beverages, Desserts",500," Connaught Place, New Delhi",4.3,597,4.1,1697,https://www.zomato.com/ncr/chaayos-meri-wali-chai-1-connaught-place-new-delhi,"M-66, Plot 3, 1st Floor, M Block, Connaught Place, New Delhi",18001202424,28.63148494,77.22224157,"Hot Ginger Tea, Chana Samosa, Chaai, Modinagar Shikanji, Banana Walnut Cake, Bhel Puri","Reasonable Rate, New Menu, Fancy Crowd, Cleanliness, Decoration, Interior"
Lub Lub Lebanese,"Lebanese, Fast Food, Beverages",550," Baani Square, Sector 50, Gurgaon",4.3,827,4.0,14400,https://www.zomato.com/ncr/lub-lub-lebanese-sector-50,"Shop G-24, Ground Floor, Baani Square, Mayfield Garden, Sector 50, Gurgaon",9.19812E+11,28.42550221,77.05752511,,
Sandburg Shakes,"Burger, Sandwich, Continental, Fast Food, Beverages",750," Baani Square, Sector 50, Gurgaon",4.3,832,4.1,13500,https://www.zomato.com/ncr/sandburg-shakes-sector-50,"G-28, Baani Square, Sector 50, Gurgaon",9.11244E+11,28.42543616,77.0575593,"Betel Blast, Breadwiches, Choco Hazelnut, Croissant, Potato Wedges, Bacon","Cosy Place, Great Quality, Owner, Best Places, Meals, Amazing Taste"
London Grill Co.,"Burger, Wraps, Sandwich, Healthy Food, Fast Food, Continental, Beverages, American",500," Paschim Vihar, New Delhi",4.3,930,4.0,8934,https://www.zomato.com/ncr/london-grill-co-paschim-vihar-new-delhi,"36, Ground Floor, DDA Gol Market, Rohtak Road, Block A4, Paschim Vihar, New Delhi",9.11146E+11,28.67685434,77.11139493,"Pink Mojito, Herb Chilli Burger, Snacker Burger, Frappe, Wraps, Tacos","Nice Crowd, Low Price, Great Recommendations, Owner, Amazing Taste, Concept"
Zauk,"Mughlai, North Indian, Kebab, Rolls, Biryani",400," Ansal Plaza Mall, Knowledge Park, Greater Noida",4.3,1082,4.0,22700,https://www.zomato.com/ncr/zauk-knowledge-park,"AF-28, Ansal Plaza Mall, Pari Chowk, Knowledge Park, Noida",9.19811E+11,28.46395836,77.50738822,"Murg Irani, Chicken Tikka Biryani, Authentic Mughlai Food, Tandoori Butter Roti, Shahi Tukda, Soya Tikka","Themed Decor, Comfortable Seating Area, Food Delivery, Best Restaurant, Good Packaging, Authentic Taste"
Burgrill - Grilling Burgers For India,"Healthy Food, Fast Food, Burger, Beverages",500," Greater Kailash 2 (GK2), New Delhi",4.3,522,4.3,5552,https://www.zomato.com/ncr/burgrill-grilling-burgers-for-india-greater-kailash-gk-2-new-delhi,"Shop 1, E-578, Savitri Cinema Road, Greater Kailash 2 (GK 2), New Delhi",9.11143E+11,28.54042015,77.24018421,"Chicken Quarter Pounder Burger, Iced Lemon Tea, Mexican Fries, Peri Fries, Cheese Fries, Rice Bowl","Cute Little Place, Nice Crowd, Great Recommendations, Low Price, Polite Staff, Friendly Staff"
L'Opéra Salon de Thé,"Cafe, Bakery, Desserts, Fast Food, French, Coffee, Tea",1700," Epicuria Food Mall, Nehru Place, New Delhi",4.3,347,4.2,1140,https://www.zomato.com/ncr/lopéra-salon-de-thé-1-nehru-place-new-delhi,"S 5, Epicuria Mall, Nehru Place Metro Station, Nehru Place, New Delhi",9.196E+11,28.55126844,77.25198258,"Royal Chocolate, Raspberry Mousse, Baguette, Macaroon, Croissant, Blueberry Cheesecake","Pretty Decor, Outdoor, Chef, Perfect Place, Ambiance, Presentation"
Wat-A-Burger - India Ka Burger,"Burger, Fast Food, Beverages",300," Sector 18, Noida",4.3,1276,4.0,16600,https://www.zomato.com/ncr/wat-a-burger-india-ka-burger-sector-18-noida,"G-28, Savitri Market, Sector 18, Noida",9.19311E+11,28.56992709,77.32647456,"Mud Pie Shake, Crispy Potato Wedges, Paneer Maharaja, Corn Cheese Nuggets, Coleslaw Sandwich, Bbq Chicken Sandwich","Free Wifi, Pocket Friendly Prices, Cheap Prices, Elegantly Decorated, Comfortable Seating, Good Crowd"
Pizzeria By Crepe-fe,"Desserts, Fast Food, American, Beverages, Pizza, Ice Cream",700," Baani Square, Sector 50, Gurgaon",4.3,436,4.3,3824,https://www.zomato.com/ncr/pizzeria-by-crepe-fe-ardee-city,"Plot 102, D Block, Sector 52, Ardee City, Gurgaon",9.18468E+11,28.4377836,77.0723426,"Nutella Croissant, Nutella Crepe, Bagels, Gelato, Crepes, Choco Fudge","Decor, Concept, Courteous Staff, Amazing Food, Amazing Place, Packing"
Pita Pit,"Healthy Food, Fast Food, Salad, Beverages",500," Cyber Hub, DLF Cyber City, Gurgaon",4.3,1073,4.0,6565,https://www.zomato.com/ncr/pita-pit-dlf-cyber-city,"K3-B, Ground Floor, Cyber Hub, Near DLF Cyber City, Gurgaon",9.1931E+11,28.49474579,77.08855089,"Chocolate Chunk Cookie, Pita Sandwich, Chicken Caesar, Chicken Ham, Wraps, Hummus","Quick Service Restaurant, Healthy Options, Not very Crowded, Healthy Food, Economical, Fresh"
Milestone,"North Indian, Mughlai, Biryani, Rolls, Momos",600," Sector 25, Noida",4.3,781,3.9,7236,https://www.zomato.com/milestone,"Sector 25, Noida",9.19811E+11,28.5861442,77.34103527,"Palak Gravy, Soya Chaap Biryani, Chicken Seekh, Panneer Butter Masala, Achari Chaap, Tandoori Chaap","Freshly Prepared, Bookshelf, Intimate Seating, Tasty Stuff, Delivery on Time, Many Choices"
Bakerz Lodge,"Bakery, Desserts, Fast Food",500," Punjabi Bagh, New Delhi",4.3,341,4.3,2330,https://www.zomato.com/ncr/bakerz-lodge-punjabi-bagh-new-delhi,"19, NWA, Club Road, Punjabi Bagh, New Delhi",9.17838E+11,28.66669975,77.12194137,"Choco Truffle, Pastries, Cakes, Desserts, Brownie, Cheesecake","Sitting Area, Theme, Good Quality Food, Decor, Owner, Courteous Staff"
Gabbars,"Mughlai, North Indian, Fast Food",350," Vasant Kunj, New Delhi",4.3,382,4.0,3589,https://www.zomato.com/ncr/gabbars-vasant-kunj-new-delhi,"Shop 8, Sector C, PKT 9, LSC Market, Vasant Kunj, New Delhi",9.18369E+11,28.538499,77.142514,"Bhatti Murg, Bhatti Chicken, Tandoori Mushrooms, Soya Chaap Masala, Panneer Butter Masala, Mutton Rogan Josh","Good Packaging, Good Quantity, Excellent Food, Great Taste, Tasty Food, Perfect Place"
Breath Fine Lounge And Bar,"Fast Food, Chinese, Continental, North Indian, Bar Food, Desserts",2000," Punjabi Bagh, New Delhi",4.2,567,,0,https://www.zomato.com/ncr/breath-fine-lounge-and-bar-1-punjabi-bagh-new-delhi,"3C, 3rd Floor, Nwa, Club Road, Punjabi Bagh, New Delhi",9.2E+11,28.66623465,77.12653935,,
Firangi Island,"North Indian, Chinese, Continental, Italian, Momos, Beverages, Mughlai",1400," Kirti Nagar, New Delhi",4.2,540,3.8,406,https://www.zomato.com/ncr/firangi-island-kirti-nagar-new-delhi,"62, Ground Floor, Rama Road, Kirti Nagar, New Delhi",9.18588E+11,28.65740488,77.15205442,,
The Marketplace,"North Indian, Street Food, Fast Food, Chinese, Desserts, Beverages",1300," Kirti Nagar, New Delhi",4.2,1560,,1,https://www.zomato.com/ncr/the-marketplace-kirti-nagar-new-delhi,"A 7/8, Kailash Park, Near Metro Pillar 326, Kirti Nagar, New Delhi",9.1932E+11,28.65638736,77.14031752,,
Summer House Cafe,"Finger Food, Continental, Chinese, Fast Food, Beverages",1900," Hauz Khas, New Delhi",4.2,4765,,0,https://www.zomato.com/ncr/summer-house-cafe-hauz-khas-new-delhi,"1st Floor, DDA Shopping Complex, Aurobindo Place, Hauz Khas, New Delhi",9.1981E+11,28.55240728,77.20378865,Sundays are the best days to dance! Why? Because it's Salsa Sundays tonight at #summerhousecafe! Get groovin!,
Amrik Sukhdev,"North Indian, Chinese, South Indian, Street Food",400," Murthal, New Delhi",4.2,1994,,0,https://www.zomato.com/ncr/amrik-sukhdev-murthal-new-delhi,"52, 250 KM Stone, G.T Road, Murthal, Haryana",9.18608E+11,29.058679,77.063726,"Aloo Stuffed Paratha, Salted Lassi, Paneer Samosa, Imarti, Aloo Pyaz Parantha, Tandoori Paratha","Themed Decor, Good for Large Groups, Table Service, Good Quality Good Service, Loved it, Parking Space"
Imperfecto Ruin Pub,"Finger Food, Fast Food, North Indian, Asian, Italian, Beverages",2500," Logix City Centre, Sector 32, Noida, Noida",4.2,2585,,1,https://www.zomato.com/ncr/imperfecto-ruin-pub-sector-34-noida,"Logix City Center Mall, Sector 32, Near Sector 34, Noida",9.19999E+11,28.574391,77.354226,,
Rose Cafe,"Coffee, Cafe, Continental, Mediterranean, Fast Food, Italian, Desserts, Beverages",1400," Lado Sarai, New Delhi",4.2,3318,3.9,46,https://www.zomato.com/ncr/rose-cafe-lado-sarai-new-delhi,"264, Ground Floor, Westend Marg, Saidullajab, Lado Sarai, New Delhi",9.1981E+11,28.517999,77.198256,"Skinny Pizza, Eggless Dessert, Chicken Tarts, Belgium Chocolate Ice Cream, Herbed Chicken, Waffle Sundae","Chic Decor, Chic Ambience, Nice Outdoor Seating, Vintage Decor, Lovely Decor, Pretty Cafe"
Om Sweets & Snacks,"North Indian, South Indian, Fast Food, Mithai, Bakery, Chinese, Street Food, Beverages",400," Jail Road, New Delhi",4.2,2159,4.2,66500,https://www.zomato.com/ncr/om-sweets-snacks-jail-road-new-delhi,"GL-23, Hari Nagar, Jail Road, New Delhi",9.11146E+11,28.62780286,77.10032947,"Tomato Cheese Sandwich, Amritsari Koolcha, Crispy Jalebi, Malai Ghewar, Imarti, Chana Bhatura","Chirpy Crowd, Drive through, Not very Crowded, Cozy Ambiance, Inexpensive, Family Restaurant"
Raasta,"Italian, Fast Food, Pizza, Chinese, North Indian, Desserts",2500," Green Park, New Delhi",4.2,3483,3.8,31,https://www.zomato.com/ncr/raasta-1-green-park-new-delhi,"A-2/A, Floor 2, Aurobindo Marg, Green Park, New Delhi",9.11149E+11,28.55614883,77.20599342,,
Mama's Buoi,"North Indian, Continental, Italian, Chinese, Fast Food, Beverages",1000," Hudson Lane, New Delhi",4.2,2927,,0,https://www.zomato.com/ncr/mamas-buoi-delhi-university-gtb-nagar,"2624, 1st Floor, 2nd Floor & 3rd Floor, Hudson Lane, Kingsway Camp, Delhi University-GTB Nagar, New Delhi",9.17065E+11,28.69302376,77.20535237,"Peri Peri Fish Tikka, Signature Pizza, Mozzarella Cheese Sticks, Death by Chocolate, Sizzling Brownie, Succulent Chicken","Chic Decor, Rooftop Seating, Rooftop Cafe, Live Singing, Roof Top, Sheesha"
Social Street Cafe,"Chinese, Fast Food, Pasta, Pizza, Burger, Desserts, Beverages",700," Champa Gali, Saket, New Delhi",4.2,853,3.6,196,https://www.zomato.com/ncr/social-street-cafe-saket-new-delhi,"Khasra 258, Champa Gali, Lane 3, Westend Marg, Saidulajab, Saket, New Delhi",9.18701E+11,28.51758132,77.19952293,,
Café High 5,"Bar Food, North Indian, Chinese, Fast Food, Beverages",1600," Connaught Place, New Delhi",4.2,349,,4,https://www.zomato.com/ncr/café-high-5-connaught-place-new-delhi,"G 68, 1st Floor, Outer Circle, Connaught Place, New Delhi",9.18851E+11,28.63219533,77.21642654,,
The Good Food Cafe,"Cafe, Healthy Food, Chinese, Fast Food, Continental, Italian, Desserts, Beverages",650," Pitampura, New Delhi",4.2,793,3.9,5708,https://www.zomato.com/ncr/the-good-food-cafe-pitampura-new-delhi,"UG-1, Upper Ground, Vardhman Big V Plaza, Road 44, Pitampura, New Delhi",9.1999E+11,28.688305,77.135034,,
Cremeborne,"Ice Cream, Desserts, Fast Food",500," Connaught Place, New Delhi",4.2,1446,3.8,1233,https://www.zomato.com/ncr/cremeborne-2-connaught-place-new-delhi,"57, Municipal Market, Connaught Circle, Connaught Place, New Delhi",9.1954E+11,28.6351045,77.22182348,,
Taco Bell,"Mexican, Fast Food, Wraps, Beverages",600," Epicuria Food Mall, Nehru Place, New Delhi",4.2,1267,3.9,20500,https://www.zomato.com/ncr/taco-bell-nehru-place-new-delhi,"Epicuria Food Mall, Nehru Place, New Delhi",9.18449E+11,28.55139567,77.25190412,,
CAD Tech Bar,"Finger Food, North Indian, Chinese, Fast Food",2500,"  32nd Avenue, NH8, Gurgaon, Gurgaon",4.2,1070,,2,https://www.zomato.com/ncr/cad-tech-bar-sector-15,"32nd Avenue, NH 8, Part 2, Sector 15, Gurgoan",9.18882E+11,28.46201478,77.04941411,A tech savvy restaurant offering a unique dining experience with screens on tables giving it a futuristic feel,
The Blue Parrot Cafe,"North Indian, Fast Food, Pasta, Italian, Pizza, Beverages, Coffee",1200," Kalkaji, New Delhi",4.2,329,3.8,228,https://www.zomato.com/ncr/the-blue-parrot-cafe-kalkaji-new-delhi,"CC 26, 1st Floor, The Orion Plaza, Nehru Enclave, Kalkaji, New Delhi",9.199E+11,28.54715886,77.25381318,,
The Ladakhi Kitchen,"Tibetan, Momos, Chinese",750," Supermart 1, DLF Phase 4, Gurgaon",4.2,863,4.0,4193,https://www.zomato.com/ncr/the-ladakhi-kitchen-dlf-phase-4,"A 218, Supermarket 1, DLF Phase 4, Gurgaon",9.19213E+11,28.46252204,77.0871729,"Spicy Momo, Pork Shapta, Authentic Tibetan Food, Tingmo, Pork Momo, Wheat Momo","Rooftop Ambience, Cozy, Cosy Place, Packed on Weekends, Family Place, Authentic Food"
Café Pluck - Pullman New Delhi Aerocity,"Cafe, Italian, Street Food, North Indian, Desserts",3000," Pullman New Delhi Aerocity, Aerocity, New Delhi",4.2,400,3.1,44,https://www.zomato.com/ncr/café-pluck-pullman-new-delhi-aerocity-aerocity-new-delhi,"Asset 2, Hospitality District, Aerocity, New Delhi",9.19872E+11,28.553577,77.123161,,
Lanterns Kitchen & Bar,"Fast Food, North Indian, Mughlai",1200," Rajendra Place, New Delhi",4.2,2142,3.8,16,https://www.zomato.com/ncr/lanterns-kitchen-bar-rajendra-place-new-delhi,"163-164, Rajendra Bhawan, Near Rachna Picture Hall, Rajendra Place, New Delhi",9.19015E+11,28.64313654,77.17790969,,
Gravity Spacebar,"Continental, North Indian, Chinese, Momos",1700," Sector 29, Gurgaon",4.2,1495,,1,https://www.zomato.com/ncr/gravity-spacebar-sector-29,"Plot 6 & 7, Sector 29, Gurgaon",9.19812E+11,28.46835235,77.06388731,,
Kali Ghata,"North Indian, South Indian, Chinese, Fast Food, Mithai",500," Uttam Nagar, New Delhi",4.2,807,4.1,3460,https://www.zomato.com/ncr/kali-ghata-uttam-nagar-new-delhi,"Arya Samaj Road, Uttam Nagar, New Delhi",9.18881E+11,28.61979437,77.06054326,"Dahi Samosa, Kaju Katli, Gajar Halwa, Rajkachori, Golgappe, Lassi","Good for Small Groups, Very Clean Place, Spacious Seating Area, Unique Menu, Good Options, Packed on Weekends"
Haldiram's,"North Indian, South Indian, Fast Food, Mithai, Street Food, Bakery, Chinese",600," Lajpat Nagar 3, New Delhi",4.2,1365,4.1,8265,https://www.zomato.com/ncr/haldirams-lajpat-nagar-3-new-delhi,"45, Ring Road, Lajpat Nagar 3, New Delhi",9.11145E+11,28.56532973,77.23821882,"Pista Barfi, Paneer Cutlets, Kesar Kulfi Faluda, Delhi Chaat, Raj Kachori, Matar Kulcha","Drive through, Economical, Self Service, Casual Seating Area, Serving Staff, Clean Place"
Fateh Chand Kachori,Street Food,100," Civil Lines, New Delhi",4.2,289,4.3,3117,https://www.zomato.com/ncr/fateh-chand-kachori-civil-lines-new-delhi,"Opposite St. Xavier School, Civil Lines, New Delhi",9.1886E+11,28.6727017,77.2224822,"Customizations Available, Elegantly Decorated, Drive through, Economical, Not very Crowded, Pocket Friendly",
The Tummy Section,"Fast Food, Chinese",350," Jail Road, New Delhi",4.2,1765,4.1,15800,https://www.zomato.com/ncr/the-tummy-section-jail-road-new-delhi,"WZ-303, Plot GL-15, Hari Nagar, Jail Road, New Delhi",9.19871E+11,28.62928018,77.09973972,"Garlic Sauce Momo, Creamy Chicken Lollipops, Chicken Shawarama, Crispy Momos, Shawarma Rolls, Gravy Momo","Not very Crowded, Best Outlets, Inexpensive, Pocket Friendly, Seating Arrangements, Great Recommendations"
Big Boyz Lounge Air Bar,"Bar Food, North Indian, Chinese, Fast Food, Desserts, Beverages",1800," Sector 29, Gurgaon",4.2,1310,,0,https://www.zomato.com/ncr/big-boyz-lounge-air-bar-sector-29,"4th & 5th Floor, Plot 13, 14, 15, Sector 29, Gurgaon",9.19712E+11,28.47008125,77.06294283,"Tandoori Chicken Tikka, Paneer Tikka Pizza, Sangria, Cocktail, Tawa Chicken, Peri Peri Fries","Music and Ambience, No Cover Charge, Awesome Dj, Dance Floor, Authentic, Affordable"
Rewari Sweets,"Mithai, Street Food",150," Sadar Bazar, Gurgaon",4.2,566,,0,https://www.zomato.com/ncr/rewari-sweets-sadar-bazar,"Near Post Office, Sadar Bazar, Gurgaon",9.199E+11,28.46198943,77.03055784,"Chatpata Chaats, Paneer Jalebi, Thali Options, Gujiya, Rasmalai, Lassi","Huge Vegetarian Menu, Parking Space Available, Comfortable Chairs, Hygienic Place, Family Crowd, Best Place"
The Smoke Factory,"North Indian, Fast Food, Chinese, Beverages, Kebab, Mughlai",1500," Gardens Galleria, Sector 38 Noida, Noida",4.2,1104,,1,https://www.zomato.com/ncr/the-smoke-factory-sector-38-noida,"Gardens Galleria Mall, Sector 38, Noida",9.18448E+11,28.56489687,77.32191447,,
Gulab,"Mithai, North Indian, South Indian, Street Food, Fast Food, Chinese",600," Pitampura, New Delhi",4.2,1547,4.1,46300,https://www.zomato.com/ncr/gulab-pitampura-new-delhi,"5, Main Road, Pitampura, New Delhi",9.17983E+11,28.69984709,77.13724673,Easy On The Pocket Indian Sweets Along With A Good Variety Of Street Food,
"Cafe Dakia-Pizza,Pasta & More","Cafe, Fast Food, Panini, Pasta, Pizza, Italian, Beverages",600," Sushant Lok, Gurgaon",4.2,202,4.0,907,https://www.zomato.com/ncr/cafe-dakia-pizzapasta-more-sushant-lok,"ROF Portico 1, Vyapar Kendra Road, Sushant Lok, Gurgaon",9.18882E+11,28.4529348,77.0824381,"Baked Macaroni, Peri Peri Paneer, Brown Rice, Paneer Tikka Pizza, Cheesecake, Burger","Impressive Decor, Quiet Place, Best Prices, Yummy Dishes, Fastest Delivery, Great Atmosphere"
NutrioBox,"Continental, Fast Food, Healthy Food, Desserts, Beverages",600," Prashant Vihar, New Delhi",4.2,659,4.1,7918,https://www.zomato.com/ncr/nutriobox-prashant-vihar-new-delhi,"23, Fun City Mall, PVR Prashant Vihar Road, Sector 14, Prashant Vihar, New Delhi",9.19556E+11,28.71229003,77.13594418,"Exotic Fruit Bowl, Stuffed Chicken Breast, Meal Box, Carrot Cake, Bbq Chicken, Omelette","Quantity and Quality of Food, Healthy Options, Casual Seating Area, Economical, Healthy Food, More Variety"
RP's Restaurant,"Mughlai, North Indian, South Indian, Fast Food, Chinese, Rolls",700," Malviya Nagar, New Delhi",4.2,1688,3.9,35600,https://www.zomato.com/ncr/rps-restaurant-malviya-nagar-new-delhi,"50-D, Savitri Nagar, Main Road, Malviya Nagar, New Delhi",9.19655E+11,28.54053649,77.21836712,"Kashmiri Aloo, Soyabean Chaap, Hariyali Chicken, Ginger Chicken, Vegetable Uttapam, Deluxe Veg Thali","Gastronomical Experience, Themed Decor, Fastest Delivery, Good Menu, Family Restaurant, Packed on Weekends"
Momo's Point,"Chinese, Fast Food",500," Kamla Nagar, New Delhi",4.2,1669,4.1,4655,https://www.zomato.com/ncr/momos-point-kamla-nagar-new-delhi,"27 UB, Jawahar Nagar, Kamla Nagar, New Delhi",9.11124E+11,28.680635,77.20710017,"Veg Masala Momos, Crispy Honey Potatoes, Juicy Chicken Drumsticks, Thai Noodles, Chicken Meal, Chicken Fried Momos","Elegantly Decorated, Bang for the Buck, Casual Seating Area, Not very Crowded, Servings, Great Recommendations"
The Whisky Bar & Brewpub,"North Indian, Fast Food, Italian",2000," Sector 29, Gurgaon",4.2,479,,7,https://www.zomato.com/ncr/the-whisky-bar-brewpub-sector-29,"SCO 53, 3rd Floor, Sector 29, Gurgaon",9.19999E+11,28.46814427,77.06402175,,
Smelling Salts,"North Indian, Chinese, Fast Food, Mughlai, Beverages",1200," Ashok Vihar Phase 2, New Delhi",4.2,499,4.2,236,https://www.zomato.com/ncr/smelling-salts-ashok-vihar-phase-2-new-delhi,"C-2/13, Ashok Vihar Phase 2, New Delhi",9.11148E+11,28.69535835,77.17155587,,
Zaika-E-Dilli,"North Indian, Chinese, South Indian, Fast Food",400," Shahdara, New Delhi",4.2,1656,3.8,43500,https://www.zomato.com/ncr/zaika-e-dilli-shahdara-new-delhi,"C-9/17, Yamuna Vihar, Shahdara, New Delhi",9.19557E+11,28.70018117,77.27200024,"Stuffed Chaap, Paneer Tika, Mushroom Masala, Malai Chaap Roll, Paneer Naan, Deluxe Thali","Comfortable Seating Area, Relaxed Atmosphere, Themed Decor, Quality of Food, Family Place, Packed on Weekends"
Momo King,"Momos, Chinese, Tibetan, Fast Food, Malaysian, Nepalese, Thai",400," Sushant Lok, Gurgaon",4.2,423,3.9,7776,https://www.zomato.com/ncr/momo-king-sushant-lok,"Shop 29, Bestech Chambers, Block B, Sushant Lok, Gurgaon",9.11244E+11,28.46140935,77.07835313,,
Abdul Ghani Qureshi Kabab Corner,"Kebab, North Indian, Biryani, Fast Food",100," Jama Masjid, New Delhi",4.2,341,4.1,828,https://www.zomato.com/ncr/abdul-ghani-qureshi-kabab-corner-jama-masjid-new-delhi,"Urdu Bazar, Opposite Gate 1, Jama Masjid, New Delhi",9.19717E+11,28.64978717,77.23491199,"Unlimited Refills, Office Crowd, Elegantly Decorated, Waiting Time, Inexpensive, Good Portions",
Jughead's Fast Food Corner,"Chinese, Fast Food, North Indian",500," Uday Park, New Delhi",4.2,857,4.1,5339,https://www.zomato.com/ncr/jugheads-fast-food-corner-uday-park-new-delhi,"1 And 3, Main Market, Uday Park, New Delhi",9.1991E+11,28.5604854,77.2179746,"Butter Chicken Pizza, Honey Chilli Potatoes, Chilli Paneer, Pizzas, Burgers, Shahi Paneer","Pocket Friendly, Inexpensive, Great Recommendations, Fast Delivery, Polite Staff, Portions"
The Artful Baker,"Bakery, Desserts, Beverages, Fast Food",500," Khan Market, New Delhi",4.2,398,4.3,391,https://www.zomato.com/ncr/the-artful-baker-khan-market-new-delhi,"Shop 13 B, Khan Market, New Delhi",9.11144E+11,28.59969423,77.22668163,"Cheese Croissant, Chocolate Muffin, Macaroons, Latte, Hot Chocolate, Pastries","Pretty Decor, Seat, Courteous Staff, Chef, Amazing Place, Owner"
Kaffiiaa - The Italian Kitchen,"Bakery, Italian, Pizza, Momos, Continental, Fast Food, Desserts, Beverages",1000," Sector 18, Noida",4.2,381,3.7,921,https://www.zomato.com/kaffiiaacafe,"G 50, Sixth Floor, Near Malabar Jewellers, Sector 18, Noida",9.1801E+11,28.56981932,77.32445687,"Moroccan Pizza, Arabic Platter, Classic Margherita Pizza, Peri Peri Pizza, Lasagna, Chicken Pizza","Romantic Seating, Reasonable Rate, Best Services, Great Packaging, Parking, Affordable Prices"
Bhaja Govindam,"North Indian, South Indian, Fast Food",500," Asaf Ali Road, New Delhi",4.2,420,4.3,554,https://www.zomato.com/ncr/bhaja-govindam-asaf-ali-road-new-delhi,"4/1, Ground Floor, Delite Theatre Building, Asaf Ali Road, New Delhi",9.19644E+11,28.6412582,77.2360077,"Kaju Korma, Mysore Masala Dosa, Tomato Soup, Special Thali, Sambhar, Chutneys","Cozy Ambiance, Cute Little Place, Family Restaurant, Polite Staff, Prompt Service, Interior"
Cafe Grub Up,"Cafe, Fast Food, Chinese, Seafood, Desserts, Beverages",1000," Sector 15, Faridabad",4.2,611,4.0,571,https://www.zomato.com/ncr/cafe-grub-up-sector-15-faridabad,"SCF 43, 2nd Floor, Main Market, Sector 15, Faridabad",9.18589E+11,28.395237,77.32353486,,
Bottles And Barrels,"North Indian, Asian, Italian, Momos",1900," Sector 30, Gurgaon",4.2,668,3.5,33,https://www.zomato.com/ncr/bottles-and-barrels-sector-30,"2nd Floor, Star Tower, Exit 8, NH 8, Sector 30, Gurgaon",011 66103925,28.46067188,77.05218282,,
Prem Di Hatti,"North Indian, Street Food",200," Rajouri Garden, New Delhi",4.2,1004,4.1,18600,https://www.zomato.com/ncr/prem-di-hatti-rajouri-garden-new-delhi,"J-1/162, Opposite City Square Mall, Rajouri Garden, New Delhi",9.19312E+11,28.64820275,77.12135162,"Chur Chur Naan Thali, Chola Bhatura, Lassi, Rajma Chawal, Rajma Rice, Soya Chaap","Very Cheap, Great Seating Capacity, Desi Vibes, Pocket Friendly, Parking Space, Breakfast"
Depot48,"North Indian, Street Food, Modern Indian, Bengali, Desserts, Beverages",1800," M Block Market, Greater Kailash 2 (GK2), New Delhi",4.2,358,4.3,132,https://www.zomato.com/ncr/depot48-greater-kailash-gk-2-new-delhi,"M 9, First -Second Floor, M Block Market, Greater Kailash 2 (GK 2), New Delhi",9.19717E+11,28.53417822,77.24307463,"Guacamole, Quesadilla, Waffles, Tacos, Salsa, Cocktails",
Downtown Kitchen & Bar - Courtyard by Marriott,"North Indian, Fast Food, Continental, Italian, Desserts, Beverages",3500," Courtyard by Marriott, Sushant Lok, Gurgaon",4.2,535,3.8,77,https://www.zomato.com/ncr/downtown-kitchen-bar-courtyard-by-marriott-sushant-lok,"Plot 27 B, Sushant Lok 1, Near Sushant Lok, Gurgaon",9.11245E+11,28.46040512,77.08033696,,
Cake Castle,"Bakery, Desserts, Fast Food",500," Sector 83, Gurgaon",4.2,314,4.3,934,https://www.zomato.com/ncr/cake-castle-sector-83,"A 24, Vatika Town Square, Sector 82 A, Near Sector 83, Gurgaon",9.11245E+11,28.38914547,76.96840201,"Coffee and Doughnuts, Melted Chocolate, Birthday Cakes, Wonderful Cake, Yummy Cake, Pancakes","Goodie Baskets, Good for Dessert, Coffee Date, Pretty Decor, Packed on Weekends, Food Presentation"
Punjabi Zaika,"North Indian, Chinese, Mughlai, Biryani, Rolls",400," Ballabhgarh, Faridabad",4.2,432,3.8,6708,https://www.zomato.com/ncr/punjabi-zaika-1-ballabhgarh-faridabad,"Plot 1, Tigaon Road, Ballabhgarh, Faridabad",9.19599E+11,28.34026216,77.32224237,"Paneer Malai Kofta, Hari Mirch Parantha, Spicy Chicken, Afghani Chaap, Tandoori Chaap, Chicken Rara","Great Recommendations, Takeaway, Spill Proof Packaging, Polite Staff, Hygiene, Wonderful Presentation"
Los Amigo's Cafe,"Coffee, Healthy Food, Desserts, Fast Food, Beverages, Chinese, American, Italian",600," Sector 31, Gurgaon",4.2,195,4.1,503,https://www.zomato.com/ncr/los-amigos-cafe-sector-31,"Shop 57, Ground & Basement, Huda Market, Sector 31, Gurgaon",9.18882E+11,28.45401342,77.05143213,"Peri Peri Pizza, Paneer Tikka Pizza, Grilled Fish, Peri Fries, Hot Chocolate, Waffles","Variety of Pizza, Customizable Dishes, Outdoor Seating, Weekend Brunch, Seating Area, Good Music"
Food Peddler,"Fast Food, Desserts, Beverages",300," Anand Vihar, New Delhi",4.2,260,4.3,190,https://www.zomato.com/ncr/food-peddler-anand-vihar-new-delhi,"G 7, Gupta Arcade, Shreshtha Vihar, Near DAV Public School, Anand Vihar, New Delhi",9.19999E+11,28.65756743,77.31711365,"Peri Fries, Hot Chocolate, White Sauce Pasta, Pasta, Burgers","Casual Seating Area, Office Crowd, Lip Smacking Food, Cozy Ambiance, Behavior, Good Crowd"
Tasim,"Asian, Thai, Japanese, Seafood, Sushi, Chinese, Momos",900," Rajouri Garden, New Delhi",4.2,649,3.8,1077,https://www.zomato.com/ncr/tasim-rajouri-garden-new-delhi,"J 13/47, Rajouri Garden, New Delhi",9.19964E+11,28.64012578,77.11888533,,
Ka Eclairs & Kafe,"Cafe, Bakery, Burger, Italian, Pizza, Salad, Fast Food, Beverages",950," Sector 18, Noida",4.2,1054,3.9,1000,https://www.zomato.com/ka-eclairs-kafe,"G-50, Ground Floor, Sector 18, Noida",9.11204E+11,28.56959054,77.32419033,"Tiramisu Pastry, Eclairs, Black Forest Pastry, Truffle Pastry, Blueberry Cheese Cake, Fresh Fruit Cake","Chic Interiors, Desi Vibes, Pretty Decor, Cashless Payments, Coffee Date, Serving Size"
Young Wild Free Cafe,"Cafe, Fast Food, Chinese, Italian, Beverages",850," Satyaniketan, New Delhi",4.2,1079,,0,https://www.zomato.com/ncr/young-wild-free-cafe-satyaniketan-new-delhi,"13, 1st Floor, Opposite Venkateswara College, Satyaniketan, New Delhi",9.18826E+11,28.58777814,77.16710106,,
Star Crust,"Fast Food, Chinese, Desserts, Beverages",500," Sector 7, Faridabad",4.2,1107,4.2,2000,https://www.zomato.com/ncr/star-crust-sector-7-faridabad,"2597, HBC, Sector 7, Faridabad",9.19655E+11,28.36935683,77.3278901,"Peri Peri Pizza, Kit Kat Shake, Mixed Sauce Pasta, Pastas, Pizzas, Oreo Shake","Inexpensive, Economical, Cute Little Place, Nice Crowd, Great Recommendations, Prompt Service"
Pizza Villa,"Pizza, Fast Food, Beverages",450," NIT, Faridabad",4.2,1015,4.1,33600,https://www.zomato.com/ncr/pizza-villa-1-nit-faridabad,"5A-18, BP Railway Road, NIT, Faridabad",9.19668E+11,28.4056434,77.30508763,"Melted Chocolate, White Sauce Pasta, Pizzas, Noodles","Plenty of Vegetarian Options, Customizations Available, Chirpy Crowd, Drive through, Elegantly Decorated, Economical"
Slic Chic,"Chinese, Salad, Momos, Beverages",500," Shalimar Bagh, New Delhi",4.2,475,4.0,1734,https://www.zomato.com/ncr/slic-chic-shalimar-bagh-new-delhi,"2, BS Market, Shalimar Bagh, New Delhi",9.19954E+11,28.7059,77.1573,"Drum Sticks, Honey Chilli Potatoes, Chilli Garlic Noodles, Noodles, Chinese Food, Pasta","Elegantly Decorated, Chinese, Sitting Arrangement, Great Recommendations, Polite Staff, Best Places"
TBK Kulcha's,"Sandwich, Burger, Italian, Beverages, Fast Food, Street Food",300," Janakpuri, New Delhi",4.2,646,4.2,5067,https://www.zomato.com/ncr/tbk-kulchas-janakpuri-new-delhi,"296-A, C4B, Near Surajmal College, Janakpuri, New Delhi",9.11166E+11,28.61921134,77.09177826,,
Dingdong Pizza By Big Wong,"Pizza, Italian, Fast Food",700," Sector 29, Gurgaon",4.2,488,4.1,5128,https://www.zomato.com/ncr/dingdong-pizza-by-big-wong-sector-29,"387, First Floor, Sco Complex, Near IFFCO Chowk Metro Station, Sector 29, Gurgaon",9.1801E+11,28.471685,77.071197,"Salted Caramel Shake, Cheesiest Pizza, Paneer Makhni Pizza, Butter Chicken Pizza, Cheese Roll, Lasagna","Cozy Ambiance, Casual Seating Area, Good Crowd, Great Recommendations, Low Price, Good Packaging"
Tikka Junction Courtyard,"North Indian, Chinese, Fast Food, Desserts, Beverages",800," Malviya Nagar, New Delhi",4.2,442,4.0,3856,https://www.zomato.com/ncr/tikka-junction-courtyard-malviya-nagar-new-delhi,"LLP 3, MMTC Market, Opposite Aurobindo College, Malviya Nagar, New Delhi",9.19718E+11,28.53299146,77.20367264,"Paneer Papdi, Soya Malai Tikka, Tandoori Spring Roll, Bhatti Chicken, Butter Chicken Pizza, Fried Rice","Courtyard, Affordable, Family Place, Good for Large Groups, Fancy Crowd, Comfortable Seating"
Heritage,"North Indian, Chinese, Fast Food",1200," Sector 15, Gurgaon",4.2,343,4.1,213,https://www.zomato.com/ncr/heritage-sector-15,"SCO 55, 1st Floor, Old Judicial Complex, Civil Lines, Sector 15, Gurgaon",9.19311E+11,28.4584264,77.0332149,,
Kent's Fast Food,"Fast Food, Burger, Pizza, Sandwich, Ice Cream, Desserts, Beverages",500," Defence Colony Main Market, Defence Colony, New Delhi",4.2,1160,4.2,12100,https://www.zomato.com/ncr/kents-fast-food-defence-colony-new-delhi,"Shop 29, Main Market, Defence Colony, New Delhi",9.11124E+11,28.57402548,77.23050278,,
La Vera Pizzeria - The Wood Fired Pizza House,"Pizza, Fast Food, Italian, Beverages",300," Sector 31, Gurgaon",4.2,456,3.5,1816,https://www.zomato.com/ncr/la-vera-pizzeria-the-wood-fired-pizza-house-sector-31,"Shop 198, Basement, Huda Market, Sector 31, Gurgaon",9.11244E+11,28.45365822,77.05164403,,
Too Mikkii Tapas Now Baking,"Cafe, Continental, Fast Food, Beverages, Desserts",800," South Extension 2, New Delhi",4.2,445,4.2,102,https://www.zomato.com/ncr/too-mikkii-tapas-now-baking-south-extension-2-new-delhi,"E 25, South Extension 2, New Delhi",9.19911E+11,28.5438305,77.25109678,"Banana Bread, Dessert Platter, Cappuccino, Hot Chocolate, Coffees, Cheese Pizza","Great Ambience and Tasty Food, Great for Birthdays, Bookshelf, Beautiful Interior, Calm, Customizable Dishes"
Maati,"North Indian, Chinese, Fast Food, Desserts",600," Amrapali Dream Valley, Greater Noida",4.2,558,3.5,6101,https://www.zomato.com/ncr/maati-1-amrapali-dream-valley-greater-noida,"Zamindaar Ramchandra Market, Gautam Buddha Nagar, Amrapali Dream Valley, Greater Noida",9.19668E+11,28.57552446,77.44488236,,
Mom Hand Momos,"Momos, Chinese",300," Satyaniketan, New Delhi",4.2,1042,4.0,19100,https://www.zomato.com/ncr/mom-hand-momos-satyaniketan-new-delhi,"Opposite Venkateshwara College, Satyaniketan, New Delhi",9.19953E+11,28.58767304,77.16850486,"Gravy Momo, Tandoori Paneer Momos, Chicken Chowmein, Noodle, Chicken Momos, Spring Roll","Casual Seating Area, Not very Crowded, Inexpensive, Elegantly Decorated, Prompt Service, Polite Staff"
Pasta Xpress,"Italian, Pizza, Fast Food",500," Sector 11, Dwarka, New Delhi",4.2,789,3.7,6746,https://www.zomato.com/ncr/pasta-xpress-sector-11-dwarka,"G-35, Manish Market, Sector 11, Dwarka, New Delhi",9.11147E+11,28.58670121,77.04564594,"Cottage Cheese Pasta, Tandoori Pasta, Garlic Bread with Cheese, Pastas, Chicken Burger, White Sauce Pasta","Great Recommendations, Customer Service, Good Quantity, Best Places, Great Taste, Preparation"
Shake Eat Up,"Fast Food, Italian, Chinese, Desserts, Beverages, Pasta",600," Delhi University-GTB Nagar, New Delhi",4.2,1067,3.8,143,https://www.zomato.com/ncr/shake-eat-up-1-delhi-university-gtb-nagar-new-delhi,"2509, Ground Floor, Hudson Lane, Delhi University-GTB Nagar, New Delhi",9.19014E+11,28.69587655,77.20411856,"Milky Way Shake, Turtle Sundae, Masala Garlic Bread, Nutella Jar, Pineapple Mojito, Chicken Bbq Wings","Casual Seating Area, Cozy Ambiance, Lightings, Pretty Place, Elegantly Decorated, Office Crowd"
Red Chilli,"Asian, North Indian, Continental, Chinese, Fast Food, Beverages",1400," Rajouri Garden, New Delhi",4.2,785,3.4,21,https://www.zomato.com/ncr/red-chilli-rajouri-garden-new-delhi,"J2/7, 3rd Floor, BK Dutta Market, Rajouri Garden, New Delhi",9.1114E+11,28.64766783,77.11971615,,
Chinese Kitchen,"Momos, Chinese, North Indian, Beverages",550," Karkardooma, New Delhi",4.2,488,4.0,9851,https://www.zomato.com/ncr/chinese-kitchen-karkardooma-new-delhi,"Shop 11-A, Plot 5, Parmesh Tower 1, Community Centre, Karkardooma, New Delhi",9.18827E+11,28.64844372,77.30327345,"Afghan Chicken, Paneer Momos, Drums of Heaven, Noodle, Chilly Potato, Chicken Lollipop","Open Seating, Cute Little Place, Good Crowd, Good Packing, Sitting Area, Great Ambiance"
The Rolling Joint,"Rolls, North Indian, Beverages",500," Connaught Place, New Delhi",4.2,1313,4.2,2202,https://www.zomato.com/ncr/the-rolling-joint-connaught-place-new-delhi,"M 61/1, Middle Lane, Near Odeon Cinema, Connaught Place, New Delhi",9.199E+11,28.63355105,77.22201794,"Soya Chaap Tikka Roll, Pink Mojito, Masala Lime Soda, Peri Chicken Roll, Kokum Drink, Chicken Khurchan","Nice Concept, Excellent Place, Good Crowd, Wonderful Place, Friendly Place, Quick Service"
Hishi Cafe,"Cafe, Continental, Fast Food, Beverages",850," Jangpura, New Delhi",4.2,1317,4.1,6808,https://www.zomato.com/ncr/hishi-cafe-jangpura-new-delhi,"Shop 28, Block H, Jangpura, New Delhi",9.1115E+11,28.58138238,77.24279232,"Pork Ham Sandwich, Cheese Chicken Omelette, Tomato Basil Bruschetta, Classic Veg Burger, Tuna Sandwich, Bubblegum Shake","Freshly Prepared, Sit and Read, Quiet, Highly Recommended, Tasty Stuff, Delivery on Time"
Cafe Lungta,"Tibetan, Nepalese, Momos",1200," Sector 15, Gurgaon",4.2,329,4.3,84,https://www.zomato.com/ncr/cafe-lungta-sector-15,"SCO 23, Ground Floor, Sector 15, Gurgaon",9.19734E+11,28.45812633,77.04445906,"Chicken Shyapta, Pork Shapta, Nepali Thali, Tingmo, Chicken Momo, Cocktail",
Edesia - Crowne Plaza,"Continental, North Indian, Mughlai, Chinese, Fast Food",3000," Crowne Plaza, Okhla, New Delhi",4.2,437,,6,https://www.zomato.com/ncr/edesia-crowne-plaza-okhla-delhi,"Crowne Plaza, Community Centre, Okhla Phase 1, New Delhi",9.19583E+11,28.52856245,77.27195565,,
Mughlai Junction,"North Indian, Mughlai, Rolls",700," Connaught Place, New Delhi",4.2,555,4.2,5862,https://www.zomato.com/ncr/mughlai-junction-connaught-place-new-delhi,"N-33/10, Middle Circle, Connaught Place, New Delhi",9.11144E+11,28.63080251,77.22029597,"Jahangiri Chicken Korma, Tangdi Chicken, Chicken Burrah, Rara Meat, Authentic Mughlai Food, Khameeri Roti","Good Pricing, Clean Place, Family Place, Waiter, Courteous Staff, Polite Staff"
Bikanervala Angan,"Mithai, Street Food, North Indian, Chinese, South Indian, Beverages, Desserts",500," Karol Bagh, New Delhi",4.2,1162,4.2,9368,https://www.zomato.com/ncr/bikanervala-angan-karol-bagh-new-delhi,"10181, 82, Arya Samaj Road, Karol Bagh, New Delhi",9.11129E+11,28.64824365,77.19317213,"Deluxe Veg Thali, Kaju Barfi, South Indian Platter, Ras Malai, Jalebi, Tandoori Platter","Sweetshop+Restaurant, Very Clean Place, Parking Space Available, Affordable, Breakfast Menu, Fancy Crowd"
McDonald's,"Burger, Fast Food, Beverages, Desserts",500," Karkardooma, New Delhi",4.2,822,4.2,6185,https://www.zomato.com/ncr/mcdonalds-karkardooma,"Shop 7 To 10, Plot 29 & 31, Aggarwal Fun City Mall, East CBD, Karkardooma, New Delhi",9.19873E+11,28.66101428,77.29760595,"Veg Pizza Mcpuff, Mcaloo Tikki, Choco Brownie, Peri Fries, Iced Tea, Burgers","Not very Crowded, Cute Little Place, Inexpensive, Cozy Ambiance, Pocket Friendly, Great Recommendations"
Amritsari Kulccha Corner,"North Indian, Street Food",300," Vikaspuri, New Delhi",4.2,372,4.2,5035,https://www.zomato.com/ncr/amritsari-kulccha-corner-vikaspuri-new-delhi,"Site 4/56, C Block, Vikaspuri, New Delhi",9.19718E+11,28.63541025,77.07169186,"Mixed Kulcha, Aloo Pyaz Kulcha, Cheese Kulcha, Boondi Raita, Gulab Jamun, Thali","Inexpensive, Great Recommendations, Great Ambiance, Prompt Service, Polite Staff, Amazing Taste"
Bakers Oven,"Bakery, Fast Food, Beverages, Pizza, Wraps",400," Sector 31, Gurgaon",4.2,431,4.1,2612,https://www.zomato.com/ncr/bakers-oven-sector-31,"141, Sector 31-32 A, Near Sector 31, Gurgaon",9.19874E+11,28.45306483,77.05066871,"Walnut Chocolate Pastry, Veg Pattice, Veg Grilled Sandwich, Fresh Fruit Cake, Pastries, Cakes","Highly Recommended, Coffee Date, Pretty Decor, Food Presentation, Good Taste, Great Place"
Delhicacy,"Street Food, South Indian, North Indian, Mithai",400," DLF Galleria, DLF Phase 4, Gurgaon",4.2,727,3.9,23800,https://www.zomato.com/ncr/delhicacy-dlf-phase-4,"SF 14, Floor 1, DLF Galleria, DLF Phase 4, Gurgaon",9.19954E+11,28.46762141,77.08231274,"Golgappa Shots, Palak Patta Chat, Sev Puri, Bedmi Puri, Jalebi, Matar Kulcha","Professional Behaviour, Bang for the Buck, Cute Little Place, Pocket Friendly, Authentic Food, Cozy Place"
Punjab Chicken Corner,"North Indian, Chinese, Mughlai, Rolls",700," Gaur City 1, Greater Noida",4.2,444,3.7,9487,https://www.zomato.com/ncr/punjab-chicken-corner-gaur-city-1,"56, Lower Ground Floor, City Plaza, Gaur City 1, Greater Noida",9.17043E+11,28.615074,77.427749,"Pindi Chana Masala, Masala Tikka, Honey Chilli Potatoes, Chicken Rara, Mutton Curry, Paneer Butter Masala","Good Food Good Quality, Bang for the Buck, Office Crowd, Casual Seating Area, Cute Little Place, Good Crowd"
The Salad Story,"Cafe, Healthy Food, Salad, Fast Food, Beverages",900," Chanakyapuri, New Delhi",4.2,445,4.0,327,https://www.zomato.com/ncr/the-salad-story-chanakyapuri-new-delhi,"Pallavi Shopping Arcade, Opposite Taj Palace, Chanakyapuri, New Delhi",9.11127E+11,28.59513408,77.17193205,"Blended Cold Coffee, Berry Smoothie, Grilled Chicken, Mocha, Salads, Wraps","Healthy Options, Fresh Ingredients, Healthy Food, Outdoor Seating, View, Courteous Staff"
Cocopots,"Bakery, Cafe, Fast Food, Beverages",1000," Kamla Nagar, New Delhi",4.2,264,4.2,371,https://www.zomato.com/ncr/cocopots-kamla-nagar-new-delhi,"50 D, Ground Floor, Satyawati Marg, Kamla Nagar, New Delhi",9.11141E+11,28.68291427,77.20064744,,
Pizza Connection,"Pizza, Fast Food",400," Kalkaji, New Delhi",4.2,409,4.2,2394,https://www.zomato.com/ncr/pizza-connection-2-kalkaji-new-delhi,"J 4/91, DDA Flats, Block L 1, Kalka Public School Road, Govindpuri, Kalkaji, New Delhi",9.19999E+11,28.52849087,77.25515999,"Paneer Peri Peri, Peri Chicken, Stuffed Garlic Bread, Paneer Pizza, White Sauce Pasta, Pasta","Pocket Friendly, Nice Crowd, Great Ambiance, Polite Staff, Prompt Service, Worth the Money"
Mehak Food,"North Indian, Street Food",250," Kalkaji, New Delhi",4.2,758,4.0,8461,https://www.zomato.com/ncr/mehak-food-kalkaji-new-delhi,"A 105, Double Storey, Opposite HDFC Bank, Kalkaji, New Delhi",9.19871E+11,28.54358428,77.25080241,"Bang for the Buck, Nice Crowd, Polite Staff, Prompt Service, Hygiene, Good Taste",
New York Slice,"Pizza, Italian, Sandwich, Fast Food, Beverages",600," Golf Course Road, Gurgaon",4.2,242,4.1,2554,https://www.zomato.com/ncr/new-york-slice-golf-course-road,"Shop 2, Ground Floor, La-Mart Shopping, Lalagune Housing Society, Golf Course Road, Gurgaon",9.11245E+11,28.43710615,77.10432496,"American Veg Pizza, Veggie Pasta, Cheese Dip, Peri Peri Pizza, Margherita Pizza, Pepperoni","Excellent Packing, Delivery on Time, Great Customer Service, Finest Place, Variety of Pizza, Best Services"
Carl's Jr.,"Burger, Fast Food",450," DLF Mall of India, Sector 18,  Noida, Noida",4.2,1161,4.0,1729,https://www.zomato.com/ncr/carls-jr-sector-18-noida,"F-457/C, 3rd Floor, DLF Mall Of India, Sector 18, Noida",9.11206E+11,28.56732382,77.32128315,"Mango Jalapeno Burger, Chicken Tikka Masala Burger, Onion Burger, Wasabi Fries, Chicken Slider, Lamb Patty","Free Refills, Unlimited Refills, Pocket Friendly, Low Price, Good Crowd, Combos"
KOOLCHAS - Mera Wala Kulcha,"North Indian, Fast Food, Beverages, Desserts",350," Sushant Lok, Gurgaon",4.2,441,3.9,2587,https://www.zomato.com/ncr/koolchas-mera-wala-kulcha-sushant-lok,"15, Ground Floor, Bestech Chambers, Block B, Sushant Lok, Gurgaon",9.11244E+11,28.46116058,77.07803227,"Soda Sikhanji, Paneer Jalfrezi, Kokum Drink, Kulfi, Kulcha, Mutton Seekh","Cozy Ambiance, Pocket Friendly, Cute Little Place, Great Ambiance, Prompt Service, Courteous Staff"
Cafe Coffee Day,"Coffee, Cafe, Fast Food, Sandwich, Desserts, Beverages",550," Chanakyapuri, New Delhi",4.2,678,4.1,0,https://www.zomato.com/ncr/cafe-coffee-day-chanakyapuri-new-delhi,"Pallavi AWWA Complex, Opposite Taj Palace Hotel, Chanakyapuri, New Delhi",18001025093,28.5951279,77.17192099,"Coffee Frappe, Chocolate Fantasy, Coffees, Veg Sandwich, Cappuccino, Brownie","Sit and Read, Best Location, Peaceful Environment, Surrounding, Best Outlets, Peaceful Place"
Chicago Chimney,"Italian, Fast Food, Desserts",300," Sector 37, Noida",4.2,442,3.5,166,https://www.zomato.com/ncr/chicago-chimney-sector-37-noida,"Shop 1, Godavari Complex, Arun Vihar, Sector 37, Noida",9.18448E+11,28.56534975,77.34052699,,
Tasty Noodle Twist,"Chinese, Asian, Thai, Momos, Seafood, Healthy Food",700," Model Town 2, New Delhi",4.2,289,4.0,2471,https://www.zomato.com/ncr/tasty-noodle-twist-model-town-2-new-delhi,"F14/58, Model Town 2, New Delhi",9.19354E+11,28.70856169,77.19098713,"Chocolate Roll, Paneer Cheese, Fried Chicken Wings, Noodle, Chilli Potatoes, Chilli Garlic Noodles","Authentic, Gastronomical Experience, Great Value, Chinese, Hospitality, Preparation"
Pikwik,"North Indian, Chinese, Mughlai, Fast Food, Rolls, Seafood, Desserts, Beverages",850," Pitampura, New Delhi",4.2,800,3.9,7604,https://www.zomato.com/ncr/pikwik-pitampura-new-delhi,"66, Shakti Vihar, Pitampura, New Delhi",9.11143E+11,28.69380461,77.13062972,"Tandoori Raan, Punjabi Chicken, Pudina Parantha, Malai Kofta, Paneer Lababdar, Manchurian","Family Favorite, Relaxed Atmosphere, Ample Seating Area, Family Place, Family Restaurant, Decent Ambience"
36 lebzelter,"Bakery, Desserts, Fast Food",250," Mayur Vihar Phase 1, New Delhi",4.2,278,4.3,1509,https://www.zomato.com/ncr/36-lebzelter-mayur-vihar-new-delhi,"C 30/2, Ground Floor, Acharya Niketan, Mayur Vihar Phase 1, Delhi ",9.19655E+11,28.6074013,77.2959284,"Mawa Cake, Paneer Puff, Blueberry Cheese Cake, Truffle Pastry, Cupcakes, Pastries","Coffee Date, Pretty Decor, Courteous Staff, Young Crowd, Value for Money, Best Place"
Coffee Bond,"Cafe, Coffee, Pizza, Fast Food",800," Uday Park, New Delhi",4.2,609,3.4,1401,https://www.zomato.com/ncr/coffee-bond-uday-park-new-delhi,"Shop 4, Uday Park Shopping Complex, Uday Park, New Delhi",9.11147E+11,28.5602566,77.2181031,,
The Sweeet Jar,"Cafe, Chinese, Italian, Fast Food, Sandwich, Burger, Beverages",800," Karkardooma, New Delhi",4.2,675,4.4,792,https://www.zomato.com/ncr/the-sweeet-jar-karkardooma-new-delhi,"SG 61-62, Aditya Mega Mall, Karkardooma, New Delhi",9.11144E+11,28.65569332,77.30104789,"Pesto Sandwich, Choco Truffle Cake, Baked Pasta, Peri Peri Pizza, Thick Shakes, Blueberry Cheesecake","Intimate Seating, Beautiful Ambience, Good Options, Beautiful Place, Good Ambience, Vibe"
Thok,"North Indian, Mughlai, Chinese, Rolls, Biryani",700," Lajpat Nagar 4, New Delhi",4.2,632,3.8,7998,https://www.zomato.com/ncr/thok-lajpat-nagar-4-new-delhi,"A 67, Dayanand Colony, Lajpat Nagar 4, New Delhi",9.17042E+11,28.56168214,77.24957664,"Handi Meat, Kadhai Mushroom, Kheer, Roomali Roti, Tandoori Momos, Afghani Chicken","Late Night Delivery, Quick Delivery, Decent Place, Awesome Food, Quick Service, Nice Ambience"
Raw Creams,"Ice Cream, Desserts, Beverages, Fast Food",350," Vijay Nagar, New Delhi",4.2,581,3.7,1365,https://www.zomato.com/ncr/raw-creams-vijay-nagar-new-delhi,"B-30/B, Near Mother Diary, Vijay Nagar, New Delhi",9.19717E+11,28.690563,77.201558,"Liquid Nitrogen Ice Cream, Chocolate Explosion, Nutella Hazelnut, Nutella Waffles, Ice Creams, Cheesy Fries","Bank for the Buck, Pretty Decor, Totally Worth it, Table Service, Affordable, Games"
Biryani Queen,"Biryani, North Indian, Mughlai, Hyderabadi, Kebab, Rolls",600," Omaxe Connaught Place, Beta 2, Greater Noida",4.2,192,4.0,1234,https://www.zomato.com/ncr/biryani-queen-beta-2-greater-noida,"FT-07, 2nd Floor, Block H, Omaxe Connaught Place Mall, Beta 2, Greater Noida",9.19953E+11,28.48880879,77.51398847,"Boneless Mutton Biriyani, Spicy Soya Chaap Biryani, Shahi Paneer Tikka Biryani, Raita, Paneer Butter Masala, Meat","Boneless Chicken Biryani, Relaxed Atmosphere, Portions, Wonderful Presentation, Best Food under Best Budget, Prices"
Pizzaa79,"Pizza, Italian, Fast Food, Desserts, Beverages",500," Sector 81, Faridabad",4.2,1481,4.1,5548,https://www.zomato.com/ncr/pizzaa79-sector-81-faridabad,"SCO 58, 1st Floor, Omaxe World Street, Sector 79, Near Sector 81, Faridabad",9.19595E+11,28.38738103,77.35336673,"Queen Margherita Pizza, Onion Cheese Pizza, Maharaja Supreme Burger, Sweet Corn Pizza, Choco Brownie, Capsicum Pizza","Good Space, Not very Crowded, Cute Little Place, Great Restaurant, Fastest Delivery, Great Menu"
Amritsari Kitchen,"North Indian, Rolls",450," Sector 63, Noida",4.2,597,3.9,11100,https://www.zomato.com/ncr/amritsari-kitchen-sector-63-noida,"A-127, A Block, Sector 63, Noida",9.19811E+11,28.61868746,77.37938147,,
Goli Vada Pav No. 1,"Street Food, Beverages",350," Sector 18, Noida",4.2,538,4.1,19300,https://www.zomato.com/ncr/goli-vada-pav-no-1-sector-18-noida,"G-15, Krishna Apra Plaza, Plot 3, Block P, Sector 18, Noida",9.11204E+11,28.56973452,77.32550796,"Makkai Palak Vada Pav, Paneer Vada Pav, Crunchy Roll, Cheese Vada Pao, Misal Pav, Peri Peri Fries","Cozy Ambiance, Street Food, Good Crowd, Great Recommendations, Authentic Taste, Delivery Time"
Masala Fusion Delight,"North Indian, Mughlai, Rolls, Biryani",400," Sohna Road, Gurgaon",4.2,414,3.9,4236,https://www.zomato.com/ncr/masala-fusion-delight-sohna-road,"Scottish Mall, Sector 47, Sohna Road, Gurgaon",9.18751E+11,28.41107844,77.04122465,"Chicken Seekh Masala, Tawa Chicken, Chicken 65, Chole, Soya Chaap, Rumali Roti","Worth on Price, Freshly Prepared, Highly Recommended, Delivery on Time, Many Choices, Tasty Stuff"
Scorpio Cafe,"Chinese, Fast Food, Pizza, Burger, Sandwich",400," Mayur Vihar Phase 2, New Delhi",4.2,1059,4.1,8481,https://www.zomato.com/ncr/scorpio-cafe-mayur-vihar-phase-2-new-delhi,"G-4, Durga Complex, Pocket B, Mayur Vihar Phase 2, New Delhi",9.19999E+11,28.61968989,77.30108444,"Spicy Chicken Sandwich, Chilli Potato, Pastas, White Sauce Pasta, Chicken Burger, Burgers","Not very Crowded, Cozy Ambiance, Clean Place, Inexpensive, Great Staff, Great Value"
Chinese Garage,"Chinese, Momos, Asian",600," East of Kailash, New Delhi",4.2,701,4.0,7909,https://www.zomato.com/ncr/chinese-garage-east-of-kailash-new-delhi,"23, Community Center, D Block, East of Kailash, New Delhi",9.18377E+11,28.55862252,77.24571157,"Classic Chilli Paneer, Vegetable Dimsums, Schezwan Noodles, Chicken Drumsticks, Dim Sums, Chilli Chicken Dry","Not very Crowded, Pocket Friendly, Chinese, Quick Delivery, Great Recommendations, Authentic Taste"
Cafe Pasticcino,"Cafe, Fast Food, Healthy Food, Sandwich, Modern Indian, Italian, Rolls, Beverages",1300," DLF Phase 1, Gurgaon",4.2,213,4.0,484,https://www.zomato.com/ncr/cafe-pasticcino-dlf-phase-1,"N 2, Qutub Plaza, DLF Phase 1, Gurgaon",9.11245E+11,28.47254693,77.10169908,"Lasagna, Alfredo Pasta, Chips, Pizzas, Salad, Shakes","Intimate Seating, Efficient Staff, Cozy, Cafe, Courteous Staff, Good Ambience"
Mon Delice,"Fast Food, Beverages, Desserts",500," Baani Square, Sector 50, Gurgaon",4.2,226,4.2,631,https://www.zomato.com/ncr/mon-delice-sector-50,"G-87, Baani Square, Sector 50, Gurgaon",9.2E+11,28.42538515,77.05710568,"Choco Fudge Brownie, Hazelnut Pastry, Tiramisu Pastry, Croissant, Cookies, Chocolate Cake","Bank for the Buck, Totally Worth it, Table Service, Decoration, Fancy Crowd, Student Crowd"
FewBucks,"Chinese, North Indian, Fast Food",650," Sushant Shopping Arcade, Sushant Lok, Gurgaon, Gurgaon",4.2,265,4.2,1472,https://www.zomato.com/ncr/fewbucks-sushant-lok,"D 8, Sushant Shopping Arcade, Sushant Lok, Gurgaon",9.18596E+11,28.46043253,77.07886476,"Manchurian Balls, Matar Paneer, Masala Chaap, Chilli Chicken Dry, Jeera Rice, Egg Curry","Bang for the Buck, Amazing Packaging, Great Recommendations, Low Price, Cutlery, Great Ambiance"
Sandwich Factory,"Sandwich, Fast Food, Beverages, Mexican, Desserts",500," Mayur Vihar Phase 2, New Delhi",4.2,639,3.9,7345,https://www.zomato.com/SandwichFactory,"25A, Pocket B, Mayur Vihar Phase 2, New Delhi",9.18883E+11,28.61924018,77.30109148,"Signature Bruschetta, Jumbo Focaccia Burger, Chocolate Croissant, Panini Sandwich, Classic Burger, Burrito","Preparation, Polite Staff, Quick Service, Tasty, Amazing Place, Owner"
The Waffee,"Desserts, Fast Food, Beverages",400," Vivek Vihar, New Delhi",4.2,418,4.3,1138,https://www.zomato.com/ncr/the-waffee-vivek-vihar-new-delhi,"C-206, Jhilmil Colony, Near Reliance Fresh, Vivek Vihar, New Delhi",9.19999E+11,28.66816564,77.3121405,"Chocolate Chip Waffle, Peri Fries, Waffles, Hot Coffee, Hot Chocolate, Maggi","Economical, New Menu, Cozy Ambiance, Great Recommendations, Prompt Service, Best Places"
Rozaana,"North Indian, Chinese, South Indian, Fast Food",400," Sector 63, Noida",4.2,346,3.9,3697,https://www.zomato.com/ncr/rozaana-sector-63-noida,"C-210, Sector 63, Noida",9.17839E+11,28.6182248,77.3873597,"Bedmi Poori, Gajar Halwa, Panneer Butter Masala, Idli, Pao Bhaji, Sambhar","Value for Money, Nice Packaging, Good Crowd, Combos, Great Quality, Great Recommendations"
Snack Adda,"North Indian, Chinese, Fast Food, Beverages",600," Sector 45, Noida",4.2,842,4.0,17600,https://www.zomato.com/ncr/snack-adda-sector-45-noida,"Shop 14, VDC Market, Sector 45, Noida",9.19541E+11,28.55554042,77.34660555,"Paneer Pizza, Noodle, Tandoori Momos, Paneer Lababdar, Spring Roll, Starter","Not very Crowded, Elegantly Decorated, Inexpensive, Great Recommendations, Hygienic Food, Great Ambiance"
iHf Delite Punjabi,"North Indian, Rolls, Mughlai, Fast Food",450," DLF Phase 3, Gurgaon",4.2,513,3.6,10300,https://www.zomato.com/ncr/ihf-delite-punjabi-dlf-phase-3,"Shop 107, Basement Market, U Block, DLF Phase 3, Gurgaon",9.1999E+11,28.48959086,77.09497143,"Afghan Chicken, Deluxe Thali, Butter Roti, Chilly Paneer, Veg Biryani, Paneer Butter Masala","Bang for the Buck, Pocket Friendly, Takeaway, Great Recommendations, Prompt Service, Great Ambiance"
The Streat,"North Indian, Chinese, Fast Food",1000," DLF Phase 2, Gurgaon",4.2,251,4.0,2741,https://www.zomato.com/ncr/the-streat-dlf-phase-2,"M11 A/9, Opposite DLF Square, DLF Phase 2, Gurgaon",9.196E+11,28.49019848,77.08389625,"Mushroom Cheese Omelette, Sauteed Vegetables, Malai Soya Chaap, Oreo Shake, Dal, Naan","Romantic Place, Bang for the Buck, Nice Crowd, Cozy, Prompt Service, Polite Staff"
Devkinandan,"North Indian, Chinese, South Indian, Fast Food, Beverages",300," Sector 18, Noida",4.2,247,3.5,982,https://www.zomato.com/ncr/devkinandan-sector-18-noida,"G-12 & 14, Krishna Apra Plaza, Sector 18, Noida",9.11204E+11,28.56970596,77.32553277,"Deluxe Thali, Special Thali, Afghani Chaap, Pao Bhaji, Kheer, Lassi","Plenty of Vegetarian Options, Not very Crowded, Elegantly Decorated, Pocket Friendly, Great Recommendations, Polite Staff"
Dilli BC,"North Indian, Mughlai, Biryani, Rolls",700," Sector 72, Noida",4.2,243,3.9,2570,https://www.zomato.com/ncr/dilli-bc-sector-72-noida,"12A, GH 10, Gardenia Gateway, Sector 75, Near Sector 72, Noida",9.1999E+11,28.57171675,77.38271009,"Soya Tikka Roll, Missi Rotis, Bhatti Chicken, Dal Dhaba, Paneer Lababadar, Tawa Chaap Masala","Very Good Quality, Bang for the Buck, Chirpy Crowd, Perfect Service, Value for Money, Elegantly Decorated"
Mango Chutney,"North Indian, Mughlai, Rolls",500," Malviya Nagar, New Delhi",4.2,271,3.6,438,https://www.zomato.com/ncr/mango-chutney-malviya-nagar-new-delhi,"139/D, Ground Floor, Behind Savitri Nagar, Malviya Nagar, New Delhi",9.17985E+11,28.53827504,77.21920062,"Butter Paneer, Malai Soya Chaap, Malai Kofta, Veg Thali, Tandoori Chicken, Paneer Tikka","Cordial Staff, Pocket Friendly, Good Packing, Great Recommendations, Quick Delivery, Amazing Place"
Mad 4 Bar B Que,"Mughlai, North Indian, Chinese, Rolls, Biryani, Momos",700," Sector 29, Faridabad",4.2,576,3.8,19100,https://www.zomato.com/ncr/mad-4-bar-b-que-sector-29-faridabad,"DSS 8, HUDA Market, Sector 29, Faridabad",9.19719E+11,28.4336269,77.32246969,"Tandoori Chaap, Chicken Soup, Chilli Potatoes, Tawa Chicken, Paneer Butter Masala, Hakka Noodles","Good Delivery, Fantastic Place, Family Place, Quick Delivery, Yummy Food, Good Quality Food"
Railway Yard,"North Indian, Chinese, Mughlai, Fast Food, Beverages",600," Gujranwala Town, New Delhi",4.2,1322,4.0,10700,https://www.zomato.com/ncr/railway-yard-gujranwala-town-new-delhi,"B-36/11, GT Karnal Road Industrial Area, Near Nanak Piao Gurudwara, Gujranwala Town, New Delhi",9.11142E+11,28.69367814,77.18519624,"Cigar Roll, Matki Chicken, Chilli Mushroom, Butter Paneer, Maggie, White Sauce Pasta","Drive through, Not very Crowded, Pocket Friendly, Games, Cozy Ambiance, Good Hospitality"
Pizza Exp 24/7,"Pizza, Fast Food, Beverages",600," Sector 54, Gurgaon",4.2,320,3.3,67,https://www.zomato.com/ncr/pizza-exp--sector-54,"1605, Sarasvati Kunj, Sector 54, Gurgaon",9.19555E+11,28.4347602,77.0961676,,
Ganesh Restaurant,"North Indian, Mughlai, Rolls",400," Karol Bagh, New Delhi",4.2,898,4.0,5528,https://www.zomato.com/ncr/ganesh-restaurant-karol-bagh-new-delhi,"2298, Gurudwara Road Chowk, Karol Bagh, New Delhi",9.1981E+11,28.64844225,77.19278622,"Egg Pakora, Fish Pakoda, Tandoori Chicken Tikka, Chicken Afghani, Fish Fry, Chicken Fry","Service Time, Fast Delivery Service, Best Services, Great Recommendations, Prompt Delivery, Friendly Place"
Yangkiez - Momos & More,"Chinese, Momos",400," Baani Square, Sector 50, Gurgaon",4.2,185,3.7,1032,https://www.zomato.com/ncr/yangkiez-momos-more-sector-50,"Shop 6, Ground Floor, Baani Square, Sector 50, Gurgaon",9.19318E+11,28.42554762,77.05775376,"Wheat Momo, Fried Chicken Wings, Manchurian Noodles, Chicken Momo, Spring Rolls, Chilli Potato","Seating Capacity, Weekend Brunch, Good Music, Elaborate Menu, Family Crowd, Cute Packaging"
Pema's,"Chinese, Asian, Naga, Tibetan, Momos",700," Malviya Nagar, New Delhi",4.2,841,4.1,15800,https://www.zomato.com/ncr/pemas-malviya-nagar-new-delhi,"Shop 5, 3/31, Upper Ground Floor, Shivalik Road, Malviya Nagar, New Delhi",9.11142E+11,28.53432961,77.20717158,"Sliced Pork, Tingmo, Chicken Momo, Veg Momos, Chicken Fried Rice, Soups","Prompt Delivery, Comfort Food, Chinese, Great Value, Customer Service, Owner"
Sushiya,"Sushi, Rolls, Japanese",800," Select Citywalk Mall, Saket, New Delhi",4.2,857,4.0,11700,https://www.zomato.com/ncr/sushiya-saket-new-delhi,"1st Floor, Select Citywalk Mall, Saket, New Delhi",9.19312E+11,28.52872564,77.21963044,"Maki, California Roll, Sashimi, Miso Soup, Sushi Rolls, Salmon Sushi","Cute Little Place, Fresh Ingredients, Great Value, Good Value, Delivery Time, Polite Staff"
Burger Point,"Fast Food, Burger, Beverages",300," Sector 15, Gurgaon",4.2,446,4.2,1700,https://www.zomato.com/ncr/burger-point-1-sector-15,"108, Part 2, Sector 15, Gurgaon",9.11244E+11,28.45867813,77.0436829,"Maharaja Supreme Burger, Cheese Sandwich, Wraps, Veg Burger, Sandwiches, French Fries","Preparation, Reasonable Price, Great Place, Good Place, Ambiance, Value for Money"
Limitless Cookhouse & Bar,"North Indian, Mughlai, Fast Food, Chinese",2000," Ansal Plaza Mall, Khel Gaon Marg, New Delhi",4.1,782,,0,https://www.zomato.com/ncr/limitless-cookhouse-bar-khel-gaon-marg-new-delhi,"3rd Floor, Ansal Plaza Mall, Khel Gaon Marg, New Delhi",+91 8068974651,28.56223399,77.22477693,,
Catalyst Gastrobar,"North Indian, European, Chinese, Fast Food, Tex-Mex, Continental, Italian, Beverages",1500," Sector 16, Faridabad",4.1,429,3.8,76,https://www.zomato.com/ncr/catalyst-gastrobar-sector-16-faridabad,"SCO 8, 2nd Floor, HUDA Market, Sector 16, Faridabad",9.1721E+11,28.40949219,77.31900059,,
Noire - Live Kitchen,"Continental, Italian, Desserts, Fast Food, Beverages",2100," M Block Market, Greater Kailash 2 (GK2), New Delhi",4.1,252,4.1,356,https://www.zomato.com/ncr/noire-live-kitchen-greater-kailash-gk-2-new-delhi,"M-84, Ground Floor, M Block Market, Greater Kailash 2 (GK 2), New Delhi",9.11145E+11,28.53226686,77.24257439,,
Cafe Hawkers,"North Indian, Fast Food, Chinese, Italian, Mexican, Beverages, Desserts",1300," Connaught Place, New Delhi",4.1,1403,3.7,51,https://www.zomato.com/CafeHawkers,"L/ 22, Near Odean Cinema, Radial Road, Connaught Place, New Delhi",9.11123E+11,28.63454569,77.22125988,,
Mr Ohashi,"Asian, Sushi, Chinese, Japanese, Momos, Thai",1200," Sector 14, Faridabad",4.1,203,4.3,671,https://www.zomato.com/ncr/mr-ohashi-sector-14-faridabad,"SCF 73 &74, 1st Floor, Sector 14, Faridabad",9.11294E+11,28.3946076,77.32969858,,
Kwality,"North Indian, Mughlai, Fast Food, Desserts, Beverages",2400," Connaught Place, New Delhi",4.1,526,4.0,109,https://www.zomato.com/ncr/kwality-connaught-place-new-delhi,"7, Regal Building, Connaught Place, New Delhi",9.11124E+11,28.62960919,77.2169831,,
Cha Bar,"Cafe, Fast Food, Desserts, Biryani, Italian, Sandwich",600," Connaught Place, New Delhi",4.1,5269,3.9,59,https://www.zomato.com/ncr/cha-bar-connaught-place-new-delhi,"N-81, Oxford Bookstore, Connaught Place, New Delhi",9.19911E+11,28.63134604,77.22181208,"Passion Fruit Ice Tea, Cardamom Tea, Bun Tikki, Earl Grey Tea, Rose Tea, Smoked Chicken Pasta","Books Books and Books, Unique Cafe, Lovely Cafe, Positive Vibe, Peaceful Environment, Interesting Place"
The Colony Bistro,"Continental, North Indian, Chinese, Fast Food, Beverages",1500," Amar Colony, New Delhi",4.1,1080,4.0,2785,https://www.zomato.com/ncr/the-colony-bistro-amar-colony-new-delhi,"C-31, Amar Colony Main Market, Amar Colony, New Delhi",9.17304E+11,28.56326758,77.24456828,,
Epic Restro Bar,"North Indian, Chinese, Fast Food, Beverages",2500," Hauz Khas Village, New Delhi",4.1,330,,8,https://www.zomato.com/ncr/epic-restro-bar-hauz-khas-village-new-delhi,"8A, Ground Floor, Near Deer Park, Hauz Khas Village, New Delhi",9.2E+11,28.5543315,77.1945163,,
Black Club+Café,"North Indian, Italian, Fast Food",1500," Gaur City 1, Greater Noida",4.1,284,,0,https://www.zomato.com/ncr/black-club-café-gaur-city-1-greater-noida,"Shop 10, T012A-14, 2A-2B, 3rd Floor, Gaur City Mall, Gaur City 1, Greater Noida",9.19312E+11,28.60625755,77.43000514,"Service is Great, Average Sized Portions, Ambience was Super Cool, Sanitised Service, Excellent Location, Fantastic Decoration",
Tesoro Mio,"Continental, Chinese, Italian, Fast Food, North Indian, Mughlai, Tex-Mex, Beverages",1500," Preet Vihar, New Delhi",4.1,1011,4.0,352,https://www.zomato.com/ncr/tesoro-mio-preet-vihar-new-delhi,"G-13, Top Floor, Opposite Metro Pillar 106, Vikas Marg, Preet Vihar, New Delhi",9.19811E+11,28.64364118,77.29847465,Family place with cosy ambiance and good Continental food,
Little Attock,"Modern Indian, Continental, Street Food, Desserts, Beverages",1500," Okhla Phase 3, New Delhi",4.1,168,4.0,176,https://www.zomato.com/ncr/little-attock-okhla-phase-3-new-delhi,"F 95, Modi Mills, Okhla Phase 3, New Delhi",9.11145E+11,28.55059403,77.27125961,"Slow-cooked in copper utensils, unprocessed seasonal ingredients, and traditional practices of undivided India, make for an immersive food experience of a slow life so we can again relive the joys of nutritious, healthy, and gratifying food.",
Plats,"European, Fast Food, Beverages, Bakery",2000," Malviya Nagar, New Delhi",4.1,163,4.4,136,https://www.zomato.com/ncr/plats-1-malviya-nagar-new-delhi,"C 51, Ground Floor, Shivalik, Malviya Nagar, New Delhi",9.11142E+11,28.53904,77.212147,"Family Crowd, Elaborate Menu, Good Music, Amazing Food, Amazing Place, Customizable Food",
Kalaakaar - The Melodramatic Cafe,"North Indian, Chinese, Pizza, Momos, Rolls, Desserts, Beverages",850," Rajouri Garden, New Delhi",4.1,248,4.1,524,https://www.zomato.com/ncr/kalaakaar-the-melodramatic-cafe-1-rajouri-garden-new-delhi,"E-1, Block E, Rajouri Garden, New Delhi",9.17702E+11,28.642342,77.123946,,
Pizza Studio,"Pizza, Fast Food",450," Laxmi Nagar, New Delhi",4.1,653,3.9,14200,https://www.zomato.com/ncr/pizza-studio-1-laxmi-nagar-new-delhi,"Shop 29, DDA Market, Nirman Vihar, Near Malik Radix Hospital, Laxmi Nagar, New Delhi",9.19698E+11,28.6347814,77.28820212,,
World Cafe - Vibe By The LaLiT Traveller,"North Indian, Continental, Chinese, Fast Food, Beverages, Desserts",1500," Vibe by The LaLit Traveller, Mathura Road, Faridabad",4.1,302,4.3,145,https://www.zomato.com/ncr/world-cafe-vibe-by-the-lalit-traveller-sector-35-faridabad,"Vibe by The Lalit Traveller, 12/7, Sector 35, Faridabad",9.11294E+11,28.47256285,77.3062725,"Panneer Butter Masala, Buffet, Mocktails, Dal Makhni, Pasta, Starters","Customizable, Extensive Food Menu, Private Dining Room, Sophisticated, Jazz Music, Worth the Price"
Sandhouse Café,"Continental, Pizza, Burger, Fast Food, Beverages",1000,"  32nd Avenue, NH8, Gurgaon, Gurgaon",4.1,397,4.2,382,https://www.zomato.com/ncr/sandhouse-caf-sector-15,"Unit 11, Ground Floor, 32nd Avenue, Sector 15, Gurgaon",9.19999E+11,28.46157648,77.05043267,"Choco Milkshake, Nutty Caramel Shake, Garden Pizza, Peri Peri Fries, Mocha, Onion Rings","Service by Staff, Ambience and Service, Pocket Friendly, Outdoor Seating, Seating Area, Cafe"
Honey & Dough,"Bakery, Desserts, Fast Food, Beverages, Italian, Coffee",500," Malviya Nagar, New Delhi",4.1,190,4.1,497,https://www.zomato.com/ncr/honey-dough-malviya-nagar-new-delhi,"C-64, Ground Floor, Shivalik, Malviya Nagar, New Delhi",9.17828E+11,28.54034269,77.21183661,,
Cafe Me Diner,"North Indian, Italian, Chinese, Momos, Thai, Continental",1400," Janakpuri, New Delhi",4.1,894,3.7,2262,https://www.zomato.com/ncr/cafe-me-diner-janakpuri-new-delhi,"B1/1, Community Centre, Janakpuri, New Delhi",9.17065E+11,28.6283988,77.09148321,,
Nizam's Kathi Kabab,"North Indian, Mughlai, Rolls, Beverages",250," Connaught Place, New Delhi",4.1,2515,4.2,1733,https://www.zomato.com/ncr/nizams-kathi-kabab-connaught-place-new-delhi,"H-5/6, Plaza Building, Connaught Place, New Delhi",9.11124E+11,28.63497238,77.21947018,"Kadak Chicken Tikka, Nimbu Pani, Kathi Rolls, Seekh Roll, Firni, Chicken Roll","Relaxed Atmosphere, Comfortable Seating Area, Cozy Place, Art, Authenticity, Good Options"
Dough & Cream,"Bakery, Fast Food, Beverages, Desserts",400," Subhash Nagar, New Delhi",4.1,409,4.3,967,https://www.zomato.com/ncr/dough-cream-subhash-nagar-new-delhi,"Shop 6 - 8, Ground Floor, Property 9/64, Subhash Nagar, New Delhi",9.11146E+11,28.63652875,77.11866137,"Clean and Hygienic Place, Served Quickly, Best Staff, Sanitised Service, Decoration, Great Veg Options",
Kaleva,"Mithai, Fast Food, Street Food, North Indian",350," Gole Market, New Delhi",4.1,499,4.2,7477,https://www.zomato.com/ncr/kaleva-gole-market-new-delhi,"109, Bangla Saheb Marg, Gole Market, New Delhi",9.17982E+11,28.63326237,77.20850665,"Kesar Jalebi, Paneer Pakora, Kalakand, Dhokla, Rasmalai, Raj Kachori","Street Food, Great Ambiance, Polite Staff, Contactless Delivery, Perfect Presentation, Extensive Menu"
Punjab Junction,"North Indian, Mughlai, Chinese, Fast Food, Beverages, Biryani, Rolls",700," Old Railway Road, Gurgaon",4.1,809,3.9,13600,https://www.zomato.com/ncr/punjab-junction-2-old-railway-road,"P2A, Circular Road, New Colony, Near Mehta Showroom, Old Railway Road, Gurgaon",9.19812E+11,28.46786014,77.01672301,"Afghani Bbq Chicken, Mushroom Masala, Kurkure Momo, Mutton Handi, Chilli Potatoes, Tandoori Momos","Not very Crowded, Indoor Seating, Great Recommendations, Low Price, View, Interior"
Kuch Bhi Chalega,"Chinese, Fast Food, Street Food, Momos, Beverages",600," Janakpuri, New Delhi",4.1,207,4.0,272,https://www.zomato.com/ncr/kuch-bhi-chalega-janakpuri-new-delhi,"C 4B/303A, Near Surajmal Institute, Janakpuri, New Delhi",9.19872E+11,28.61871307,77.09177524,"Bubblegum Shake, Kurkure Momo, Veg Spring Roll, Mixed Sauce Pasta, Paneer Momos, Noodle","Pocket Friendly Place, Elegantly Decorated, Servings, Ambience was Super Cool, Quality of Food, Great Recommendations"
Cafe Walias - Bistro & Bakery,"Cafe, Finger Food, Chinese, Fast Food, Beverages, Pasta",500," Karkardooma, New Delhi",4.1,186,4.2,203,https://www.zomato.com/ncr/cafe-walias-bistro-bakery-karkardooma-new-delhi,"120, Ground Floor, Hargobind Enclave, Karkardooma, New Delhi",9.18369E+11,28.64832485,77.3018207,"Good Service N Hygienic Food, Great Food Great Service, Variety of Pizza, Nice Concept, Beautiful Place, Good Music",
Roms Pizza,"Pizza, Burger, Fast Food",300," Laxmi Nagar, New Delhi",4.1,731,3.9,13900,https://www.zomato.com/ncr/roms-pizza-1-laxmi-nagar-new-delhi,"U 112-B, Laxmi Nagar, New Delhi",9.11141E+11,28.63053165,77.2777801,,
Kill The Bill,"North Indian, Chinese, Continental, Italian, Fast Food",1200," Connaught Place, New Delhi",4.1,1335,4.1,397,https://www.zomato.com/ncr/kill-the-bill-connaught-place-new-delhi,"F-14/15, 1st Floor, Middle Circle, Connaught Place, New Delhi",9.1114E+11,28.63080516,77.22078279,"Chocolate Dream, Butter Popcorn, Vegetable Club Sandwich, Jager Bomb, Kurkure Paneer, Tandoori Non Veg Platter","Fairly Priced Beers, Casual Dress Code, Lightings, Sofas, Awesome Music, Nice Interiors"
Bread & More,"Bakery, Cafe, Fast Food, Beverages",600," Greater Kailash 1 (GK1), New Delhi",4.1,480,4.1,3382,https://www.zomato.com/ncr/bread-more-greater-kailash-gk-1-new-delhi,"N-17, N Block Market, Greater Kailash (GK) 1, New Delhi",9.11129E+11,28.55655552,77.23291643,,
Lebanese Point,"Lebanese, Rolls",500," PVR Anupam Complex, Saket, New Delhi",4.1,529,4.2,3607,https://www.zomato.com/ncr/lebanese-point-saket-new-delhi,"Shop 7, Ground Floor, PVR Anupam Shopping Complex, Saket, New Delhi",9.11142E+11,28.52346122,77.20720526,"Lebanese Chicken, Chicken Shawarama, Grill Chicken, Chicken Platter, Shawarma, Hummus","Authenticity, Polite Staff, Vibe, Location, Seating, Owner"
The Société,"North Indian, Continental, Chinese, Fast Food, Bar Food, European, Pizza, Beverages",1500," Eros City Square Mall, Sector 49, Gurgaon, Gurgaon",4.1,320,4.2,123,https://www.zomato.com/ncr/the-socit-sector-49,"Second Floor, Commercial Complex, Eros City Square Mall, Sector 49, Gurgaon",011 61495445,28.41302502,77.05501925,"Decor is Excellent, Good Food and Good Service, Music and Ambience, Service is Great, Amazing Decor, Live Band",
Haldi - Desi Rasoi Urban Tadka,"North Indian, Rolls, Mughlai",600," Sector 71, Noida",4.1,344,4.1,1561,https://www.zomato.com/ncr/haldi-desi-rasoi-urban-tadka-1-sector-71-noida,"BH 19, Gautam Budh Nagar, Sector 70, Near Sector 71, Noida",9.19874E+11,28.599619,77.385246,,
Fifth Avenue Bakery & Cafe,"Bakery, Cafe, Desserts, Fast Food, Italian",1000,"  32nd Avenue, NH8, Gurgaon, Gurgaon",4.1,294,4.0,412,https://www.zomato.com/ncr/fifth-avenue-bakery-cafe-sector-15,"32nd Avenue, Sector 15, Gurgaon",9.17982E+11,28.46161244,77.05023017,"Salted Caramel Pastry, Blueberry Cheese Cake, Cupcakes, Cappuccino, Pastries, Deserts","Portion Size was Good, Coffee Date, Pretty Decor, Staff Behavior, Cashless Payments, Vibe"
Curry House CoCo Ichibanya,"Japanese, Asian, Seafood, Beverages, Fast Food",800," Cyber Hub, DLF Cyber City, Gurgaon",4.1,177,4.4,412,https://www.zomato.com/ncr/curry-house-coco-ichibanya-dlf-cyber-city,"Unit 112, 1st Floor, Cyber Hub, DLF Cyber City, Gurgaon",9.19312E+11,28.4965417,77.0890517,"Excellent Food Service, Best Decor, Comforting Atmosphere, Clean and Hygienic Place, Staff Behaviour, Fantastic Decoration",
Drunken Detective,"North Indian, Chinese, Finger Food, Fast Food, Desserts",1200," Indirapuram, Ghaziabad",4.1,237,3.7,144,https://www.zomato.com/ncr/drunken-detective-indirapuram-ghaziabad,"1st Floor, C Block, Indirapuram Habitat Center, Ahinsa Khand 1, Indirapuram, Ghaziabad",9.19316E+11,28.64001484,77.36930843,,
Happy Tummy,"North Indian, Chinese, Fast Food, Desserts, Italian, Momos, Beverages",1000," Karkardooma, New Delhi",4.1,548,4.0,11100,https://www.zomato.com/ncr/happy-tummy-karkardooma-new-delhi,"G-8 -10, United Plaza, Karkardooma Community Centre, Karkardooma, New Delhi",9.19874E+11,28.64833397,77.30232697,"Momo Platter, Deluxe Thali, Mixed Vegetables, Noodle, Peri Peri Fries, Mix Veg","Comfortable Seating Area, Relaxed Atmosphere, Good Packaging, Nice Food, Best Food, Good Quantity"
Hira Sweets,"Mithai, North Indian, South Indian, Fast Food, Street Food, Ice Cream, Desserts, Beverages",600," Laxmi Nagar, New Delhi",4.1,1717,4.1,35300,https://www.zomato.com/ncr/hira-sweets-laxmi-nagar-new-delhi,"E-60, Vikas Marg, Laxmi Nagar, New Delhi",9.11123E+11,28.63369819,77.28207227,"Fruit Rabri, Balushahi, Matar Kachori, Stuffed Aloo, Kaju Katli, Kalakand","Gift Baskets Available, Sweetshop+Restaurant, Spacious Seating Area, Good for Families, Parking Space Available, Comfortable Chairs"
Otik Cake Shop,"Bakery, Desserts, Fast Food",400," Rajouri Garden, New Delhi",4.1,634,4.0,6741,https://www.zomato.com/ncr/otik-cake-shop-rajouri-garden-new-delhi,"Shop 2, J-12/22, Rajouri Garden, New Delhi",9.11141E+11,28.64055921,77.1203069,"Chocolate Mud Pastry, Choco Crunch, Choco Truffle, Cupcakes, Tiramisu, Pastry","Highly Recommended, Design, Decoration, Family Crowd, Concept, Courteous Staff"
Burger King,"Burger, Desserts, Beverages, Fast Food",400," Aggarwal City Mall, Pitampura, New Delhi",4.1,514,4.3,11100,https://www.zomato.com/ncr/burger-king-karkardooma,"Unit 27, Plot 29-31, Ground Floor, Aggarwal Fun City Mall, Karkardooma, New Delhi",9.18657E+11,28.66085512,77.29750335,"Economical, Cozy Ambiance, Nice Crowd, Inexpensive, Great Recommendations, Polite Staff",
Urban Punjab,"North Indian, Chinese, Rolls",500," Vivek Vihar, New Delhi",4.1,560,,3,https://www.zomato.com/ncr/urban-punjab-vivek-vihar-new-delhi,"C-207, Near Reliance Fresh, Jhilmil Colony, Vivek Vihar, New Delhi",9.11122E+11,28.66810798,77.31208418,"Achaari Chaap, Malai Chaap Roll, Dal Makhni, Paneer Tikka, Rolls","Casual Seating Area, Low Price, Polite Staff, Reasonable Prices, Seating, Great Taste"
Cinnamon Kitchen,"North Indian, Chinese, Continental, Italian, Fast Food, Beverages",1400," Aditya City Centre, Indirapuram, Ghaziabad",4.1,889,3.8,2424,https://www.zomato.com/ncr/cinnamon-kitchen-indirapuram-ghaziabad,"AG 9, Aditya City Centre, Vaibhav Khand, Indirapuram, Ghaziabad",9.188E+11,28.63871099,77.36181367,"Mushroom Kabab, Chicken Lollipop, Mocktails, Kadhai Paneer, Spring Roll, Butter Naan","Live Music, Chinese, Good Value, Good Staff, Best Restaurant, Decent Place"
Roasted By Roseate,"Cafe, Bakery, Fast Food, Continental, Beverages, Coffee",1600," Roseate House, Aerocity, New Delhi",4.1,166,,12,https://www.zomato.com/ncr/roasted-by-roseate-aerocity-new-delhi,"Roseate House, Asset 10, Hospitality District, Aerocity, New Delhi",9.11172E+11,28.5508906,77.121595,,
Sabzi Heritage,"North Indian, Fast Food, Beverages",1000," Golf Course Extension, Gurgaon",4.1,138,3.9,70,https://www.zomato.com/ncr/sabzi-heritage-golf-course-extension,"Shop 6, 7, Block 7, M3M Urbana Mall, Sector 67, Golf Course Extension, Delhi NCR, Delhi NCR",9.18376E+11,28.39056567,77.06683036,,
The Tea Room From Blossom Kochhar,"Cafe, Fast Food, Sandwich",650," Hauz Khas Village, New Delhi",4.1,271,,0,https://www.zomato.com/ncr/the-tea-room-from-blossom-kochhar-hauz-khas-village-new-delhi,"1, Part One, Hauz Khas Village, New Delhi",9.11141E+11,28.55502682,77.1950946,"White Tea, Ginger Tea, Masala Chai, Pancakes, Hot Chocolate, Cookies","Board Games, Soothing Ambience, Excellent Variety, Lightings, Cozy, Peaceful Place"
Crazy Kitchen Rooftop & Lounge,"North Indian, Chinese, Italian, Fast Food",700," Satyaniketan, New Delhi",4.1,431,3.7,165,https://www.zomato.com/ncr/crazy-kitchen-rooftop-lounge-satyaniketan-new-delhi,"37, South Moti Bagh, Satyaniketan, New Delhi",9.19899E+11,28.58809904,77.16785073,,
Madan Sweets and Restaurant,"North Indian, South Indian, Chinese, Fast Food, Mithai",500," Nehru Nagar, Ghaziabad",4.1,370,4.1,6020,https://www.zomato.com/ncr/madan-sweets-and-restaurant-1-nehru-nagar-ghaziabad,"3, K-23, Rakesh Marg, Nehru Nagar, Ghaziabad",9.11203E+11,28.65371886,77.44497523,"Imarti, Chilli Potatoes, Sweets, Samosa, Pav Bhaji, Lassi","Great Recommendations, Reasonable Prices, Wonderful Presentation, Good Place, Ambience, Delicious Food"
Pizza'81,"Pizza, Fast Food",400," Preet Vihar, New Delhi",4.1,532,3.9,1500,https://www.zomato.com/ncr/pizza81-preet-vihar-new-delhi,"Shop 9, Ground Floor, CSC Swasthya Vihar, Preet Vihar, New Delhi",9.11135E+11,28.64045181,77.28994288,,
Kulcha Junction,Street Food,200," Karol Bagh, New Delhi",4.1,594,3.5,986,https://www.zomato.com/ncr/kulcha-junction-1-karol-bagh-new-delhi,"T2935, Ground Floor, Faiz Road, Karol Bagh, New Delhi",9.19711E+11,28.64758868,77.19855666,"Garlic Paneer Kulcha, Mixed Kulcha, Paneer Naan, Aloo Kulcha, Boondi Raita, Lassi","Drive through, Casual Seating Area, Not very Crowded, Authenticity, More Variety, Cleanliness"
Dilli 32 - The Leela Ambience Convention Hotel,"North Indian, Mughlai, Biryani, Fast Food, Beverages",3500," The Leela Ambience Convention Hotel, New Delhi",4.1,378,,5,https://www.zomato.com/ncr/dilli-32-the-leela-ambience-convention-hotel-vivek-vihar-new-delhi,"The Leela Ambience Convention Hotel, Plot 1, CBD Shahdara, Near Vivek Vihar, New Delhi",9.18131E+11,28.6616718,77.30290499,"Live Music, Comfortable Seating, Excellent Service, Environment, Great Service, Nice Ambience",
Cultured - Heartcrafted Brew & Eatery,"Continental, Fast Food, Mediterranean, Beverages",700," Safdarjung, New Delhi",4.1,131,3.9,219,https://www.zomato.com/ncr/cultured-heartcrafted-brew-eatery-safdarjung-new-delhi,"House 168, 2nd Floor, Humyupur, NCC Gate, Safdarjung, New Delhi",9.11142E+11,28.56143155,77.19395801,"Assamese Thali, Croque Monsieur, Buttermilk Pancakes, Almond Cake, Tea, Coffee","Gastronomical Experience, Vibe, Breakfast, Good Quality Food, Cafe, Portions"
Domino's Pizza,"Pizza, Fast Food, Desserts, Beverages",500," Ballabhgarh, Faridabad",4.1,611,4.0,5655,https://www.zomato.com/ncr/dominos-pizza-ballabhgarh-faridabad,"Unit 301/302, Tigaon Road, Bhikam Colony, Ballabhgarh, Faridabad",9.11292E+11,28.3413897,77.32463423,"Good Delivery, Cozy Ambiance, Nice Crowd, Prompt Service, Delivery Time, Polite Staff",
Sardar-Ji-Bakhsh Coffee & Co.,"Cafe, Italian, Fast Food",500," Hauz Khas, New Delhi",4.1,402,4.1,1462,https://www.zomato.com/ncr/sardar-ji-bakhsh-coffee-co-hauz-khas-new-delhi,"Shop 8, Surya Mansion, Chaudhary Dalip Singh Marg, Kaushalya Park, Padmini Enclave, Hauz Khas, New Delhi",9.19667E+11,28.55051363,77.20459633,"Hazelnut Coffee, Peri Fries, Thick Shakes, Chicken Popcorn, Coffees, Mocha","Service Time, Parking, Environment, Nice Ambience, Friendly Staff, Decor"
Chai Point,"Tea, Fast Food, Beverages, Street Food",450," Cyber Hub, DLF Cyber City, Gurgaon",4.1,998,4.1,8260,https://www.zomato.com/ncr/chai-point-dlf-cyber-city,"Gate 1, Unit 1D-B, Ground Floor, Upper Ground Floor, Building-10, DLF Cyber City, Gurgaon",9.18288E+11,28.4950389,77.0876363,"Banana Pie, Ginger Lemon Tea, Egg Sandwich, Masala Chai, Poha, Paneer Tikka Sandwich","No Plastic Cups, Bamboo Straws, Paper Straws, Nice Concept, Family Crowd, Good Options"
Kullhad Chai,"South Indian, Street Food, North Indian, Tea, Beverages",300," Rajinder Nagar, New Delhi",4.1,153,4.0,1271,https://www.zomato.com/ncr/kullhad-chai-1-rajinder-nagar-new-delhi,"Shop 13, Ground Floor, Kailash Arcade, Old Rajendra Nagar Market, Rajinder Nagar, New Delhi",9.19312E+11,28.64161705,77.18516205,"Bun Maskas, Tandoori Chai, Vada Pav, Filter Coffee, Pav Bhaji, Maggi","Not very Crowded, Cordial Staff, Cozy Ambiance, Inexpensive, Great Ambiance, Low Price"
Shake Square,"Beverages, Fast Food, Ice Cream, Desserts",300," Connaught Place, New Delhi",4.1,1611,3.6,890,https://www.zomato.com/ncr/shake-square-connaught-place-new-delhi,"C 24/2, Middle Circle, Connaught Place, New Delhi",9.1981E+11,28.63476197,77.22054742,,
Bunta Bar Live,"North Indian, Chinese, Momos, Fast Food",1400," Janpath, New Delhi",4.1,1073,,1,https://www.zomato.com/ncr/bunta-bar-live-janpath-new-delhi,"76, Floor 2, Janpath, New Delhi",9.19355E+11,28.62832552,77.21970655,"Walnut Brownie Sundae, Achari Paneer, Cheesy Fries, Cocktails, Soya Chaap, Alfredo Pasta","Kid Friendly, Lightings, Lovely Ambience, Comfortable Seating, Beautiful Ambience, Packed on Weekends"
Crops & Curries,"North Indian, Continental, Chinese, Desserts, Fast Food, Beverages",1700," Sector 72, Noida",4.1,173,,7,https://www.zomato.com/ncr/crops-curries-sector-72-noida,"2nd Floor, Amrapali Crystal Homes Market, Shopping Orcette, Sector 76, Near Sector 72, Noida",9.1999E+11,28.57120441,77.38262661,,
Cheese & More - The Kitchen,"Continental, Fast Food",600," Charmwood Village, Faridabad",4.1,230,4.0,1897,https://www.zomato.com/ncr/cheese-more-the-kitchen-charmwood-village-faridabad,"1st Floor, Vatika Complex, Charmwood Village, Faridabad",9.11294E+11,28.4920169,77.29225125,,
Flavours,"Chinese, Fast Food, Beverages",400," Pitampura, New Delhi",4.1,797,,1,https://www.zomato.com/ncr/flavours-pitampura-delhi,"2, Chanderlok Enclave, Pitampura, New Delhi",9.11127E+11,28.69084559,77.13567127,"Noodle, Chowmein, Cheese Burger, Veg Burger, Spring Roll, Chilli Potato","Economical, Great Recommendations, Seating Arrangement, Friendly Place, Sitting, Polite Staff"
Janki Vaishno Dhaba,"North Indian, Chinese, Fast Food",400," Subhash Nagar, New Delhi",4.1,375,4.1,764,https://www.zomato.com/ncr/janki-vaishno-dhaba-subhash-nagar-new-delhi,"WZ 714, Tihar Village, Government Girls Convent School, Ashok Nagar, Subhash Nagar, New Delhi",9.19959E+11,28.63438678,77.1032846,"Desi Vibes, Pocket Friendly, Quick Delivery, Reasonable Price, Food Quality, Good Food",
KFC,"Burger, Fast Food, Beverages, Desserts",450," Rohini, New Delhi",4.1,715,4.1,12100,https://www.zomato.com/ncr/kfc-2-rohini-new-delhi,"17, Unity One Mall, MLCP Plot, Near Rohini Unity Mall, Rohini, New Delhi",9.18043E+11,28.71474622,77.11614545,"Strawberry Storm, Ginger Chicken, Popcorn Chicken, French Fries, Burgers","Casual Seating Area, Office Crowd, Economical, Good Crowd, Great Recommendations, Low Price"
Mithaas,"North Indian, South Indian, Street Food, Continental, Mithai, Chinese",500," Crossing Republik, Ghaziabad",4.1,615,4.0,38300,https://www.zomato.com/ncr/mithaas-crossing-republik-ghaziabad,"Shop 30 & 33, Kings Avenue, Crossings Republik, Ghaziabad",9.19206E+11,28.62628462,77.43548658,"Kaju Barfi, Hot Gulab Jamun, Rasgulla, Jalebi, Chole Bhature, Snacks","Freshly Made Sweets, Nice/Colourful Packaging, Parking Space Available, Hygienic Place, Family Crowd, Breakfast"
The Chai Story,"Fast Food, Beverages, Tea, Sandwich, Pizza",600," Munirka, New Delhi",4.1,197,3.8,758,https://www.zomato.com/ncr/the-chai-story-munirka-new-delhi,"Shop 1/4, Property C-85, Village Munirka, Munirka, New Delhi",9.19818E+11,28.55713463,77.17319489,,
Gulati Da Punjabi Dhaba,"North Indian, Street Food",500," NIT, Faridabad",4.1,493,4.1,26300,https://www.zomato.com/ncr/gulati-da-punjabi-dhaba-nit-faridabad,"Shop 5E-14, Near Fruit Garden Railway Road, NIT, Faridabad",9.19643E+11,28.39567676,77.30578333,"Panneer Butter Masala, Tandoori Chaap, Dal Makhni, Naan, Momos","Cozy Ambiance, Inexpensive, Great Recommendations, Best Food, Nice Food, Tasty Food"
#OFF Campus,"Beverages, Continental, Italian, Fast Food, Momos",800," Satyaniketan, New Delhi",4.1,1356,,0,https://www.zomato.com/ncr/off-campus-satyaniketan-new-delhi,"284, Opposite Sri Venkateshwara College, Satyaniketan, New Delhi",9.19872E+11,28.58852356,77.16866579,,
Healthy Chef,"Cafe, Healthy Food, Asian, Desserts, Fast Food, Beverages",600," Janakpuri, New Delhi",4.1,344,4.0,4919,https://www.zomato.com/ncr/healthy-chef-1-janakpuri-new-delhi,"C-2B/66A, Janakpuri, New Delhi",9.19912E+11,28.62173504,77.08763022,,
Nitin Da Dhaba,"North Indian, Chinese, Fast Food",250," Sheikh Sarai, New Delhi",4.1,357,3.9,122,https://www.zomato.com/ncr/nitin-da-dhaba-sheikh-sarai-new-delhi,"480, Gound Floor, New Garniya Mohala, Chirag, Sheikh Sarai, New Delhi",9.19911E+11,28.53795576,77.23049372,"Kadai Chicken, Cheesecake, Chaap, Dal Makhni, Butter Chicken","Amazing Food and Experience, Customizable Dishes, Variety of Pizza, Weekend Brunch, Good Wifi, Student Crowd"
The Gol Chakkar Cafe,"North Indian, Continental, Chinese, Mughlai, Fast Food, Beverages",1700," Kalkaji, New Delhi",4.1,522,4.0,1239,https://www.zomato.com/ncr/the-gol-chakkar-cafe-kalkaji-new-delhi,"F-1, 2nd & 3rd Floor, Kalkaji, New Delhi",9.11149E+11,28.54227776,77.25291532,"Peri Peri Pizza, Tandoori Platter, Mutton Seekh, Tiramisu, Mocktail, Hummus","Romantic Place, Hookahs, Rooftop Ambience, Pocket Friendly Prices, Sheesha, View"
League Of Nations,"North Indian, Fast Food, Chinese, Beverages",800," Vijay Nagar, New Delhi",4.1,365,3.8,44,https://www.zomato.com/ncr/league-of-nations-vijay-nagar-new-delhi,"8-H-B, 1st & 2nd Floor, GTB Nagar, Opposite NDPL Power House, Vijay Nagar, New Delhi",9.1806E+11,28.69326581,77.20485717,"Signature Chapman, Chocolate Pancakes, Chinese Platter, Chicken Burger, White Sauce Pasta, Shakes","Rooftop Ambience, Pocket Friendly Place, Fancy Crowd, Packed on Weekends, Live Music, Family Place"
Dunkin' Donuts,"Desserts, Beverages, Burger, Fast Food",600," Barakhamba Road, New Delhi",4.1,520,4.3,5406,https://www.zomato.com/ncr/dunkin-donuts-barakhamba-road,"18-20, Barakhamba",9.17504E+11,28.62786672,77.2234945,"Cookie Cartwheel, Heaven can Wait Burger, Chocolate Eclairs, Eclair, Coffees, Wraps","Not very Crowded, Cozy Ambiance, Favorite Place, Prompt Service, Great Recommendations, Quick Service"
Kake Da Hotel,"North Indian, Fast Food, Mughlai, Desserts, Beverages",1000," Malviya Nagar, New Delhi",4.1,586,3.9,9683,https://www.zomato.com/ncr/kake-da-hotel-malviya-nagar-new-delhi,"E 1/13, Ground Floor, Main Road, Malviya Nagar, New Delhi",9.1115E+11,28.53384243,77.2090498,,
Rasoi By Atithi House,"North Indian, Chinese, Mughlai, Fast Food, Desserts, Beverages",500," Knowledge Park, Greater Noida",4.1,560,3.7,10900,https://www.zomato.com/ncr/rasoi-by-atithi-house-knowledge-park-greater-noida,"C-34, Near IIMT College, Knowledge Park, Greater Noida",9.17065E+11,28.478222,77.489243,,
Kafe Republic,"Cafe, Continental, Fast Food, Beverages",1200," Indirapuram, Ghaziabad",4.1,494,3.9,493,https://www.zomato.com/ncr/kafe-republic-indirapuram-ghaziabad,"Opposite DPS, Ground Floor, Eros Market Place, Shakti Khand 2, Indirapuram, Ghaziabad",9.19711E+11,28.64705818,77.37501249,,
UP 16 Cafe & Bar,"Mughlai, North Indian, Pizza, Continental, Italian, Chinese, Street Food",1200," Logix City Centre, Sector 32, Noida, Noida",4.1,248,,7,https://www.zomato.com/ncr/up-16-cafe-bar-sector-31-noida,"Logix City Centre, 2nd Floor, Sector 32, Near Sector 31, Noida",9.11204E+12,28.574312,77.353581,"Ambience was Super Cool, Weekend Brunch, Amazing Ambience, Good Music, Elaborate Menu, Good Wifi",
The Feast Box,"Chinese, Italian, Momos, Burger, Wraps, Fast Food, Beverages",650," Sector 135, Noida",4.1,190,4.0,1415,https://www.zomato.com/ncr/the-feast-box-sector-135-noida,"Shop 32, Assotech Business Cresterra, Sector 135, Noida",9.1983E+11,28.49656383,77.40196265,,
Al - Bake,"North Indian, Chinese, Mughlai, Kebab, Momos",600," Community Centre, New Friends Colony, New Delhi",4.1,3197,3.7,1719,https://www.zomato.com/ncr/al-bake-new-friends-colony-new-delhi,"Shop 21-23, Community Centre, New Friends Colony, New Delhi",9.11142E+11,28.56165388,77.26824146,"Mutton Hyderabadi, Chicken Shawarama, Shawarma Rolls, Shawarma Platter, Tangdi Chicken, Gravy Chicken","Affordable, Cheap Prices, Open Area, More Variety, Cleanliness, Authentic Food"
Waffle King,"Desserts, Fast Food, Beverages",300," Pitampura, New Delhi",4.1,353,4.3,2745,https://www.zomato.com/ncr/waffle-king-2-pitampura-new-delhi,"E-16/ 383, Sector 8, Pitampura, New Delhi",9.19874E+11,28.70438386,77.12096673,,
Delhi Salad Store,"Salad, Fast Food, Healthy Food, Beverages",600," M Block Market, Greater Kailash 1 (GK1), New Delhi",4.1,214,3.9,893,https://www.zomato.com/ncr/delhi-salad-store-greater-kailash-gk-1-new-delhi,"M34/1, M Block Market, Greater Kailash 1 (GK 1), New Delhi",9.11141E+11,28.54966368,77.23667186,,
SGF - Spice Grill Flame,"North Indian, Chinese, Rolls",400," Model Town 2, New Delhi",4.1,432,3.7,3894,https://www.zomato.com/ncr/sgf-spice-grill-flame-1-model-town-2-new-delhi,"Shop D 2/1, Model Town 3, Near Model Town 2, New Delhi",9.19556E+11,28.70823969,77.18484085,,
Shri Ram Dhaba,"North Indian, Chinese, Fast Food",500," Sohna Road, Gurgaon",4.1,842,3.7,473,https://www.zomato.com/ncr/shri-ram-dhaba-sohna-road,"Opposite Omaxe City Center, Sohna Road, Gurgaon",9.19873E+11,28.4115774,77.04174098,"Dal Chawal, Paneer Taka Tak, Mixed Vegetables, Parathas, Lassi, Palak Paneer","Casual Seating Area, Elegantly Decorated, Pocket Friendly, Inexpensive, Good Crowd, Best Service"
Hunger Cure,"Fast Food, Chinese, Beverages, Desserts, North Indian",500," Sector 14, Faridabad",4.1,558,4.1,4843,https://www.zomato.com/ncr/hunger-cure-sector-14-faridabad,"SCF 77, Main Market, Sector 14, Faridabad",9.11294E+11,28.39458194,77.3296674,"Dragon Roll, Chocolate Fudge, Soups, Salads, Spring Rolls, Hakka Noodles","Friendly Place, Decent Place, Best Places, Great Taste, Good Service, Good Place"
The Galaxy,"North Indian, Chinese, Rolls, Momos",600," Delhi University-GTB Nagar, New Delhi",4.1,203,3.8,476,https://www.zomato.com/ncr/the-galaxy-delhi-university-gtb-nagar-new-delhi,"201, Hakikat Nagar, Delhi University-GTB Nagar, New Delhi",9.19899E+11,28.6992874,77.2081831,"Bhati Ka Murg, Veg Seekh Kabab, Cheese Naan, Chicken Burra, Afghani Chaap, Kadhai Chicken","Good Packaging, Good Wifi, Amazing Taste, Food Taste, Elaborate Menu, Student Crowd"
Le Chef,"North Indian, Chinese, South Indian, Fast Food, Ice Cream, Beverages",700," Cross River Mall, Karkardooma, New Delhi",4.1,485,4.0,1664,https://www.zomato.com/ncr/le-chef-karkardooma-new-delhi,"2nd Floor, Cross River Mall, Karkardooma, New Delhi",9.1991E+11,28.65748652,77.30239939,,
Delicieux,"Bakery, Desserts, Chinese, Fast Food, Burger",350," Janakpuri, New Delhi",4.1,279,4.2,2821,https://www.zomato.com/ncr/delicieux-janakpuri-new-delhi,"C 2, 16, Janakpuri, New Delhi",9.1114E+11,28.62167441,77.08454199,,
Bombay Blast,"Street Food, Fast Food, Beverages",350," Ashok Vihar Phase 2, New Delhi",4.1,260,4.3,2599,https://www.zomato.com/ncr/bombay-blast-1-ashok-vihar-phase-2-new-delhi,"Plot 25, B2 Block, Deep Cinema Road, Ashok Vihar Phase 2, New Delhi",9.11149E+11,28.6922085,77.17469338,"Masala Pao Bhaji, Tawa Pulao, Dahi Puri, Bhel Puri, Vada Pao, Pav Bhaji","Economical, Polite Staff, Spicy, Food Presentation, Flavour, Packing"
Brown Sugar,"Fast Food, Chinese, Bakery, Desserts, North Indian, Beverages",500," M Block Market, Greater Kailash 1 (GK1), New Delhi",4.1,1259,3.9,17300,https://www.zomato.com/ncr/brown-sugar-greater-kailash-gk-1-new-delhi,"M-73, M Block Market, Greater Kailash (GK) 1, New Delhi",9.11142E+11,28.55081373,77.23394539,"Wheat Steamos, Chocolate Pie, Chicken Sandwiches, Oreo Shakes, Milkshakes, Smoothies","Bang for the Buck, Cozy Ambiance, Casual Seating Area, Nice Crowd, Inexpensive, Serving Size"
The Burger Company,"Burger, Fast Food, Beverages",400," Global Foyer, Palam Vihar, Gurgaon",4.1,217,3.8,1636,https://www.zomato.com/ncr/the-burger-company-palam-vihar,"Ground Floor 11, Global Foyer, Palam Vihar, Delhi NCR",9.2E+11,28.51203243,77.04015646,,
The Coffee Bean & Tea Leaf,"Coffee, Tea, Cafe, Fast Food, Sandwich, Bakery, Desserts, Beverages",800," Select Citywalk Mall, Saket, New Delhi",4.1,1045,4.3,992,https://www.zomato.com/ncr/the-coffee-bean-tea-leaf-saket-new-delhi,"1st Floor, Select Citywalk Mall, Saket, New Delhi",9.11141E+11,28.5286311,77.219521,"Decaf Coffee, Hazelnut Americano, Mocha Latte, Chocolate Pie, Almond Cake, Dessert Counter","Serving Size, Cozy Place, Breakfast, View, Courteous Staff, Good Ambience"
4th Street Cafe,"Fast Food, Beverages, Cafe",500," Preet Vihar, New Delhi",4.1,555,4.2,3929,https://www.zomato.com/ncr/4th-street-cafe-preet-vihar-new-delhi,"Shop 14, G Block, DDA Market 1st, Preet Vihar, New Delhi",9.11122E+11,28.64229235,77.29801666,"Chicken Fried Momos, Peri Fries, White Pasta, Maggie, Salads, Sandwiches","Intimate Seating, Cheap, Soft Music, Family Crowd, Best Places, Student Crowd"
HashStix,"Burger, Momos, Fast Food, Desserts, Beverages",400," Sector 15, Faridabad",4.1,470,4.1,5736,https://www.zomato.com/ncr/hashstix-sector-15-faridabad,"Shop 20, Sector 15, Faridabad",9.19872E+11,28.3955983,77.32418362,"Kit Kat Shake, Waffle, Chicken Momos, Spring Rolls, Shakes, Chutney","Seating Arrangements, Polite Staff, Concept, Awesome Place, Hospitality, Tasty"
Nirula's,"Fast Food, Pizza, Ice Cream, Beverages, Desserts",500," Sushant Lok, Gurgaon",4.1,421,4.1,10400,https://www.zomato.com/ncr/nirulas-sushant-lok,"Shop 1 - 2, Sri Ram Complex, C Block, Near SRS Mall, Sushant Lok, Gurgaon",9.196E+11,28.45338791,77.08256956,"Ice Cream Sundae, Choco Fudge, Sundae, Ice Creams, Dessert, Burgers","Perfect Place, Good Taste, Good Food, Spicy, Price, Staff"
La Vie Pizzeria,"Pizza, Fast Food, Beverages",1000," Khan Market, New Delhi",4.1,680,4.2,1123,https://www.zomato.com/ncr/la-vie-pizzeria-khan-market-new-delhi,"P1, Sujan Singh Park, Opposite Gopal Mandir, Khan Market, New Delhi",9.1801E+11,28.60014049,77.2271641,"Garden Pizza, Mushroom Soup, Lasagne, Pepperoni Pizza, Bruschetta, Smoothie","Live Kitchen, Cosy Place, Fresh Ingredients, Appetizers, Good Value, Atmosphere"
Arabian Delites,"Arabian, Fast Food, Wraps, Rolls",500," Flyover Market, Defence Colony, New Delhi",4.1,457,4.0,4417,https://www.zomato.com/ncr/arabian-delites-defence-colony-new-delhi,"23, Flyover Market, Defence Colony, New Delhi",9.11124E+11,28.57743856,77.23817725,"Rotisserie Chicken, Chicken Platter, Peri Peri Sauce, Potato Wedges, Falafel, Chicken Shawarma","Pocket Friendly, Authenticity, Low Price, Great Recommendations, Polite Staff, Preparation"
The Chocolate Villa,"Bakery, Fast Food, Desserts, Beverages",500," Crescent Square Mall, Rohini, New Delhi",4.1,462,4.1,1357,https://www.zomato.com/ncr/the-chocolate-villa-rohini-new-delhi,"20, Crescent Square Mall, DC Chowk, Sector 9, Rohini, New Delhi",9.11146E+11,28.71860166,77.1251047,"Chocolate Villa, Sizzling Brownie, Mud Cake, Chocolate Truffle Pastry, Cupcakes, Pastries","Design, Awesome Place, Owner, Nice Ambience, Interior, Environment"
Anjlika,"Bakery, Fast Food, Rolls, Ice Cream, Desserts, Beverages",400," Rajouri Garden, New Delhi",4.1,366,4.3,146,https://www.zomato.com/ncr/anjlika-rajouri-garden-new-delhi,"F-146, Rajouri Garden, New Delhi",9.11146E+11,28.64240828,77.12307092,"Caramel Fudge, Almond Biscotti, Chocochip Cake, Chicken Tikka Sandwich, Thick Shakes, Cookies","Pretty Decor, Coffee Date, Family Crowd, Portion Size, Cafe, Best Place"
The Regal Kitchen,"North Indian, Chinese, Momos",400," Sector 7, Dwarka, New Delhi",4.1,194,4.0,2172,https://www.zomato.com/ncr/the-regal-kitchen-sector-7-dwarka-new-delhi,"D-467, 1st Floor, Ramphal Chowk, Palam Extension, Sector 7, Dwarka, New Delhi",9.19311E+11,28.5851759,77.06891108,"Kheer, Kadhai Chicken, Chicken Malai Tikka, Chilli Potato, Paneer Lababdar, Shahi Paneer","Highly Recommended, Ambience was Super Cool, Good Hygiene, Family Crowd, Weekend Brunch, Fresh Food with Good Quality"
Khan Chacha,"North Indian, Mughlai, Rolls, Beverages",600," Khan Market, New Delhi",4.1,3469,4.3,1080,https://www.zomato.com/ncr/khan-chacha-khan-market-new-delhi,"Shop 50, 1st Floor, Middle Lane, Khan Market, New Delhi",9.11144E+11,28.59972307,77.22631317,"Haryali Roll, Spicy Chicken Roll, Mutton Kakori, Aloo Roll, Khameeri Roti, Chicken Kebab","Live Kitchen, Good for Large Groups, Hygienic Place, Family Place, Fancy Crowd, Seating Arrangement"
Al Lazeez,"North Indian, Mughlai, Rolls, Biryani",400," Lajpat Nagar 4, New Delhi",4.1,869,4.0,20800,https://www.zomato.com/ncr/al-lazeez-lajpat-nagar-4-new-delhi,"22, Ground Floor, Guru Nanak Market, Lajpat Nagar 4, New Delhi",9.18861E+11,28.56280261,77.23794322,"Achari Chicken, Keema Gravy, Mughlai Food, Tawa Chicken, Chicken Curry, Naan","Nice Crowd, Tandoori, Prompt Service, Good Taste, Great Taste, Reasonable Price"
Kake Da Hotel,"North Indian, Mughlai, Rolls, Chinese",700," Jail Road, New Delhi",4.1,282,3.9,1950,https://www.zomato.com/ncr/kake-da-hotel-1-jail-road-new-delhi,"HL 3, Hari Nagar, Jail Road, New Delhi",9.17304E+11,28.62561863,77.1012307,"Handi Meat, Rara Meat, Chicken Thali, Paneer Tikka Masala, Soya Chaap, Garlic Naan","Extensive Bar Menu, Great Buffet Spread, Excellent Food and Service, Best Prices, Family Place, Unique Menu"
The Chinese Hut,"Chinese, Fast Food, Momos",600," Aditya City Centre, Indirapuram, Ghaziabad",4.1,531,4.0,1398,https://www.zomato.com/ncr/the-chinese-hut-indirapuram-ghaziabad,"SPL 2, Aditya City Centre, Indirapuram, Ghaziabad",9.11204E+11,28.63887107,77.36121152,"Crispy Honey Chilli Potato, Pan Fried Noodles, Chicken Soup, Noodles, Starters","Chinese, Best Place, Spicy, Worth the Money, Main Course, Quantity"
Wabi Sabi,"Bakery, Fast Food, Desserts",500," Sector 93, Noida",4.1,193,4.1,865,https://www.zomato.com/ncr/wabi-sabi-sector-93-noida,"Shop 7 & 8, Choudhary Dharam Singh Market, Near ELT, Sector 93, Noida",9.19719E+11,28.52040794,77.3845236,"Owner, Great Taste, Price, Value for Money, Experience, Good Quality",
Makhani Siingh,"North Indian, Mughlai, Biryani, Rolls",550," The Great India Place, Sector 38, Noida",4.1,391,3.8,1042,https://www.zomato.com/ncr/makhani-siingh-sector-38-noida,"3rd Floor, Great India Place Mall, Sector 38A, Near Sector 38, Noida",9.19626E+11,28.56703613,77.32546236,"Paneer Masala Biryani, Dum Aloo Kashmiri, Soya Chaap Biryani, Non Veg Biryani, Tandoori Chaap, Jeera Rice","Highly Recommended, Tasty Stuff, Delivery on Time, Many Choices, Amazing Packaging, Packed on Weekends"
BTW,"North Indian, Street Food, South Indian, Chinese",500," Living Style Mall, Jasola, New Delhi",4.1,946,3.8,17800,https://www.zomato.com/ncr/btw-jasola-new-delhi,"1 & 2, Living Style Mall, Main Kalindi Kunj Road, Jasola, New Delhi",9.11141E+11,28.54096298,77.29668126,"Peda, Sev Puri, Raj Kachori, Tandoori Platter, Vada, Chutneys","Office Crowd, Inexpensive, Street Food, Cozy Place, Great Recommendations, Great Ambiance"
Angels In My Kitchen,"Bakery, Fast Food",400," Cyber Hub, DLF Cyber City, Gurgaon",4.1,1387,4.3,4960,https://www.zomato.com/ncr/angels-in-my-kitchen-dlf-phase-3,"K 10A, Cyber Hub, DLF Cyber City, DLF Phase 3, Gurgaon",9.11245E+11,28.4963163,77.0889169,"Belgian Evasion Cake, Chocolate Evasion, Mocha Pastry, Walnut Pie, Chocolate Croissant, Eclairs","Pretty Decor, Cosy Place, Good Stuff, Decoration, Favorite Place, View"
Subway,"Healthy Food, Fast Food, Salad, Wraps",500," Vijay Nagar, New Delhi",4.1,750,4.1,42900,https://www.zomato.com/ncr/subway-vijay-nagar-new-delhi,"F-21 B, Single Storey, Hudson Lane, Opposite NDPL House, Vijay Nagar, New Delhi",9.11145E+11,28.69379696,77.20442299,"Veggie Delite, Chicken Kofta, Teriyaki Chicken, Cookies, Salads, Sandwiches","Cute Little Place, Good Crowd, Great Recommendations, Great Ambiance, Healthy Food, Prompt Service"
Chinese Veg Crunch,"Chinese, Momos, North Indian",500," Rohini, New Delhi",4.1,180,4.0,8462,https://www.zomato.com/ncr/chinese-veg-crunch-rohini-new-delhi,"Shop 31 & 32, Ground Floor, CSC - 6, Sector 16 Rohini, New Delhi",9.19954E+11,28.73523883,77.11979829,"Manchurian Combo, Paneer Noodles, White Pasta, Honey Chilli Potato, Veg Hakka Noodles, Spring Roll","Contactless Delivery, Wonderful Presentation, Spill Proof Packaging, Hygiene, Perfect Presentation, Elaborate Menu"
Delhi Barbeque,"North Indian, Street Food, Beverages, Desserts",1100," Mahipalpur, New Delhi",4.1,248,,7,https://www.zomato.com/ncr/delhi-barbeque-mahipalpur-new-delhi,"IGI Airport Road, NH 8, Mahipalpur Extension, Mahipalpur, New Delhi",9.17504E+11,28.54870505,77.12700572,"Pan Kulfi, Fried Prawns, Barbeque, Crispy Corn, Buffet, Panner Tikka","Great Buffet Spread, Extensive Bar Menu, Variety of Veg Options, Fusion Dishes, Themed Decor, Affordable Rate"
Harish Bakery,"Bakery, Chinese, South Indian, Fast Food, North Indian, Beverages, Street Food, Desserts",500," Old Railway Road, Gurgaon",4.1,908,4.1,5369,https://www.zomato.com/ncr/harish-bakery-old-railway-road,"Shop 21/11, Opposite Sector 7 Market, Old Railway Road, Gurgaon",9.19812E+11,28.47192713,77.01847583,"Matar Kulcha, Golgappe, Chowmein, Honey Chilli Potatoes, Sweets, Cakes","Quality of Food, Nice Crowd, Pocket Friendly, Delivery Person, Food Service, Great Recommendations"
Throttle Shrottle,"Cafe, North Indian, Fast Food, Beverages",600," Gwal Pahari, Gurgaon",4.1,453,,0,https://www.zomato.com/ncr/throttle-shrottle-gwal-pahari,"Opposite Valley View Apartments, Gwal Pahari, Delhi NCR Faridabad Road, Gwal Pahari, Gurgaon",9.1956E+11,28.42787429,77.14290854,"Chai, Tea, Sandwiches, White Sauce Pasta, Pasta, Drinks","Rustic Ambience, Pocket Friendly Prices, Art, Cool Place, Theme, Friendly Place"
Mocha Arthouse,"Cafe, North Indian, Continental, Beverages, Desserts, Fast Food",1400," DLF Promenade Mall, Vasant Kunj, New Delhi",4.1,1402,3.9,78,https://www.zomato.com/ncr/mocha-arthouse-vasant-kunj-new-delhi,"167, Ground Floor, DLF Promenade Mall, Vasant Kunj, New Delhi",9.17839E+11,28.54299729,77.15606947,"Berry Blast, Shisha, Mocha, Coffees, Maggi, Hot Chocolate","Hookahs, Sheesha, Brilliant Service, Recommend Place, Best Ambience, Outdoor Seating"
Delhi Baking Company - JW Marriott New Delhi,"Bakery, Cafe, Fast Food, Healthy Food",2500," JW Marriott New Delhi, New Delhi",4.1,180,,1,https://www.zomato.com/ncr/delhi-baking-company-jw-marriott-new-delhi-aerocity-new-delhi,"Asset Area 4, Hospitality District, Aerocity, New Delhi",9.11145E+11,28.55327388,77.12208286,"Pastries, Cakes, Sandwiches, Coffee, Chocolate, Desserts",
Bruxie,"Burger, Sandwich, Fast Food, Beverages, Desserts",900," Ambience Mall, DLF Phase 3, Gurgaon",4.1,158,3.9,56,https://www.zomato.com/ncr/bruxie-dlf-phase-3,"317 A, 3rd Floor, Ambience Mall, National Highway 8, DLF Phase 3, Gurgaon",9.11244E+11,28.50272079,77.09729187,"Fried Chicken Meal, Dessert Waffle, Chicken Tenders, Waffles, Sandwich, Burgers","Server, Portion Size, Good Music, Concept, Family Crowd, Elaborate Menu"
Instapizza,"Pizza, Fast Food",450," Sector 37, Gurgaon",4.1,506,4.0,5190,https://www.zomato.com/ncr/instapizza-sector-37,"Plot 15, Urban Estate, Near HP Salasar Gas, Sector 10, Near Sector 37, Gurgaon",9.19667E+11,28.451955,77.004111,"Chicken Sausages, Pepperoni Pizza, Pizzas, Veg Pizza, Brownie, Corn","Seating Area, Prompt Service, Reasonable Prices, Concept, Excellent Service, Great Place"
MOC - The American Restaurant,"Burger, Fast Food, Beverages",500," Mayur Vihar Phase 1, New Delhi",4.1,345,4.3,7528,https://www.zomato.com/ncr/moc-the-american-restaurant-mayur-vihar-new-delhi,"104/105, Gali 17, Pratap Nagar, Mayur Vihar Phase 1, New Delhi",9.17839E+11,28.6044769,77.2927628,"Fried Chicken, Peri Peri Fries, Rice Bowl, Chicken Wings, Wrap, Chicken Burger","Bang for the Buck, Cute Little Place, Great Recommendations, Nice Food, Combo, Great Taste"
Auntie Fung's - Asian Street Food,"Asian, Chinese, Thai, Burmese, Vietnamese, Japanese, Indonesian, Momos",1000," DLF Galleria, DLF Phase 4, Gurgaon",4.1,490,3.7,2101,https://www.zomato.com/ncr/auntie-fungs-asian-street-food-dlf-phase-4,"SF 11, Floor 1, DLF Galleria Market, Near Galleria Towers, DLF Phase 4, Gurgaon",9.1965E+11,28.46763497,77.0813448,"Bao Bun, Szechwan Chicken, Burmese Khowsuey, Chicken Yakitori, Prawn Noodles, Pho","Best Prize, Themed Decor, Cozy Place, Good Quality Food, Chinese, Contactless Delivery"
The Chow,"Chinese, Thai, Momos",600," Rohini, New Delhi",4.1,295,4.0,1272,https://www.zomato.com/ncr/the-chow-rohini-new-delhi,"Shop 32, Park Plaza Market, CSC 6, Sector 9, Rohini, New Delhi",9.18506E+11,28.71804035,77.12571658,"Tai Chi Chicken, Chicken Dimsums, Hakka Noodles, Spring Rolls, Soup, Chinese Food","Chinese, Authentic Taste, Preparation, Portion Size, Awesome Food, Spicy"
Sparrows At Home Cafe,"Cafe, Desserts, Fast Food, Beverages, Pizza, Sandwich, Salad",650," Hajipur, Noida",4.1,297,3.9,41,https://www.zomato.com/ncr/sparrows-at-home-cafe-hajipur-noida,"KM-01, 1st Floor, Hajipur Market, Sector 104, Hajipur, Noida",9.18447E+11,28.54081218,77.36830059,"Chocolate Cookies, Walnut Cake, French Toast, Hot Coffee, Pancakes, Cappuccino","Peaceful Environment, Calm, Vibe, Great Recommendations, Cafe, Interior"
Hot & Crusty,"Fast Food, Desserts, Beverages",450," Narela, New Delhi",4.1,363,3.8,2504,https://www.zomato.com/ncr/hot-crusty-narela-new-delhi,"239/136, Vijay Nagar, Narela, New Delhi",9.2E+11,28.85233489,77.08816063,"Aloo Tikki Supreme Burger, Fried Cheese, Gravy Momo, Loaded Fries, Kit Kat Shake, Peri Fries","Drive through, Economical, Not very Crowded, Elegantly Decorated, Polite Staff, Prompt Service"
Excuse Me Boss,"North Indian, Chinese, European, Fast Food, Continental",1800," MGF Metropolitan Mall, Saket, New Delhi",4.1,739,3.8,62,https://www.zomato.com/ncr/excuse-me-boss-saket-new-delhi,"33, Ground Floor, MGF Metropolitan, Saket, New Delhi",9.188E+11,28.52943554,77.22011592,"Maharaja Platter, Tandoori Veg Platter, Grilled Chicken Breast, Cocktail, Virgin Mojito, Chicken Wings","Dance Floor, Sheesha, Comfortable Seating, Nice Music, Packed on Weekends, Great Music"
Wangchuk's Tibetan Kitchen,"Tibetan, Chinese, Momos",800," Rodeo Drive, Sector 49, Gurgaon, Gurgaon",4.1,253,3.8,2468,https://www.zomato.com/ncr/wangchuks-tibetan-kitchen-sector-49,"DG 33, Ground Floor, Rodeo Drive, Sector 49, Delhi NCR, Delhi NCR",9.17678E+11,28.42005936,77.05177344,"Chicken Shumai, Authentic Tibetan Food, Steamed Chicken Momo, Tingmo, Momos, Sauce","Relaxed Atmosphere, Authentic Food, Owner, Portions, Excellent Food, Perfect Presentation"
Jain Coffee House,Fast Food,400," Chandni Chowk, New Delhi",4.1,310,,2,https://www.zomato.com/ncr/jain-coffee-house-chandni-chowk-new-delhi,"4013, Ballimaran Road, Raghuganj, Near PNB ATM, Chawri Bazar, New Delhi",9.19315E+11,28.65045359,77.22942553,"Fruit Sandwich, Veg Sandwich, Cold Coffee, Shakes, Chutney","Preparation, Owner, Concept, Reasonable Prices, Spicy, Price"
Play Pizza,"Italian, Fast Food, Beverages, Desserts, Salad, Pasta, Pizza",450," Laxmi Nagar, New Delhi",4.1,635,4.0,10600,https://www.zomato.com/playpizzaindia,"Shop 2, DDA Market, Opposite V3S Mall, Laxmi Nagar, New Delhi",9.11142E+11,28.63511186,77.28818603,"Choco Bomb, Garlic Bread Exotica, Cheese Burst, Paneer Pizza, Pizzas, Veg Pizza","Bang for the Buck, Drive through, Great Ambiance, Quick Delivery, Polite Staff, Perfect Presentation"
Gourmet Nirvana,"Pizza, Italian, Sandwich, Fast Food, Beverages, Burger",650," Sector 37, Noida",4.1,140,3.6,571,https://www.zomato.com/ncr/gourmet-nirvana-sector-37-noida,"Shop 10, E Block Market, Sector 36, Near Sector 37, Noida",9.19999E+11,28.56953753,77.34757785,"Veg Extravaganza Pizza, Sauteed Vegetables, Potato Wedges, Oreo Shake, Sandwich, Garlic Bread","Couple Friendly, Soft Music, Packed on Weekends, Yummy Food, Weekend Brunch, Cute Packaging"
THC - The Hunger Cartel,"Burger, Pizza, Fast Food, Beverages, Continental, Italian, Lebanese",1200," Shahpur Jat, New Delhi",4.1,371,3.8,2036,https://www.zomato.com/ncr/thc-the-hunger-cartel-shahpur-jat-new-delhi,"2nd Floor, Building 4 A, Siri Fort, Shahpur Jat, New Delhi
",9.18447E+11,28.54935857,77.21191507,"Spicy Meatballs, Savoury Crepe, Nutella Crepe, Hot Wings, Cappuccino, Potato Wedges","Ample Seating Area, Fancy Crowd, View, Mood, Amazing Place, Packing"
Oh My Gopala,"North Indian, Chinese, Street Food, Biryani",1000," Connaught Place, New Delhi",4.1,300,3.9,54,https://www.zomato.com/ncr/oh-my-gopala-connaught-place-new-delhi,"G9, Marina Arcade, Outer Circle, Connaught Place, New Delhi",9.18448E+11,28.63386151,77.21688084,"Dahi Puri Chaat, Stuffed Capsicum, Golgappa Shots, Pani Puri, Cheese Balls, Butter Roti","Pure Veg, Comfortable Seating Area, Attentive Staff, Great Location, Warm Welcome, Relaxed Atmosphere"
Mealodrama Modern Bistro,"North Indian, Chinese, Continental, Fast Food, Mughlai",1200," Rajouri Garden, New Delhi",4.1,1423,3.8,68,https://www.zomato.com/ncr/mealodrama-modern-bistro-rajouri-garden-new-delhi,"A-6, 2nd Floor, Vishal Enclave, Rajouri Garden, New Delhi",9.19599E+11,28.64740538,77.11920988,"Crispy Water Chestnut, Corn Poppers, Dahi Sholey, Tex Mex Burger, Chocolate Brownie Sizzler, Cheese Balls","Budget Friendly Menu, Live Dj, Flowers, Lightings, Live Kitchen, Beautiful Interiors"
"Squire- ""Shudhh Khao Shudhh Khilao""","North Indian, Chinese, Fast Food",500," Sector 72, Noida",4.1,354,4.1,523,https://www.zomato.com/ncr/squire-shudhh-khao-shudhh-khilao-sector-72-noida,"Shop 5, Plot A1, Sorkha, Near Janta MIG Flats, Sector 115, Near Sector 72, Noida",9.2E+11,28.57738,77.40072,"Keema Chicken, Mutton Tikka Masala, Keema Meat, Kheer, Chicken Curry, Butter Chicken",
Wonder Taste of Spices,"North Indian, Chinese, Rolls, Mughlai",700," Paschim Vihar, New Delhi",4.1,389,4.0,8325,https://www.zomato.com/ncr/wonder-taste-of-spices-paschim-vihar-new-delhi,"Shop 50, Ground Floor, DDA Market, Teachers Colony, Near Block B3, Paschim Vihar, New Delhi",9.19811E+11,28.66279738,77.10050918,"Chinese, Asian, Continental, North Indian, Beverages",
Cake Innovation,"Bakery, Fast Food",400," Sector 7, Gurgaon",4.1,267,4.1,1502,https://www.zomato.com/ncr/cake-innovation-sector-7,"1-A, Circular Road, New Colony, Sector 7, Gurgaon",9.11244E+11,28.467286,77.01755449,"Pomegranate Mojito, Masala Corn, Crispy Corn, Sizzlers, Toast, Virgin Mojito","Cozy Ambience, Comfortable Seating Area, Family Place, Great Value, Beautiful Place, Amazing Ambience"
The Belgian Fries Co - Burgers & Fries,"Burger, Fast Food, Continental, American, Belgian, Finger Food, Desserts, Beverages",700," MGF Metropolitan Mall, MG Road, Gurgaon",4.1,435,4.2,6895,https://www.zomato.com/ncr/the-belgian-fries-co-burgers-fries-mg-road,"9 A, 3rd Floor, MGF Metropolitan Mall, MG Road, Gurgaon",9.11244E+11,28.47967339,77.08011031,"Paneer Kurkure, Tandoori Veg Platter, Mughlai Food, Mutton Rogan Josh, Malai Kofta, Chilly Chicken","Outdoor Seating, Atmosphere, Excellent Food, Portion Size, Main Course, Awesome Food"
Chef Style,"North Indian, Chinese, Rolls",1500," Sector 53, Gurgaon",4.1,696,4.0,9311,https://www.zomato.com/ncr/chef-style-sector-53,"Plot 55, Saraswati Kunj, Sector 53, Gurgaon",9.19819E+11,28.437274,77.100487,"Mughlai Food, Shawarma, Kebabs, Chicken Biryani, Mutton, Rolls","Good for Large Groups, Ample Seating Area, Decent Place, Courteous Staff, Environment, Decor"
Rampur Kitchen,"Rolls, Mughlai, Kebab",550," The India Mall, New Friends Colony, New Delhi",4.1,405,4.0,496,https://www.zomato.com/ncr/rampur-kitchen-new-friends-colony-new-delhi,"8, Community Center, New Friends Colony, New Delhi",9.11141E+11,28.56093271,77.2681858,"Kheer, Mezze Platter, Kulfi, Mocktail, Kebabs, Dessert","Beautiful Lighting, Lightings, Amazing Decor, Great Atmosphere, Warm Welcome, Excellent Ambience"
Khidki,"Burger, Healthy Food, Continental, Fast Food, Desserts, Beverages",450," Sector 15, Faridabad",4.1,282,3.9,2706,https://www.zomato.com/ncr/khidki-sector-15-faridabad,"Near Hanuman Mandir, Hanuman Mandir Marg, Sector 15, Faridabad",9.2E+11,28.39319601,77.31491894,"Chicken Sui Mai Dimsum, Chilli Prawns, Thai Red Curry, Dim Sums, Kung Pao Chicken, Honey Chilli Potatoes","Highly Recommended, Tasty Stuff, Worth the Price, Amazing Packaging, Ample Seating Area, Perfect Service"
Chocolate Desire,"Fast Food, Desserts, Beverages",500," Sector 19, Noida",4.1,267,4.0,665,https://www.zomato.com/ncr/chocolate-desire-sector-19-noida,"A-683, Pocket A, Sector 19, Noida",9.19999E+11,28.576611,77.324432,"Breakfast, Bar, Server, Main Course, Hospitality, Good Ambience",
Riviera,"Continental, North Indian, Chinese, Mediterranean, Fast Food, Beverages",2100," Ameya Suites, Jasola, New Delhi",4.1,263,3.9,131,https://www.zomato.com/ncr/riviera-jasola-new-delhi,"FC 33, Plot 6, Ameya Suites, Jasola, New Delhi",9.11145E+11,28.54029439,77.29355682,"Stir Fried Vegetables, Pan Fried Momos, Chilli Mushroom, Veg Manchurian Gravy, Drums of Heaven, Noodle","Affordable, Serving Size, Friendly Service, Quick Delivery, Authentic Taste, Courteous Staff"
Hong Kong Express,"Chinese, Thai, Momos",700," Raheja Mall, Sohna Road, Gurgaon",4.1,425,3.8,4048,https://www.zomato.com/ncr/hong-kong-express-sohna-road,"2nd Floor, Raheja Mall, Sohna Road, Gurgaon",9.11244E+11,28.42342082,77.03950167,"Good Valet Service, Loved it, Good Wifi, Fresh Food, Best Food, Student Crowd",
Mast Punjabi Chap Corner,"North Indian, Momos, Rolls",300," Rohini, New Delhi",4.1,464,3.8,3365,https://www.zomato.com/ncr/mast-punjabi-chap-corner-rohini-new-delhi,"G7/127, Pocket 6, Sector 15, Rohini, New Delhi",9.19582E+11,28.7334355,77.12663155,"Economical, Delivery Time, Good Quality Food, Best Food, Nice Food, Good Service",
La Seine - The Chocolate Emporium,"Bakery, Fast Food, Desserts, Beverages",500," Green Park, New Delhi",4.1,211,4.3,1353,https://www.zomato.com/ncr/la-seine-the-chocolate-emporium-green-park-new-delhi,"G 54, Main Market, Green Park, New Delhi",9.11142E+11,28.55649103,77.20258936,"Sophisticated, Live Music, Beautiful Place, Server, Theme, Great Ambiance",
Brick N Bean Cafe,"Italian, Continental, Fast Food, Beverages",1000," Sector 50, Gurgaon",4.1,191,4.1,97,https://www.zomato.com/ncr/brick-n-bean-cafe-sector-50,"34-35, Ground Floor, Nirvana Courtyard, Nirvana Country, Sector 50, Gurgaon",9.18962E+11,28.41365696,77.06571858,"Chinese, Asian, Continental, North Indian, Beverages",
New Gole Hatti,Street Food,150," West Patel Nagar, New Delhi",4.1,232,4.1,637,https://www.zomato.com/ncr/new-gole-hatti-west-patel-nagar-new-delhi,"2698/2, Main Road, Opposite Metro Pillar 208, West Patel Nagar, New Delhi",9.11126E+11,28.64805475,77.16424819,"Chicken Afghani, Drums of Heaven, Beers, Shahi Paneer, Drink, Soup","Cool Environment, Live Singing, Happy Hour, New Experience, Live Band, Good Hospitality"
Giruz,"Cafe, Sandwich, Desserts, Burger, Pizza, Fast Food, Beverages",700," Baani Square, Sector 50, Gurgaon",4.1,270,3.9,938,https://www.zomato.com/ncr/giruz-sector-50,"F35 & 36, 1st Floor, Baani Square, Sector 50, Gurgaon",9.19311E+11,28.42553641,77.05762703,"Tandoori Chicken Wings, Peri Peri Fries, Brownie, Momos, Desserts, Shakes","Ambience was Super Cool, Variety of Pizza, Weekend Brunch, Lights, Good Music, Elaborate Menu"
The Coco Company,"Cafe, Bakery, Desserts, Fast Food",600," Ninex City Mart Mall, Sohna Road, Gurgaon",4.1,356,4.2,929,https://www.zomato.com/ncr/the-coco-company-sohna-road,"17, Ground Floor, Ninex City Mart Mall, Sohna Road, Gurgaon",9.18131E+11,28.41645275,77.04140905,"Thai Spring Rolls, Jaljeera, Tiramisu, Mocktail, Mushrooms, Chilli Paneer","Hookah, Beautiful Place, Interior, Vibe, Main Course, Atmosphere"
Monster's Cafe,"North Indian, Continental, Italian, Chinese, Fast Food",1200," DLF Phase 4, Gurgaon",4.1,631,3.9,15800,https://www.zomato.com/ncr/monsters-cafe-dlf-phase-4,"Khasra 48/1, Plot 1, Shiva Market, Chakkarpur, DLF Phase 4, Gurgaon",9.19999E+11,28.4731131,77.08150372,"Seafood, Cocktail, Sizzlers, Honey Chilli Potatoes, Virgin Mojito, Spring Rolls","Good Server, Lovely Staff, Nice View, Live Singing, Polite Service, Happy Hour"
Fourty Four,"Sandwich, Pizza, Fast Food, Beverages",700," Sector 45, Noida",4.1,330,3.9,2309,https://www.zomato.com/ncr/fourty-four-sector-45-noida,"Shop 14, VDC Market, Sector 45, Noida",9.1987E+11,28.55560579,77.34667193,"Malai Kofta Curry, Panner Lababdar, Mushroom Masala, Soya Malai Chaap, Paneer Tikka Masala, Tandoori Chaap","Cosy Place, Prompt Delivery, Great Price, Family Place, Combos, Good Packaging"
Jugaad Kitchen,"North Indian, Chinese, Mughlai, Kebab, Momos",1000," Sector 31, Gurgaon",4.1,453,4.0,5864,https://www.zomato.com/ncr/jugaad-kitchen-sector-31,"SCO 39, 2nd Floor, Sector 31/32A, Sector 31, Gurgaon",9.18507E+11,28.45359012,77.05100935,"Tandoori Chai, Kullad Chai, Chicken Korma, Chicken Malai Tikka, Malai Chaap, Butter Naan","Office Crowd, Cute Little Place, Lip Smacking Food, Inexpensive, Reasonable Prices, Polite Staff"
Q Bistro,"Cafe, Fast Food, Chinese, Beverages",700," Janakpuri, New Delhi",4.1,515,3.9,874,https://www.zomato.com/ncr/q-bistro-janakpuri-new-delhi,"C-6B, DDA Shop, Vikas Surya Plaza Complex, Janakpuri, New Delhi",9.17838E+11,28.61288784,77.09864572,"Drunken Chicken, Butter Garlic Prawns, Spring Roll, Dimsums, Soup, Noodles","Sophisticated, Worth the Price, Relaxed Atmosphere, Chinese, Courteous Staff, View"
The Second Wife Restaurant,"North Indian, Mughlai, Chinese, Fast Food",600," Hajipur, Noida",4.1,314,3.8,3671,https://www.zomato.com/ncr/the-second-wife-restaurant-hajipur-noida,"Shop G-1, Ozone Apartment, Hajipur, Noida",9.17285E+11,28.540011,77.367941,"Nutella Dosa, Sweet Dosa, Cheese Uttapam, Chocolate Dosa, Filtered Coffee, Mysore Masala Dosa","Cute Little Place, Great Ambiance, Polite Staff, Prompt Service, Portions, Amazing Place"
Delhi - Kingdom of Dreams,"North Indian, Street Food",500," Kingdom of Dreams, Sector 29, Gurgaon",4.1,455,,0,https://www.zomato.com/ncr/delhi-kingdom-of-dreams-sector-29,"Culture Gully, Kingdom of Dreams, Great Indian Nautanki Company, Auditorium Complex, Sector 29, Gurgaon",9.11245E+11,28.46856279,77.06780098,"Good Quantity, Awesome Food, Owner, Great Food, Cafe, Good Service",
Momopoly By Little Skillet,"Chinese, Fast Food, North Indian, Momos",500," Sector 49, Gurgaon",4.1,265,4.0,3183,https://www.zomato.com/ncr/momopoly-by-little-skillet-sector-49,"Shop 5, Sapphire Complex, Near Sohna Road, Sector 49, Gurgaon",9.19206E+11,28.41179621,77.0491251,"Red Velvet Waffle, Cheese Bomb, Peri Fries, Waffle, White Sauce Pasta, Hot Chocolate","Not very Crowded, Cute Little Place, Great Ambiance, Prompt Service, Great Recommendations, Cleanliness"
Mad Drop,"Burger, Pizza, Rolls, Sandwich, Fast Food, Desserts, Beverages",500," Sector 21, Faridabad",4.1,374,3.6,3132,https://www.zomato.com/ncr/mad-drop-sector-21-faridabad,"Shop 197, Near Sector 21 C, Sector 21, Faridabad",9.19319E+11,28.4315741,77.2971265,"Molten Chocolate Lava, Classic Margherita Pizza, Cheese Garlic Bread, Peri Peri Fries, Hummus, Nachos","Good Quantity, Flavour, Price, Ambience, Staff, Service"
Winkies,"Fast Food, Beverages",300," Kavi Nagar, Ghaziabad",4.1,284,4.3,615,https://www.zomato.com/ncr/winkies-kavi-nagar-ghaziabad,"4, D Block Market, Kavi Nagar, Ghaziabad",9.19999E+11,28.6750624,77.4417301,"Chilli Potato Pops, Mushroom Chilli, Egg Noodles, Puri Sabzi, Masala Chaap Roll, Tandoori Chicken Wings","Nice Services, Exceptional Service, Unique Menu, Food Packing, Fastest Delivery, Amazing Restaurant"
Chandni Chowk To Galwan Valley,"North Indian, Mughlai, Chinese, Biryani, Fast Food, Desserts",500," DLF Phase 4, Gurgaon",4.1,219,3.5,2739,https://www.zomato.com/ncr/chandni-chowk-to-galwan-valley-dlf-phase-4,"Khasra 48/1, Shiva Market, Chakkarpur, Near Vakil Market, DLF Phase 4, Gurgaon",9.1991E+11,28.47340782,77.08007175,"Pancakes, Waffles, Mojito, Paneer Lababdar, Soya Chaap, Spring Rolls","Family Crowd, Courteous Staff, Cafe, Good Ambience, Friendly Staff, Nice Ambience"
Kamal's,"North Indian, Fast Food, Street Food, Mithai, Beverages",300," Sunder Nagar, New Delhi",4.1,420,,4,https://www.zomato.com/ncr/kamals-sunder-nagar-new-delhi,"K-1, Sunder Nagar Market, Sunder Nagar, New Delhi",9.11124E+11,28.60249981,77.2408722,"Lusty Chicken Burger, Chicken Garlic Bread, Keema Kulcha, Chicken Sandwich, Peri Peri Fries, Red Sauce Pasta","Casual Seating Area, Elegantly Decorated, Great Recommendations, Good Crowd, Low Price, Good Presentation"
Munch Nation,"North Indian, Chinese, Fast Food",500," Ashok Vihar Phase 3, New Delhi",4.1,650,3.6,2270,https://www.zomato.com/ncr/munch-nation-1-ashok-vihar-phase-3-new-delhi,"Shop 5, DDA Market, Ashok Vihar Phase 3, New Delhi",9.19999E+11,28.693226,77.1895383,"Hyderabadi Chicken, Briyani, Tawa Chicken, Veg Biryani, Egg, Paneer Butter Masala","Elegantly Decorated, Lip Smacking Food, Good Portions, Pocket Friendly, Economical, Great Recommendations"
Standard Burfee,"Mithai, Street Food",200," Karol Bagh, New Delhi",4.1,280,4.1,323,https://www.zomato.com/ncr/standard-burfee-karol-bagh-new-delhi,"2750/21, Ajmal Khan Road, Karol Bagh, New Delhi",9.11129E+11,28.65061189,77.19291028,"Highly Recommended, Hygienic, Weekend Brunch, Cute Packaging, Student Crowd, Family Crowd",
Dayum,"Fast Food, Desserts, Beverages",400," Delhi University-GTB Nagar, New Delhi",4.1,218,4.0,151,https://www.zomato.com/ncr/dayum-delhi-university-gtb-nagar-new-delhi,"2528, Ground Floor, Hudson Lane, Delhi University-GTB Nagar, New Delhi",9.19582E+11,28.69452869,77.20416918,"Family Crowd, Outdoor Seating, Young Crowd, Student Crowd, Customizable Food, Good Wifi",
Oh Yummy,"Pizza, Pasta, Fast Food, Beverages",500," Vikaspuri, New Delhi",4.1,314,3.8,2735,https://www.zomato.com/ncr/oh-yummy-vikaspuri-new-delhi,"Shop P-4, J-Block, Vardhman Market, Outer Ring Road, Opposite Mother Dairy, Vikaspuri, New Delhi",9.19319E+11,28.63992863,77.08158184,"Chicken Shawarama, Soya Chaap Roll, Chicken Lababdar, Pancakes, Egg Curry, Wraps","Desi Food, Fantastic Service, Takeaway, Best Restaurant, Good Packaging, Reasonable Rates"
The Big Bun,"Burger, Beverages, Fast Food",300," Rohini, New Delhi",4.1,354,4.1,2538,https://www.zomato.com/ncr/the-big-bun-1-rohini-new-delhi,"35, Balaji Plaza, Sector-8, Rohini, New Delhi",9.19211E+11,28.70478586,77.12615982,"Crispy Paratha, Kathi Rolls, Paneer Roll, Paneer Lababdar, Biryani, Dal Makhani","Sitting, Great Recommendations, Nice Ambience, Decor, Perfect Place, Main Course"
Kathi Junction,"Rolls, Beverages",300," Sector 62, Noida",4.1,303,3.8,2661,https://www.zomato.com/ncr/kathi-junction-sector-62-noida,"Shop 9, Lower Ground Floor, Galaxy Business Park, Sector 62, Noida",9.19555E+11,28.62452767,77.37044804,"Soya Masala, Daal Tadka, Risotto, Chicken Biriyani, Cheese Pizza, Pastas","Interesting Decor, Good Packing, Great Hospitality, Awesome Service, Amazing Ambience, Quick Service"
Pizza Xpress,"Pizza, Fast Food",500," Uttam Nagar, New Delhi",4.1,348,4.2,524,https://www.zomato.com/ncr/pizza-xpress-uttam-nagar-new-delhi,"E 3, Near Pali Factory, East Uttam Nagar, Uttam Nagar, New Delhi",9.19651E+11,28.61960542,77.06636902,"Spicy Chicken Roll, Chicken Tikka Sandwich, Red Pasta, Cheese Burger, Kit Kat Shake, Wraps","Cute Ambience, Unlimited Refills, Proper Packaging, Economical, Great Packaging, Amazing Restaurant"
2 Dollar Cafe,"Chinese, North Indian, Salad, Sandwich, Burger, Rolls, Beverages",400," Gaur City 2, Greater Noida",4.1,236,3.6,2606,https://www.zomato.com/ncr/2-dollar-cafe-gaur-city-2-greater-noida,"Shop 7, 1st Floor, Bhavishya Tower, Gaur City 2, Greater Noida",9.19999E+11,28.61828807,77.42703963,"Exotic Fruit Salad, Healthy Breakfast, Juices, Smoothies, Salads, Drink","Games, Amazing Ambience, Vibe, Nice Ambience, Concept, Perfect Place"
Alrumi Food Company,"North Indian, Mughlai, Rolls",600," DLF Phase 4, Gurgaon",4.1,237,3.8,2479,https://www.zomato.com/ncr/alrumi-food-company-dlf-phase-4,"5442, Lotus Lane, DLF Phase 4, Gurgaon",9.19667E+11,28.46215921,77.08168108,"Mutton Kalimirch, Matka Murgh, Matka Chicken, Mutton Handi, Panneer Butter Masala, Garlic Naan","Economical, Great Recommendations, Combos, Perfect Presentation, Best Quality, Proper Packaging"
Gut Gullie,"Fast Food, Healthy Food, Mexican",400," PVR City Centre Mall, MG Road, Gurgaon",4.1,182,3.4,146,https://www.zomato.com/ncr/gut-gullie-mg-road,"2nd Floor, PVR City Center Mall, MG Road, Gurgaon",9.18559E+11,28.47944116,77.08088547,,
Mini Sweets House,"Mithai, Street Food, South Indian, Chinese, Fast Food",300," Sector 22, Faridabad",4.1,491,3.9,13300,https://www.zomato.com/ncr/mini-sweets-house-sector-22-faridabad,"Shop Number 17, 18, Main Market, Sector 22, Faridabad",9.11294E+11,28.36471132,77.29447995,"Chocolate Truffle Cake, Pastries, Brownies, Cakes, Sandwiches, Snacks","Amazing Place, Reasonable Price, Perfect Place, Great Taste, Nice Place, Experience"
Baker's Stop,"Bakery, Fast Food",250," Gujranwala Town, New Delhi",4.1,337,4.2,368,https://www.zomato.com/ncr/bakers-stop-gujranwala-town-new-delhi,"A-353, Near Malwa Taxi Stand Crossing, Derawal Nagar, Gujranwala Town, New Delhi",9.11144E+11,28.70035144,77.18877196,"Makhani Pasta, Cocktail, Mojito, Brownie, Drinks, Starters","Balcony Seating, Nice Music, Live Music, Dj, Vibe, Decent Place"
Dilli 6 On Wheels,"North Indian, Street Food",300," Sector 31, Gurgaon",4.1,2133,3.8,36700,https://www.zomato.com/ncr/dilli-6-on-wheels-sector-31,"Shop 84, 87, HUDA Shopping Complex, Near Medanta Hospital, Sector 32, Near Sector 31, Gurgaon",9.19873E+11,28.44574113,77.04458982,"Aloo Pyaz Kulcha, Rajma Chawal, Lassi, Raita, Naan, Chutney","Casual Seating Area, Low Price, Sitting, Nice Service, Polite Staff, Good Taste"
Zufruta Cafe & Juice Lounge,"Italian, Mexican, Lebanese, Fast Food, Burger, Sandwich, Beverages",500," Vaishali, Ghaziabad",4.1,223,,0,https://www.zomato.com/ncr/zufruta-cafe-juice-lounge-vaishali-ghaziabad,"4/287, Sector 4, Vaishali, Ghaziabad",9.1999E+11,28.64916488,77.34310996,"Paneer Dhaniya Adraki, Fried Mushrooms, Schezwan Rice, Authentic Punjabi Food, Egg Fried Rice, Chicken 65","Tasty Stuff, Happy Hour, Good Offers, Gastronomical Experience, Themed Decor, Friendly Service"
Pifi Pizza,"Pizza, Fast Food",600," Rohini, New Delhi",4.1,244,4.0,2719,https://www.zomato.com/ncr/pifi-pizza-rohini-new-delhi,"B2/1, Sector 18, Rohini, New Delhi",9.19872E+11,28.73634539,77.13765342,"Paneer Lababdar, Chilli Potato, Manchurian, Spring Roll","Comfortable Seating Area, Nice Service, Delivery Time, Nice Ambience, Nice Food, Awesome Food"
BRYC Cafe & Restaurant,"North Indian, Chinese, Fast Food",600," Najafgarh, New Delhi",4.1,489,3.7,4649,https://www.zomato.com/ncr/bryc-cafe-restaurant-najafgarh-new-delhi,"Shop 41, Property 1471-1472, Doctors Lane, Saini Mohalla, Najafgarh, New Delhi",9.18448E+11,28.6134556,76.98558055,"Afghani Chap, Mixed Vegetables, Veg Hakka Noodles, Chilli Potatoes, Paneer Lababdar, Butter Naan","Elegantly Decorated, Cute Little Place, Nice Crowd, Great Recommendations, Mood, Low Price"
Delicious Mood,"North Indian, Chinese, Mughlai, Biryani, Fast Food",450," NIT, Faridabad",4.1,375,3.8,7592,https://www.zomato.com/ncr/delicious-mood-2-nit-faridabad,"1K-59, Ground Floor, Opposite Santo Gurudwara, NIT, Faridabad",9.1729E+11,28.38348247,77.30293684,"Kit Kat Shake, Icecream, Chocolate Fudge, Peri Peri Fries, Ice Creams, Red Sauce Pasta","Casual Seating Area, Economical, Nice Crowd, Great Recommendations, Good Packing, Great Ambiance"
Cold Rock Cafe,"Pizza, Fast Food, Chinese, Desserts, Beverages",500," Sector 72, Noida",4.1,500,4.2,23500,https://www.zomato.com/ncr/cold-rock-cafe-sector-72-noida,"Shop 28 & 29, Amarpali Princely Estate Market, Gate 2, Sector 76, Near Sector 72, Noida",9.19891E+11,28.56634327,77.38143705,"Panneer Butter Masala, Rajma Rice, Gulab Jamun, Thali, Fried Rice, Naan","Pocket Friendly, Great Recommendations, Prompt Service, Food Taste, Good Quality Food, Nice Food"
Dheeraj Vaishno Dhaba,"North Indian, Chinese, Momos, Beverages",400," Udyog Vihar, Gurgaon",4.1,650,3.7,28400,https://www.zomato.com/ncr/dheeraj-vaishno-dhaba-udyog-vihar,"Rao Chattar Singh Market, Opposite Siemens Sarhaul Village, Udyog Vihar, Gurgaon",9.19644E+11,28.49084617,77.06735205,"Thai Chilli Chicken, Chicken Dimsums, Thai Curry, Fish, Fried Rice","Attitude, Great Food, Quantity, Menu, Good Food, Staff"
Drifters Wok,"Chinese, Thai, Asian, Momos",500," Sector 50, Gurgaon",4.1,286,4.0,2338,https://www.zomato.com/ncr/drifters-wok-sector-50,"G-47, Baani Square, Sector 50, Gurgaon",9.11244E+11,28.42544412,77.05729544,"Student Crowd, Good Wifi, Authentic Taste, Fresh Food, Nice Ambience, Good Taste",
Nazeer Foods,"North Indian, Biryani, Fast Food, Beverages",800," Pandav Nagar, New Delhi",4.1,723,3.9,10700,https://www.zomato.com/ncr/nazeer-foods-pandav-nagar-new-delhi,"C-2, 72/73, Near Underbridge, South Ganesh Nagar, Pandav Nagar, New Delhi",9.19811E+11,28.62615101,77.28583675,"Choco Truffle, Pastries, Cookies, Cakes, Soya Chaap, Coffee",
81C Legacy,"North Indian, Mughlai, Healthy Food, Chinese, Fast Food",900," Omega 2, Greater Noida",4.1,198,3.7,506,https://www.zomato.com/ncr/81c-legacy-omega-2-greater-noida,"Shop AGF 3, Block A, Omaxe NRI City Centre Mall, Omega 2, Greater Noida",9.19312E+11,28.46381806,77.51144707,"Taco Pizza, Veggie Delite, Quesadilla, Stuffed Garlic Bread, Tacos, Paneer Pizza","Tasty Stuff, On Time Delivery, Elegantly Decorated, Pocket Friendly, Great Recommendations, Great Ambiance"
The Pizza Square,"Pizza, Fast Food, Beverages",500," Sector 83, Gurgaon",4.1,487,4.0,8567,https://www.zomato.com/ncr/the-pizza-square-3-sector-83,"F 151, Sapphire 83, Sector 83, Gurgaon",9.1877E+11,28.39311166,76.96741026,"Mughlai Chaap, Noodle, Chilli Potatoes, Veg Thali, Daal Makhni, Chilly Chicken","Bang for the Buck, Great Recommendations, Great Ambiance, Prompt Service, Amazing Food, Owner"
Food Mistri,"North Indian, Chinese, Fast Food, Rolls",500," Indirapuram, Ghaziabad",4.1,460,3.3,10700,https://www.zomato.com/ncr/food-mistri-indirapuram-ghaziabad,"Opposite Cloud 9 Exit Gate, Near Axis Bank, Pusta Kanawani Road, Indirapuram, Ghaziabad",9.18883E+11,28.646353,77.386421,"Keema Curry, Murg Rara, Navratan Korma, Murg Makhani, Murg Tikka, Soya Tikka","Pocket Friendly Prices, Comfortable Seating, Quick Delivery, Best Food under Best Budget, Spill Proof Packaging, Portion"
Pizza 99,"Pizza, Fast Food",300," Sector 83, Gurgaon",4.1,908,3.6,6548,https://www.zomato.com/khaojifoods,"Shop 115, Signature Global Synera, Sector 81, Near Sector 83, Gurgaon",9.19312E+11,28.38434525,76.95204489,"Cashless Payments, Ambience was Super Cool, Food Menu, Rooftop, Great Value, Weekend Brunch",
Over The Top - Live Barbeque Grill,"North Indian, Mughlai, Asian, Italian, Fast Food, BBQ",1400," Janakpuri, New Delhi",4.0,1011,3.7,1186,https://www.zomato.com/ncr/over-the-top-live-barbeque-grill-janakpuri-new-delhi,"B 1/633, 3rd Floor, Near Max Showroom, Janakpuri, New Delhi",9.199E+11,28.63196667,77.08454065,"Everthing is Perfect, Ambience is very Nice, Amazing Food and Experience, Weekend Brunch, Good Music, Elaborate Menu",
Ambra,"Italian, Fast Food, Desserts, Panini, Beverages, Salad",2000," Greater Kailash 2 (GK2), New Delhi",4.0,114,4.3,260,https://www.zomato.com/ncr/ambra-greater-kailash-gk-2-new-delhi,"Shop 1, Narmada Shopping Complex, Alaknanda, Greater Kailash 2 (GK 2), New Delhi",9.19311E+11,28.52780512,77.24695947,"Crispy Honey Potatoes, Soya Tikka, Chicken Keema, Fish Fingers, Mocktail, Chilli Potatoes","Flair Bartending, Fairly Priced Beers, Casual Dress Code, Ambience is very Nice, Singer, Live Band"
Oh My God,"North Indian, Mughlai, Fast Food, Continental, Beverages",1400," Connaught Place, New Delhi",4.0,1448,,0,https://www.zomato.com/ncr/oh-my-god-connaught-place-new-delhi,"14-15, 2nd Floor, Block F, Inner Circle, Connaught Place, New Delhi",9.19599E+11,28.63156204,77.22046327,"Chicken Kulcha, Momo Platter, Keema Kulcha, Cheese Balls, Crispy Corn, Spring Roll","Extensive Bar Menu, Fusion Dishes, Gastronomical Experience, Good for Large Groups, Rooftop, Staff Service"
Sky Heart Lounge And Bar,"Bar Food, Chinese, Mughlai, North Indian, Fast Food, Desserts",1100," Punjabi Bagh, New Delhi",4.0,647,3.4,29,https://www.zomato.com/ncr/sky-heart-lounge-and-bar-punjabi-bagh-new-delhi,"Plot 9, 3rd Floor, Club Road, Punjabi Bagh, New Delhi",9.19822E+11,28.6666065,77.12290496,"Classic Hot Chocolate, Double Decker Sandwich, Banana Walnut Cake, Veg Club Sandwich, Mushroom Sandwich, Paneer Tikka Sandwich","Cost Efficient, Coffee Date, Soothing Ambience, Peaceful Ambience, Pretty Place, Calm"
Jugmug Thela,"Cafe, Italian, Fast Food, Sandwich",600," Champa Gali, Saket, New Delhi",4.0,1474,4.4,138,https://www.zomato.com/ncr/jugmug-thela-saket-new-delhi,"Shed 4, Khasra 258, Lane 3, Westend Marg, Saidulajab, Near Kuldeep House, Saket, New Delhi",9.19199E+13,28.51729144,77.19979014,"Croissant, Ravioli, Lasagna, Cheesecake, Pizzas, Desserts","Ambience was Super Cool, Excellent Location, Cashless Payments, Variety of Pizza, Beautiful Ambience, Weekend Brunch"
Dhansoo Cafe,"Modern Indian, Fast Food, Beverages, Japanese, Seafood, Asian, Desserts",2000," Pacific Mall, Tagore Garden, New Delhi",4.0,191,,10,https://www.zomato.com/ncr/dhansoo-cafe-1-tagore-garden-new-delhi,"Unit SH/2F/06, Second Floor, Pacific Mall, Tagore Garden, New Delhi",9.11142E+11,28.64217949,77.10650635,"Mezze Platter, Mocktails, Pastas, Beer, Burgers, Pizzas","Sheesha, Hookah, Decent Ambience, Comfortable Seating, Nice Music, Great Music"
ASAP - As Spicy As Possible Diner,"North Indian, Chinese, Street Food, Pizza, South Indian, Beverages, Desserts",500," Raj Nagar, Ghaziabad",4.0,255,4.1,1411,https://www.zomato.com/ncr/asap-as-spicy-as-possible-diner-raj-nagar-ghaziabad,"C-88, RDC, Raj Nagar, Ghaziabad",9.19718E+11,28.67700171,77.44326565,"Pretty Decor, Comforting Atmosphere, Excellent Location, Clean and Hygienic Place, Served Quickly, Nice Concept",
Mai Bao,"Singaporean, Seafood, Chinese, Momos",1300," DLF Avenue, Saket, New Delhi",4.0,72,3.9,28,https://www.zomato.com/ncr/mai-bao-saket-new-delhi,"DLF Avenue Mall, Saket, New Delhi",9.19972E+11,28.5280631,77.21701853,"Teriyaki Chicken, Grilled Chicken Steak, Cocktail, Drinks","Extensive Bar Menu, Fusion Dishes, Ample Seating Area, Packed on Weekends, Live Music, Quality of Food"
The Immigrant Cafe,"North Indian, Italian, Chinese, Fast Food, Beverages",2200," Connaught Place, New Delhi",4.0,860,,2,https://www.zomato.com/ncr/the-immigrant-cafe-1-connaught-place-new-delhi,"B 45, 1st Floor, Inner Circle, Connaught Place, New Delhi",9.19999E+11,28.6341649,77.2188526,"Cashless Payments, Design, Sitting Area, Outdoor Seating, Good Music, Bar",
Pintxo,"Continental, Spanish, Fast Food, Desserts",1200,"  32nd Avenue, NH8, Gurgaon, Gurgaon",4.0,272,,2,https://www.zomato.com/ncr/pintxo-sector-15,"Unit 23, 32nd Avenue, National Highway 8, Sector 15, Gurgaon",9.19774E+11,28.46152254,77.0499824,"Chocolate Tapas, Churro Sundae, Mocha, Hot Coffee, Hummus, Waffles","Comfortable Seating, Cozy Place, Soft Music, More Variety, Good Options, Wonderful Place"
Singla's,"North Indian, Mithai, Chinese, Fast Food, Street Food, South Indian, Pizza, Desserts",500," IP Extension, New Delhi",4.0,1346,4.1,83600,https://www.zomato.com/ncr/singlas-ip-extension-new-delhi,"A-139/140, Main Road, Madhu Vihar, Near Hasanpur Depot, IP Extension, New Delhi",9.19698E+11,28.6359876,77.30566297,"Sweet Potato Latte, Bingsu, Bibimbap, Kimchi, Ramen, Sushi","Good for Large Groups, Relaxed Atmosphere, Comfortable Seating Area, Vibe, Server, Cafe"
Cafe 27,"North Indian, Chinese, Fast Food",1900," Kailash Colony, New Delhi",4.0,1200,3.9,18,https://www.zomato.com/ncr/cafe-27-kailash-colony-new-delhi,"26, Level 2, Kailash Colony Market, Kailash Colony, New Delhi",9.19811E+11,28.55666183,77.25425038,"Shroom Burger, Tuna Sandwich, Classic Chicken Burger, Creamy Mushroom, Grilled Sandwich, Potato Wedges","Excellent Location, Comforting Atmosphere, Fantastic Decoration, Best Staff, Nice Concept, Served Quickly"
Bob's Den,"Cafe, Fast Food, Burger, Pizza, Tea, Beverages",800," Greater Kailash 1 (GK1), New Delhi",4.0,126,4.3,151,https://www.zomato.com/ncr/bobs-den-greater-kailash-gk-1-new-delhi,"N -18, Ground Floor, N Block Market, Greater Kailash 1 (GK 1), New Delhi",9.1721E+11,28.55645216,77.23290302,"Ambience is Cool, Sanitised Service, Cooperative Staff, Comforting Atmosphere, Fantastic Decoration, Clean and Hygienic Place",
Rabbit Lee Cafe,"Fast Food, Desserts, Beverages",500," Krishna Nagar, New Delhi",4.0,115,4.1,347,https://www.zomato.com/ncr/rabbit-lee-cafe-krishna-nagar-new-delhi,"C-19, Main Road, Mandir Marg, Near SBI ATM, Krishna Nagar, New Delhi",9.19718E+11,28.66125022,77.28678256,"Play Area, Bookshelf, Quiet, Cashless Payments, Beautiful Cafe, Economical Price",
Merak Bistro,"Cafe, Italian, Fast Food, Desserts, Beverages",900," Sector 81, Faridabad",4.0,130,3.9,278,https://www.zomato.com/ncr/merak-bistro-sector-81-faridabad,"41-42, Athens Street, Omaxe World Street, Sector 79, Near Sector 81, Faridabad",9.19561E+11,28.38674834,77.35314377,"Boiled Eggs, Cocktails, Pizza, Drinks, Butter Chicken, Starters","Dj Music, Dance Floor, Food Menu, Weekend Brunch, Bar, Vibe"
Kulcha Lal Parantha Das,"Street Food, North Indian, Desserts, Beverages",300," DLF Phase 3, Gurgaon",4.0,178,3.9,1689,https://www.zomato.com/ncr/kulcha-lal-parantha-das-dlf-phase-3,"U Block, DLF Phase 3, Gurgaon",9.17429E+11,28.49082997,77.09277034,"Thai Curry, Sushi, Wine, Mocktails, Paneer Tikka, Pasta","Service Time, Live Band, Outdoor, Live Music, Host, Good Value"
Evergreen Restaurant & Sweet House,"North Indian, Chinese, South Indian, Fast Food, Street Food, Mithai, Ice Cream, Beverages",500," Sector 10, Dwarka, New Delhi",4.0,397,4.1,13700,https://www.zomato.com/ncr/evergreen-restaurant-sweet-house-sector-10-dwarka-new-delhi,"Upper Ground Floor, Pinnacle Mall, Sector 10, Dwarka, New Delhi",9.18131E+11,28.57949396,77.05601268,"Mezze Platter, Butter Chicken, Coffee, Paneer Tikka, Pizza, Burger","Instagramable, Beautiful Cafe, Beautiful Ambience, Weekend Brunch, Food Presentation, Family Crowd"
Shakespeare Cafe,"Cafe, Fast Food, Continental, Beverages, Mexican, Turkish, Italian, Coffee",1100," Punjabi Bagh, New Delhi",4.0,118,,11,https://www.zomato.com/ncr/shakespeare-cafe-1-punjabi-bagh-new-delhi,"6, North West Avenue Market, Main Club Road, Punjabi Bagh, New Delhi",9.2E+11,28.66612247,77.12601006,"Cheese Corn Dosa, Lahori Aloo, Vegetable Seekh, Veg Crispy, Upma, Idli","Kids Friendly, Sanitised Service, Safe Delivery, Excellent Location, Ambience was Super Cool, Cooperative Staff"
Brothers' Bakery,"Bakery, Fast Food, Chinese, Pizza, Momos, Desserts, Beverages",400," Tilak Nagar, New Delhi",4.0,414,4.0,8646,https://www.zomato.com/ncr/brothers-bakery-tilak-nagar-new-delhi,"A-31, Khyala Road, Vishnu Garden, Near Tilak Nagar, New Delhi",9.18378E+11,28.64854111,77.10335568,"Fish Finger, Chicken Steak, Peri Peri Sauce, Ravioli, Sizzlers, Chocolate Mousse","Thoughtful and Polite Staff, Comfortable Couches, Rooftop Seating, Romantic Place, Open Area, Sheesha"
Kinbuck 2,"North Indian, Chinese, Beverages, Chettinad, South Indian, Fast Food, Mughlai, Biryani",1500," Connaught Place, New Delhi",4.0,1557,,0,https://www.zomato.com/ncr/kinbuck-2-connaught-place-new-delhi,"P-10/90, 1st & 2nd Floor, Outer Circle, Connaught Place, New Delhi",9.19954E+11,28.63215972,77.2166951,"Hari Mirch Parantha, Aloo Masala, Malai Soya Chaap, Kulfi, Dahi Kebab, Pulao","Unlimited Refills, Pure Veg, Gastronomical Experience, Family Place, Cozy, Family Crowd"
Vega Pure Vegetarian - Hotel Alka Classic,"North Indian, Mughlai, Fast Food, Desserts, Beverages",1600," Hotel Alka Classic, Connaught Place, New Delhi",4.0,435,3.9,46,https://www.zomato.com/ncr/vega-pure-vegetarian-hotel-alka-classic-connaught-place-new-delhi,"P-16/90, Outer Circle, Connaught Place, New Delhi",9.19812E+11,28.63248313,77.21636586,"Ginger Tea, Kit Kat Shake, Mocha, Chai, Cappuccino, Hot Chocolate","Sit and Read, Quiet, Food Service, Food Menu, Fancy Crowd, Live Music"
Cafe Coffee Bar,"Continental, Italian, Fast Food, North Indian, Beverages, Coffee",800," City Centre Mall, Sector 12, Dwarka, New Delhi",4.0,538,4.0,349,https://www.zomato.com/ncr/cafe-coffee-bar-sector-12-dwarka-new-delhi,"Shop 116-118, 1st Floor, City Centre Mall, Sector 12, Dwarka, New Delhi",011 66104034,28.59228032,77.04130378,"Chilli Corn, Shanghai Chicken, Chilly Chaap, Wheat Momo, Chicken Momo, Spring Roll","Rooftop Ambience, Comfortable Seating Area, Fancy Crowd, Courteous Staff, Vibe, Young Crowd"
Bistro Petit,"Continental, Asian, Sandwich, Fast Food, Desserts, Beverages",1500," DLF Phase 4, Gurgaon",4.0,150,3.9,13,https://www.zomato.com/ncr/bistro-petit-dlf-phase-4,"11, Cross Point Mall, Near Galleria Market, DLF Phase 4, Gurgaon",9.11244E+11,28.46761846,77.08230101,"Hari Mirch Ka Paneer Tikka, Walnut Brownie Sundae, Chocolate Browine, Fried Cheese, Drums of Heaven, Chicken Tikka Pizza","Dj Music, Great Dj, Lightings, Themed Decor, Affordable Food, Dance Floor"
Suroor Reloaded,"Continental, North Indian, Chinese, Finger Food, Fast Food",1300," Rajouri Garden, New Delhi",4.0,927,3.5,92,https://www.zomato.com/ncr/suroor-reloaded-rajouri-garden-new-delhi,"J 198, 2nd Floor, Rajouri Garden, New Delhi",9.19899E+11,28.64657151,77.11773533,"Mutton Barra, Tawa Chicken, Veg Manchurian, Butter Chicken, Dal Makhani, Paneer Tikka","Great Value, Seating Arrangement, Best Food under Best Budget, Good Quantity, Awesome Food, Contactless Delivery"
Rom's Pizza,"Pizza, Fast Food",400," Shakarpur, New Delhi",4.0,396,3.9,9855,https://www.zomato.com/ncr/roms-pizza-shakarpur-new-delhi,"U-112-B, Ground Floor, Upadhyay Block, Shakarpur, New Delhi",9.11141E+11,28.63046585,77.27763489,"Salted Caramel Cheesecake, Red Velvet Cheesecake, New York Cheesecake, Blueberry Cheese Cake, Hot Chocolate, Pastries","Cake Decoration, Totally Worth it, Pretty Decor, Food Presentation, Best Place, Timely Service"
Cheesecake & Co.,"Desserts, Bakery, Fast Food, Beverages",500," Anand Vihar, New Delhi",4.0,180,4.3,1998,https://www.zomato.com/ncr/cheesecake-co-anand-vihar-new-delhi,"B-8, Ground Floor, Surajmal Vihar, Anand Vihar, New Delhi",9.19555E+11,28.660236,77.304237,"Hong Kong Chicken, Wonton Soup, Chilly Garlic Noodles, Sweet Corn Soup, Manchow Soup, Soups","Chinese, Ample Seating Area, Family Place, Cozy Place, Family Restaurant, Favorite Place"
Fujiya,"Chinese, Japanese, Seafood, Fast Food, Momos",1500," Chanakyapuri, New Delhi",4.0,1127,3.8,309,https://www.zomato.com/ncr/fujiya-chanakyapuri-new-delhi,"12/48, Malcha Marg Market, Chanakyapuri, New Delhi",9.11127E+11,28.601095,77.186217,"Honey Chilli Potatoes, Butter Chicken, Dal Makhani, Biryani","Comfortable Seating Area, Cool Ambience, Best Restaurant, Great Value, Vibe, Interior"
Handi Chhadeyan Di,"North Indian, Mughlai, Chinese, Rolls",500," Connaught Place, New Delhi",4.0,319,3.5,1397,https://www.zomato.com/ncr/handi-chhadeyan-di-connaught-place-new-delhi,"59, Municipal Market, Outer Circle, Connaught Place, New Delhi",9.11123E+11,28.63503918,77.22181376,"Reasonable Prices, Mouth Watering Food, Prompt Service, Polite Staff, Worth the Money, Experience",
My Tea Chapel- Pinsa Pizza & Waffles,"Pizza, Bubble Tea, Healthy Food, Italian, Salad, Fast Food, Tea, Desserts",800," South Point Mall, Golf Course Road, Gurgaon",4.0,138,4.3,374,https://www.zomato.com/ncr/my-tea-chapel-pinsa-pizza-waffles-golf-course-road,"Shop 08, Ground Floor, South Point Mall, Golf Course Road, Gurgaon",9.18374E+11,28.448036,77.099179,"Kaya Toast, Calamari, Salmon, Coffee, Sandwich, Pizzas","Great Service and Atmosphere, Location is very Nice, Good Food and Good Ambience, Pet Friendly, Clean and Hygienic Place, Fantastic Decoration"
Moire Cafe Lounge & Bar,"Continental, European, Asian, Biryani, Momos, Chinese, Italian, Desserts",2500," Gardens Galleria, Sector 38 Noida, Noida",4.0,201,,0,https://www.zomato.com/ncr/moire-cafe-lounge-bar-sector-38-noida,"Shop 139-142, Ground Floor, Gardens Galleria Mall, Sector 38 A, Near Sector 38, Noida",9.19871E+11,28.5646037,77.32183962,"Kaju Korma, Veg Noodle Soup, Soyabean Chaap, Paneer Kali Mirch, Mix Veg Pizza, Hot N Sour Soup","Good for Large Groups, Ample Seating Area, Parking Space, Serving Size, Good Value, Family Restaurant"
High On Desserts,"Desserts, Coffee, Beverages, Fast Food",150," Rajinder Nagar, New Delhi",4.0,109,4.3,1314,https://www.zomato.com/ncr/high-on-desserts-rajinder-nagar-new-delhi,"1/122, Shankar Road, Rajinder Nagar, New Delhi",9.18368E+11,28.63581957,77.18514327,"Great Recommendations, Tasty, Hygiene, Seating, Good Service, Good Place",
Dharma Vaishno Dhabha,"North Indian, Chinese, Fast Food, Beverages, Desserts",500," Sector 12, Faridabad",4.0,448,3.9,4880,https://www.zomato.com/ncr/dharma-vaishno-dhabha-sector-12-faridabad,"Near City Mall, Sector 12, Faridabad",9.18131E+11,28.38107341,77.31454678,"Chicken Bharta, Masala Paneer, Rajma Rice, Dal Makhni, Biryani","Desi Vibes, Pocket Friendly, Quality Food, Good Food, Good Place, Quantity"
Spice It -  ibis New Delhi,"North Indian, Continental, Chinese, Fast Food, Beverages, Desserts, Kebab, Finger Food",1500," ibis New Delhi, Aerocity, New Delhi",4.0,276,,23,https://www.zomato.com/ncr/spice-it-ibis-new-delhi-aerocity-new-delhi,"Ibis New Delhi, Asset 9, Hospitality District, Near IGI Airport, Aerocity, New Delhi",9.19899E+11,28.55115842,77.12357893,"Chilly Paneer Sizzler, Malai Chaap, Starters, Drinks","Themed Decor, Relaxed Atmosphere, Friendly Service, Great Value, Best Food under Best Budget, Hospitality"
TNG Food - Tandoor & Grill,"North Indian, Chinese, European, Italian, Fast Food, Beverages",1500," Raj Nagar, Ghaziabad",4.0,212,4.1,595,https://www.zomato.com/ncr/tng-food-tandoor-grill-raj-nagar-ghaziabad,"B 16, GSR Tower, RDC, Raj Nagar, Ghaziabad",9.18745E+11,28.67390779,77.44371358,"Supreme Burger, Pancakes, Waffles, Cold Coffee, White Sauce Pasta, Platter","Kids Friendly, Quick Serving, Great Menu, Inexpensive, Variety of Pizza, Nice Concept"
Brewin Cafe,"Cafe, Fast Food, Beverages",350," Mayur Vihar Phase 1, New Delhi",4.0,99,3.9,58,https://www.zomato.com/ncr/brewin-cafe-mayur-vihar-new-delhi,"40A, P Block, Mayur Vihar Phase 1, New Delhi",9.17011E+11,28.608032,77.29224,"Wow Place, Service is Great, Excellent Location, Fantastic Decoration, Clean and Hygienic Place, Comforting Atmosphere",
Pizza Union,"Pizza, Fast Food",600," Sector 10, Dwarka, New Delhi",4.0,177,3.4,431,https://www.zomato.com/ncr/pizza-union-sector-10-dwarka-new-delhi,"Plot 3, Lower Ground Floor, Pinnacle Mall, Sector 10, Dwarka, New Delhi",9.11142E+11,28.57942418,77.05585375,"Hyderabadi Mutton Dum Biryani, Deluxe Veg Thali, Keema Kaleji, Oreo Shake, Cheesecake, Soya Chaap","Great for Birthdays, Unique Menu, Hygienic Food, Tamper Proof Packaging, Yummy Food, Best Food under Best Budget"
Rooh Burger Cafe,"Burger, Fast Food, Beverages, Wraps",350," Connaught Place, New Delhi",4.0,816,4.0,7097,https://www.zomato.com/ncr/rooh-burger-cafe-1-connaught-place-new-delhi,"Shop 22, A Block, Connaught Place, New Delhi",9.1114E+11,28.63366788,77.21788399,"Authentic Hyderabadi Biryani, Haleem, Mutton Biriyani, Chicken 65, Raita, Kabab","Excellent Place, Great Value, Nice Service, Recommended Place, Good Quality Food, Amazing Taste"
Delhi Chinese Fast Food,"Chinese, Fast Food",300," Laxmi Nagar, New Delhi",4.0,267,3.1,333,https://www.zomato.com/ncr/delhi-chinese-fast-food-laxmi-nagar-new-delhi,"75, Plot J74, Ground Floor, J Extention, Laxmi Nagar, New Delhi",9.19212E+11,28.63884194,77.27439344,"Ice Cream Sundae, Lemon Fish, Buffet, Virgin Mojito, Mix Veg, Gulab Jamun","Buffet Variety and Quality, Vintage Decor, Good Bartenders, Peaceful Ambience, Amazing Interior, Lightings"
Sardarji Di Bhatti,"North Indian, Rolls, Chinese, Mughlai",500," Moti Nagar, New Delhi",4.0,236,3.7,1037,https://www.zomato.com/ncr/sardarji-di-bhatti-moti-nagar-new-delhi,"WZ 1, Basai Darapur, Opposite Metro Pillar 320, Moti Nagar, New Delhi",9.17292E+11,28.65652152,77.13981561,"Good Ambience, Ambiance, Good Food, Food Quality, Staff, Service",
Le Himalaya,"Tibetan, Nepalese, Chinese, Thai, Momos",500," Malviya Nagar, New Delhi",4.0,230,3.7,9312,https://www.zomato.com/ncr/le-himalaya-malviya-nagar-new-delhi,"Shop 9, 1st Floor, Corner Market, Malviya Nagar, New Delhi",9.11141E+11,28.53884851,77.21361157,"Cute Little Place, Great Recommendations, Mouth Watering Food, Preparation, Worth the Money, Service",
Minar,"North Indian, Mughlai, Fast Food, Chinese, Desserts, Ice Cream, Beverages",1500," Connaught Place, New Delhi",4.0,734,4.2,117,https://www.zomato.com/ncr/minar-connaught-place-new-delhi,"L-11, Outer Circle, Connaught Place, New Delhi",9.11123E+11,28.63468488,77.22179934,"Baan Thai, Butterfly Chicken, Phad Thai, Hot Pot, Chicken Chilli, Spring Roll","Relaxed Atmosphere, Ample Seating Area, Good Packaging, Beautiful Place, Fast Delivery, Authentic Taste"
Craving Cosmos Cafe & Bakery,"Fast Food, Beverages, Bakery, Italian, Continental",550," Mayur Vihar Phase 2, New Delhi",4.0,97,4.0,338,https://www.zomato.com/ncr/craving-cosmos-cafe-bakery-mayur-vihar-phase-2-new-delhi,"Shop 3, CSC Market, Pocket E, Mayur Vihar Phase 2, New Delhi",9.19899E+11,28.61788398,77.29320075,"Cheese Balls, Beer, Biryani, Paneer Lababdar, Mocktails, Starters","Cozy Place, Packed on Weekends, Wonderful Place, Decent Place, Favorite Place, Good Staff"
Nathu's Sweets,"Mithai, North Indian, Street Food, South Indian, Continental",450," Raj Nagar, Ghaziabad",4.0,262,4.0,18700,https://www.zomato.com/ncr/nathus-sweets-1-raj-nagar-ghaziabad,"GC- 08, Ground Floor, Dubai Mall, RDC, Raj Nagar, Ghaziabad",9.19819E+11,28.67396162,77.44067866,"Comfort Food, Casual Seating Area, Good Portions, Low Price, Polite Staff, Quality",
Aapka Bhojanalaya,"North Indian, Chinese, Fast Food",250," Shahdara, New Delhi",4.0,314,,0,https://www.zomato.com/ncr/aapka-bhojanalaya-shahdara-delhi,"136/3, Main Road, Maujpur, Shahdara, New Delhi",9.1729E+11,28.68976061,77.27300908,"Good Crowd, Great Recommendations, Low Price, Great Ambience, Good Taste, Packing",
Ganeshwaram,"North Indian, South Indian, Chinese, Fast Food, Street Food, Beverages, Desserts",600," Sector 45, Noida",4.0,296,4.0,4988,https://www.zomato.com/ncr/ganeshwaram-sector-45-noida,"SD 155 & 156, Sadarpur, Sector 45, Noida",9.19872E+11,28.54916537,77.35590544,,
Sameer Qureshi's Kebab,"Rolls, North Indian, Mughlai",800," Shopping Mall, DLF Phase 1, Gurgaon",4.0,223,,1,https://www.zomato.com/ncr/sameer-qureshis-kebab-dlf-phase-1,"CB 70-71, Shopping Mall, Arjun Marg, DLF Phase 1, Gurgaon",9.19811E+11,28.4661819,77.09896423,"Chocolate Overdose, Flavored Ice Cream, Ferrero Rocher, Thick Shakes, Ice Creams, Icecream","Concept, Good Ambience, Food Presentation, Elaborate Menu, Customizable Food, Young Crowd"
Quirky Perky,"Cafe, Italian, Pizza, Fast Food, North Indian, Beverages",850," Raj Nagar, Ghaziabad",4.0,120,4.1,174,https://www.zomato.com/ncr/quirky-perky-raj-nagar-ghaziabad,"C-59, RDC, Raj Nagar, Ghaziabad",9.19954E+11,28.67632634,77.44356472,"Margherita Thin Crust, Cheese Corn Balls, Handi Chicken, Masala Chaap, Chicken Lababdar, Chicken Korma","Extensive Bar Menu, Variety of Veg Options, Fusion Dishes, Good for Large Groups, Quality of Food, Ample Seating Area"
Chefsville,"North Indian, Chinese, Fast Food, Beverages, Mughlai, Italian",800," Sector 7, Dwarka, New Delhi",4.0,347,3.7,2992,https://www.zomato.com/ncr/chefsville-sector-7-dwarka-new-delhi,"G 161, 1st Floor, Opposite SBI Bank, Sector 7, Dwarka, New Delhi",9.17218E+11,28.5886369,77.07164526,"Live Ghazal Performance, Fancy Crowd, Live Music, Courteous Staff, Main Course, Portions",
Panx Pizza,"Pizza, Fast Food",500," Kalkaji, New Delhi",4.0,167,3.9,1262,https://www.zomato.com/ncr/panx-pizza-kalkaji-new-delhi,"Shop 73, Ground Floor, Opposite Hanuman Mandir, Kalkaji, New Delhi",9.199E+11,28.53500502,77.26015963,"Stuffed Sandwich, White Pasta, Mocha, Cappuccino, Hot Chocolate, Sandwiches","Couple Friendly, Staff Service, Packed on Weekends, Good Value, Vibe, Hospitality"
Black Brown Coffee,"Cafe, Healthy Food, Italian, Continental, Salad, Rolls, Beverages",700," Ambience Mall, DLF Phase 3, Gurgaon",4.0,96,3.9,419,https://www.zomato.com/ncr/black-brown-coffee-2-dlf-phase-3,"Ground Floor, Hawker Street, Ambience Mall, DLF Phase 3, Gurgaon",9.16262E+11,28.50378855,77.09761843,,
Khanna Ki Rasoi,"North Indian, Beverages, Fast Food",300," Chander Nagar, New Delhi",4.0,234,4.0,1690,https://www.zomato.com/ncr/khanna-ki-rasoi-chander-nagar-new-delhi,"H.no-28, 3rd Floor, Radhey Puri Extension, Near Marry Convent School, Chander Nagar, New Delhi",9.19958E+11,28.6548555,77.291887,"Dahi Ke Sholey, Virgin Mojito, Mocktails, Chilly Chicken, Spring Rolls, Gulab Jamun","Good Bartenders, Dance Floor, Sitting Arrangement, Great Music, Comfortable Seating, Dj"
Anant Foods,"North Indian, Chinese, Mughlai, Momos",600," Sector 72, Noida",4.0,217,3.3,893,https://www.zomato.com/ncr/anant-foods-1-sector-72-noida,"Shop 3, Gate 1 Market, Sector 115, Sorkha, Near Sector 72, Noida",9.19999E+11,28.57547676,77.39952184,"Paneer Tikka Masala, Garlic Naan, Starters, Dal Makhni","Pocket Friendly Prices, Infrastructure, Cleanliness, Great Value, Customer Service, Excellent Service"
Ocean Blue,"North Indian, Chinese, Street Food, Italian, Fast Food, Mughlai, Beverages",1100," Kaushambi, Ghaziabad",4.0,150,3.5,22,https://www.zomato.com/ncr/ocean-blue-kaushambi-ghaziabad,"Hotel Blue Stone, Plot 5, Kaushambi, Ghaziabad",9.18179E+11,28.63453745,77.32689332,"Avocado Salad, Spaghetti Pasta, Hummus, Shakes, Coffee","Romantic Seating, Inexpensive, Customizable Dishes, Healthy Food, Best Food under Best Budget, Cafe"
Garden House Cafe & Health Kitchen,"Cafe, Healthy Food, Fast Food",600," Shahpur Jat, New Delhi",4.0,177,3.8,402,https://www.zomato.com/ncr/garden-house-cafe-health-kitchen-1-shahpur-jat-new-delhi,"418-A Designers Street, Shahpur Jat, New Delhi",9.1956E+11,28.548583,77.213139,"Malai Mushroom, Chilli Chicken Dry, Chicken Lababdar, Honey Chilli Potatoes, Kebabs, Roti","Good for Large Groups, Loved it, Relaxed Atmosphere, Great Value, Family Crowd, Yummy Food"
Creme N Crisp,"Bakery, Fast Food, Desserts, Beverages, Mithai",400," Gole Market, New Delhi",4.0,342,4.1,2621,https://www.zomato.com/ncr/creme-n-crisp-gole-market-new-delhi,"97, Bangla Sahib Road, Gole Market, New Delhi",9.11123E+11,28.63298693,77.20838729,"Chicken Handi Korma, Chicken Tikka Fry, Murgh Changezi, Mutton Masala, Kadahi Paneer, Kadai Chicken","Office Crowd, Good Portions, Great Recommendations, Fantastic Place, Perfect Presentation, Best Restaurant"
Veer Ji Malai Chap Wale,"North Indian, Rolls",300," Sector 7, Gurgaon",4.0,246,3.6,5573,https://www.zomato.com/ncr/veer-ji-malai-chap-wale-sector-7,"Plot 6PA, New Colony, Circular Road, Sector 7, Gurgaon",9.19812E+11,28.46825951,77.01575909,"Honey Chilli Potatoes, Cocktail, Hakka Noodles, Chicken Wings, Spring Roll, Chicken Tikka","Dj Music, Good Bartenders, Personal Attention, Staff Service, Live Music, Great Music"
Bajrang's Bikaner,"Mithai, Chinese, Fast Food, Bakery, Desserts",500," Sector 7, Faridabad",4.0,286,4.3,13400,https://www.zomato.com/ncr/bajrangs-bikaner-sector-7-faridabad,"2613, YMCA Road, Sector 7, Faridabad",9.11294E+11,28.36918927,77.32686281,"Kaiser Haleem Biryani, Nizami Chicken, Butter Tandoori Chicken, Mughlai Chicken, Tangdi Kabab, Haleem","Pocket Friendly Prices, Super Service, Unique Menu, Best Services, Fast Delivery Service, Prompt Delivery"
Kaiser,"North Indian, Mughlai, Biryani, Rolls",700," Sector 50, Gurgaon",4.0,472,3.9,5169,https://www.zomato.com/ncr/kaiser-sector-50,"Shop 11A, Samaspur Village, Sector 51, Near Sector 50, Gurgaon",9.1813E+11,28.42532884,77.06758372,"Relish quintessential Indian teatime snacks with a modern twist including Mister Chai’s Punjabi Samosa,Bhajia, Gur Para, Mumbai Toastie Sandwich, teacakes, cookies and more.

Starts at INR 1950 |...Read More","Corn Bhel, Aloo Samosa, Bhel Puri, Masala Tea, Club Sandwich, Hot Coffee"
"Mister Chai - Shangri-La's - Eros Hotel, New Delhi","Cafe, Tea, Street Food, Fast Food, Beverages, North Indian",1300," Shangri-La's - Eros Hotel, Connaught Place, New Delhi",4.0,226,,0,https://www.zomato.com/ncr/mister-chai-shangri-las-eros-hotel-new-delhi-connaught-place-new-delhi,"Shangri-La’s – Eros Hotel, 19, Lobby Level, Ashoka Road, Connaught Place, New Delhi",9.11141E+11,28.62110523,77.21695662,"Desserts, Paneer Tikka, Dal Makhani, Starters, Chicken","Live Music, Chef, Great Ambience, Main Course, Ambiance, Good Food"
Janak Taste Budz,"Chinese, Rolls, Mughlai, North Indian",750," Janakpuri, New Delhi",4.0,164,4.0,736,https://www.zomato.com/ncr/janak-taste-budz-1-janakpuri-new-delhi,"B2B /1, L Type, Corner Shop, Janakpuri, New Delhi",9.17304E+11,28.63215442,77.09099974,"Bang for the Buck, Cordial Staff, Not very Crowded, Elegantly Decorated, Great Recommendations, Sitting",
The Munching Co.,"North Indian, Rolls, Fast Food, Chinese",350," Jail Road, New Delhi",4.0,106,4.1,985,https://www.zomato.com/ncr/the-munching-co-jail-road-new-delhi,"E-1/C, Near Sukho Khalsa School, Jail Road, New Delhi",9.19821E+11,28.63405249,77.09745549,"Dal Punjabi, Egg Maggi, Masala Dosa, Cheesecake, Paneer Tikka, Chutney","Reasonable Rate, Customizable Dishes, Weekend Brunch, Student Crowd, Good Wifi, Elaborate Menu"
Sona Sweets Sri Udipi Restaurant,"North Indian, South Indian, Street Food, Desserts, Fast Food, Beverages, Chinese",400," Nehru Place, New Delhi",4.0,460,4.3,1214,https://www.zomato.com/ncr/sona-sweets-sri-udipi-restaurant-nehru-place-new-delhi,"G-1-27, Saraswati House, Nehru Place, New Delhi",9.11126E+11,28.54848653,77.25168049,"Manchurian, Momos, White Sauce Pasta, Shakes, Noodles, Burger","Affordable, Cozy Ambience, Variety of Pizza, Weekend Brunch, Food Quantity, Good Music"
Nerdy Dino,"Momos, Chinese, Fast Food, Beverages",500," Janakpuri, New Delhi",4.0,114,3.9,43,https://www.zomato.com/ncr/nerdy-dino-janakpuri-new-delhi,"C4B-302, Groud Floor, Maharaja Surajmal Lane, Janakpuri, New Delhi",9.18803E+11,28.61898648,77.09178966,"Macaroon, Mango Cheesecake, Chocolate Dessert, Desserts, Cake, Breads","Flower Pot, Dessert Menu, Pretty Decor, Coffee Date, Food Presentation, Student Crowd"
Grubhouse Cafe,"Italian, Chinese, Sandwich, Burger, Rolls, Momos, Pizza, Beverages",500," Mayur Vihar Phase 1, New Delhi",4.0,189,3.8,2111,https://www.zomato.com/ncr/grubhouse-cafe-mayur-vihar-new-delhi,"D 33, Acharya Niketan, Mayur Vihar Phase 1, New Delhi",9.19311E+11,28.60915448,77.29506724,"Pav Bhaji, Chocolate Shake, Dimsums, Cheesecake, Soup, Chicken","Service is Great and Fast, Taste of Food, Ambience was Super Cool, Weekend Brunch, Good Wifi, Good Music"
Pinjore,"Mughlai, North Indian, Asian, Pasta, Pizza, Momos, Desserts, Beverages",1900," East Patel Nagar, New Delhi",4.0,164,3.9,155,https://www.zomato.com/ncr/pinjore-east-patel-nagar-new-delhi,"1/4, Ground Floor, East Patel Nagar, New Delhi",9.1114E+11,28.645393,77.170254,"Tandoori Paneer Momos, Kurkure Momo, Butter Naan, Dal Makhni, Paneer Tikka, Snacks","Drive through, Not very Crowded, Economical, Inexpensive, Polite Staff, Prompt Service"
Burger Singh - Big Punjabi Burgers,"Burger, Fast Food, Beverages",400," Sector 50, Noida",4.0,538,4.1,13100,https://www.zomato.com/ncr/burger-singh-big-punjabi-burgers-sector-50-noida,"B-1/19, Gautam Buddha Nagar, Sector 50, Noida",9.18767E+11,28.57060845,77.36198567,,
Brewtoast,"Italian, Fast Food, Beverages",450," Lajpat Nagar 4, New Delhi",4.0,167,4.1,650,https://www.zomato.com/ncr/brewtoast-lajpat-nagar-4-new-delhi,"Shop 3, C 17, Lajpat Nagar 4, New Delhi",9.19812E+11,28.5621159,77.24440064,"Balcony Area, Beautiful View, Calm, Authentic Food, Cozy Place, Decor",
Sighri,"North Indian, Mughlai, Chinese, Momos, Rolls",700," Janakpuri, New Delhi",4.0,943,3.9,20400,https://www.zomato.com/ncr/sighri-janakpuri-new-delhi,"1, A2A Market, Vardhaman Plaza, Janakpuri, New Delhi",9.19711E+11,28.62519838,77.07627039,"Great Menu, Served Quickly, Variety of Pizza, Good Wifi, Student Crowd, Weekend Brunch",
Pizza King,"Pizza, Fast Food",500," Badarpur Border, Faridabad",4.0,253,3.9,132,https://www.zomato.com/ncr/pizza-king-badarpur-border-faridabad,"Shop 5, Kernal Market, Jaitpur 2, Badarpur Border, Faridabad",9.2E+11,28.50827105,77.33441256,"Chocolate Mousse, Beers, Cocktail, Drink, Chicken Wings, Meat","Rock Music, Live Band, Live Performances, Amazing Music, Awesome Music, Live Music"
Grover Sweets,"Street Food, North Indian, Chinese",300," Uttam Nagar, New Delhi",4.0,481,4.1,20300,https://www.zomato.com/ncr/grover-sweets-3-uttam-nagar-new-delhi,"1, Diwan Estate, Bhagwati Garden, Near Dwarka Mod Metro Station, Uttam Nagar, New Delhi",9.19654E+11,28.619322,77.03255542,"Great Recommendations, Spicy, Packing, Ambience, Good Food, Quantity",
KAP's Restro Bar & Cafe,"North Indian, Chinese, Mughlai, Fast Food, Finger Food, Beverages",1200," Vasant Square Mall, Vasant Kunj, New Delhi",4.0,93,4.5,186,https://www.zomato.com/ncr/kaps-restro-bar-cafe-vasant-kunj-new-delhi,"Shop 41, Ground Floor, Vasant Square Mall, Vasant Kunj, New Delhi",9.18826E+11,28.52480578,77.15665285,"Truffle Shake, Paneer Patty Burger, Fish Platter, Bbq Pizza, Pancake, Waffles","Bang for the Buck, Office Crowd, Delivery on Time, Quality of Food, Cozy Ambiance, Cute Little Place"
Sardarji Malai Chaap Wale,"North Indian, Rolls",300," Subhash Nagar, New Delhi",4.0,549,3.8,4687,https://www.zomato.com/ncr/sardarji-malai-chaap-wale-subhash-nagar-new-delhi,"Shop 7, Subhash Nagar, New Delhi",9.19314E+11,28.63783116,77.11353801,"Best Location, Live Singing, Rooftop, Singer, Awesome Music, Cosy Place",
White Hart Pizza,"Pizza, Fast Food, Desserts",400," Vasundhara, Ghaziabad",4.0,271,4.2,8600,https://www.zomato.com/ncr/white-hart-pizza-vasundhara-ghaziabad,"Near Agrasen Chowk, Vasundhara, Ghaziabad",9.1991E+11,28.65313395,77.35373586,"Location, Courteous Staff, Main Course, Great Place, Good Food, Ambience",
Kanwarji's,"Street Food, Chinese, North Indian, Mithai",300," Chandni Chowk, New Delhi",4.0,348,4.2,18,https://www.zomato.com/ncr/kanwarjis-chandni-chowk-new-delhi,"1972-1973, Corner Gali Paranthe, Opposite Central Bank, Chandni Chowk, New Delhi",9.11165E+11,28.65631881,77.2306855,"Mughlai Food, Chicken Curry, Fish Tikka, Tandoori Chicken","Family Restaurant, Friendly Service, Comfortable Seating, Excellent Food, Excellent Service, Portion Size"
Shyam Dairy,"North Indian, Chinese, South Indian, Street Food, Fast Food, Mithai, Desserts, Beverages",450," Vasundhara, Ghaziabad",4.0,357,4.0,15700,https://www.zomato.com/ncr/shyam-dairy-1-vasundhara-ghaziabad,"21/22, Sector 15 C, Near Atal Chowk, Vasundhara, Ghaziabad",9.19872E+11,28.65527348,77.35957202,"Pocket Friendly, Polite Staff, Packing, Food Quality, Prices, Value for Money",
Anupam Sweet,"Chinese, South Indian, Street Food, Mithai",400," Sector 15, Faridabad",4.0,407,4.2,5262,https://www.zomato.com/ncr/anupam-sweet-sector-15-faridabad,"SCF 74, Sector 15 Market, Sector 15, Faridabad",9.11294E+11,28.3948816,77.32219577,"Good Portions, Polite Staff, Price, Ambience, Experience, Quality",
Rajindra Refreshment Corner,"North Indian, Street Food",150," Karampura, New Delhi",4.0,172,3.9,95,https://www.zomato.com/ncr/rajindra-refreshment-corner-karampura-new-delhi,"Opposite Milan Cinema, Karampura, New Delhi",9.2E+11,28.66230844,77.14657713,"Weekend Brunch, Good Wifi, Elaborate Menu, Student Crowd, Customizable Food, Fresh Food",
Bijoli Grill,"Bengali, Chinese, Rolls",800," Good Earth City Center, Sector 50, Gurgaon",4.0,293,3.9,1610,https://www.zomato.com/ncr/bijoli-grill-sector-50,"Shop 156/143, Good Earth City Center, Opposite Malibu Town, Sector 50, Gurgaon",9.11244E+11,28.42122585,77.0531692,"Breakfast, Quick Service, Preparation, Value for Money, Packaging, Taste",
Pizza Vizza,"Pizza, Fast Food",500," Mayur Vihar Phase 1, New Delhi",4.0,336,4.1,13600,https://www.zomato.com/ncr/pizza-vizza-mayur-vihar-new-delhi,"B-14, Shop 2, Ground Floor, Acharya Niketan, Mayur Vihar Phase 1, New Delhi",9.2E+11,28.60775,77.294304,"Lime Mojito, Tandoori Fries, Peri Fries, Oreo Shake, Shakes, Pizzas","Cozy Ambiance, Economical, Live Kitchen, Not very Crowded, Pocket Friendly, Polite Staff"
Love Grill,"Italian, Fast Food, Beverages",700," Delhi University-GTB Nagar, New Delhi",4.0,254,3.9,110,https://www.zomato.com/ncr/love-grill-delhi-university-gtb-nagar-new-delhi,"Shop 1, CSC DDA Market, Hudson Lane, Delhi University-GTB Nagar, New Delhi",9.17835E+11,28.69446,77.20517,"Get a complimentary night, earn up to 50% of spends as points at 250+ restaurants & much more. Know more",
Bengali Sweet Centre,"Mithai, North Indian, South Indian, Chinese, Fast Food, Beverages",500," South Extension 1, New Delhi",4.0,898,4.0,12600,https://www.zomato.com/ncr/bengali-sweet-centre-south-extension-1-new-delhi,"G19, Main Market, South Extension 1, New Delhi",9.11125E+11,28.56950073,77.2210148,"Chicken Korma, Rumali Roti, Afghani Chicken, Butter Naan, Rolls, Butter Chicken","Cozy Ambiance, Cute Little Place, Pocket Friendly, Portion Size, Courteous Staff, Owner"
Juneja's Eating Plaza,"North Indian, Chinese, Fast Food, Rolls",500," Lodhi Colony, New Delhi",4.0,360,4.0,1058,https://www.zomato.com/ncr/junejas-eating-plaza-lodhi-colony-new-delhi,"74, Mehar Chand Market, Lodhi Colony, New Delhi",9.11125E+11,28.58445989,77.22660251,"Coffee and Doughnuts, Choco Walnut Cake, Paneer Puff, Strawberry Cake, Vanilla Cake, White Forest Cake","Cute Cupcakes, Highly Customizable Cakes, Fluffy Cakes, Pretty Decor, Coffee Date, Decorations"
Bob's,"Cafe, Beverages, Fast Food",400," Nirvana Courtyard, Sector 50, Gurgaon",4.0,172,4.2,503,https://www.zomato.com/bobsshakesin,"C-21, Nirvana Courtyard, Nirvana Country, Sector 50, Gurgaon",9.19812E+11,28.41395568,77.0655429,"Tandoori Veg Platter, Murgh Malai Tikka, Chicken Tikka Pizza, Veg Spring Rolls, Honey Chilli Potatoes, Chicken 65","Sheesha, Hookah, Prime Location, Decent Ambience, Comfortable Seating, Light Music"
Prime Street Cafe,"North Indian, Chinese, Italian, Pizza, Mughlai, Fast Food, Beverages",1000," Connaught Place, New Delhi",4.0,1475,3.9,71,https://www.zomato.com/ncr/prime-street-cafe-connaught-place-new-delhi,"12/13, 1st Floor, F- Block, Inner Circle, Opposite Rajiv Chowk Metro Gate 5, Connaught Place, New Delhi",9.11144E+11,28.63155027,77.22050652,"Chicken Momos, Pasta, Starters, Paneer Tikka, Biryani","Ample Seating Area, Good for Large Groups, Relaxed Atmosphere, Serving Size, Great Value, Theme"
The Food Workshop,"North Indian, Chinese, Fast Food, Continental, Beverages",700," Raj Nagar, Ghaziabad",4.0,549,4.0,3350,https://www.zomato.com/ncr/the-food-workshop-raj-nagar-ghaziabad,"C 84, RDC, Near Petrol Pump, Raj Nagar, Ghaziabad",9.11204E+11,28.67699112,77.44288713,"Punjabi Chicken, Andhra Chicken Curry, Chicken 65, Palak Paneer, Mutton Curry, Chilli Potatoes","Gastronomical Experience, Live Music, Fancy Crowd, Great Restaurant, Atmosphere, Waiter"
Amigos Kitchen And Grill,"North Indian, Fast Food",800," Raj Nagar, Ghaziabad",4.0,69,3.9,273,https://www.zomato.com/ncr/amigos-kitchen-and-grill-raj-nagar-ghaziabad,"B 34, RDC, Raj Nagar, Ghaziabad",9.19354E+11,28.67375512,77.44362138,"Matar Mushroom, Veg Tandoori Platter, Mixed Vegetables, Chicken Rara, Dum Biryani, Afghani Chicken","Late Night Delivery, Chirpy Crowd, Elegantly Decorated, Cute Little Place, Pocket Friendly, Good Crowd"
HR-51,"North Indian, Rolls, Mughlai, Chinese, Kebab",600," Sector 31, Faridabad",4.0,724,3.9,15800,https://www.zomato.com/ncr/hr-51-sector-31-faridabad,"24/25, Huda Market, Sector 31, Faridabad",9.19212E+11,28.44649286,77.3168974,"Worth the Money, Elaborate Menu, Good Quality, Delicious Food, Fresh Food, Good Food",
Mohinga The Taste of Myanmar,"Burmese, Momos, Beverages",500," Safdarjung, New Delhi",4.0,71,4.0,175,https://www.zomato.com/ncr/mohinga-the-taste-of-myanmar-safdarjung-new-delhi,"Shop 2, 70E, Humayunpur, Safdarjung, New Delhi",9.17983E+11,28.5614663,77.19378166,"Changezi Chicken, Chicken Korma, Rumali Roti, Veg Biryani","Tasty, Good Taste, Price, Ambiance, Good Food, Quality"
Qwick Grab Kathi Rolls & More,"Rolls, Beverages",300," Chander Nagar, New Delhi",4.0,197,4.1,11400,https://www.zomato.com/ncr/qwick-grab-kathi-rolls-more-chander-nagar-new-delhi,"Shop 1, 2nd Floor, Satnam Park, Chander Nagar, New Delhi",9.18861E+11,28.655117,77.282173,"Comfort Food, Great Recommendations, Hygiene, Worth the Money, Good Food",
Our Story Pub By Sherlock's,"North Indian, Mughlai, Chinese, Fast Food",1800," Sector 18, Noida",4.0,667,3.8,156,https://www.zomato.com/ncr/our-story-pub-by-sherlocks-sector-18-noida,"G-38, 1st Floor, Sector 18, Noida",9.17017E+11,28.56939767,77.32370351,"Kheer, Honey Chilli Potatoes, Drink, Mushroom, Raita, Starters","Good Quality Food, Excellent Food, Nice Food, Preparation, Main Course, Nice Ambience"
Fiery Grillss,"North Indian, Chinese, Thai, Continental, Mughlai, Fast Food, Desserts, Beverages",850," Crown Plaza Mall, Sector 15, Faridabad, Faridabad",4.0,374,4.0,4123,https://www.zomato.com/ncr/fiery-grillss-sector-15-faridabad,"6, Lower Ground Floor, Crown Plaza Mall, Sector 15, Faridabad",9.2E+11,28.39811379,77.31288247,"Butter Chicken, Butter Naan, Dal Makhni, Chicken Tikka, Pasta, Noodles","Family Place, Good Quality Food, Crowd, Location, Good Taste, Great Food"
Chaskaa,"Chinese, North Indian, Fast Food",400," Anand Vihar, New Delhi",4.0,484,4.1,7622,https://www.zomato.com/ncr/chaskaa-anand-vihar-new-delhi,"Kamal Complex, Local Shopping Centre, Surajmal Vihar, Anand Vihar, New Delhi",9.11143E+11,28.65982102,77.30652329,"Roll Mushrooms, Mango Cooler, Brownie Sizzler, Kiwi Mojito, Summer Cooler, Banoffee Pie","Hookah, Sheesha, Decent Price, Cozy, Dj, Fancy Crowd"
Big Fat Sandwich,"American, Pizza, Sandwich, Fast Food, Salad, Beverages, Desserts",1000," Hauz Khas, New Delhi",4.0,521,4.0,3642,https://www.zomato.com/ncr/big-fat-sandwich-hauz-khas-new-delhi,"A 15/A, Market Lane, Block E, Hauz Khas, New Delhi",9.11149E+11,28.55297713,77.20773518,"Grilled Chicken, Wine, Salads, Desserts, Coffee, Drinks","Friendly Service, Cozy Place, Decor, Friendly Staff, Chef, Ambiance"
Latitude 28,"Fast Food, North Indian, Italian, Beverages, Desserts",2000," Khan Market, New Delhi",4.0,257,,3,https://www.zomato.com/ncr/latitude-28-khan-market-new-delhi,"9, 2nd Floor, Khan Market, New Delhi",9.17827E+11,28.59980314,77.22663905,"Relaxed Atmosphere, Family Crowd, Hospitality, Decor, Table, Main Course",
Cafe Russmunch,"Fast Food, Desserts, Beverages, Italian",500," Pitampura, New Delhi",4.0,347,4.0,919,https://www.zomato.com/ncr/cafe-russmunch-pitampura-new-delhi,"8, Chanderlok Enclave, Pitampura, New Delhi",9.19812E+11,28.69033678,77.13559885,"Chicken Fried Momos, Cheesecake, Chicken Tikka, Biryani","Customizable Dishes, Outdoor Seating, Good Wifi, Weekend Brunch, Family Crowd, Good Music"
Bawarchi Baba,"North Indian, Chinese, Mughlai, South Indian, Fast Food, Biryani",600," Amrapali Dream Valley, Greater Noida",4.0,157,3.9,2155,https://www.zomato.com/ncr/bawarchi-baba-amrapali-dream-valley-greater-noida,"LG 18, Lower Ground, Icon Leisure Valley, Techzone 4, Amarpali Dream Valley, Greater Noida",9.1993E+11,28.58698649,77.43842192,"Chocolate Silk, Chocochip Cake, Truffle Pastries, Paneer Puff, Red Velvet Cake, Cakes","Cute Cupcakes, Highly Customizable Cakes, Coffee Date, Packed on Weekends, Good Packaging, Fast Delivery"
The Cake Villa,"Bakery, Fast Food, Chinese",400," Mukherjee Nagar, New Delhi",4.0,328,4.0,1880,https://www.zomato.com/ncr/the-cake-villa-mukherjee-nagar-new-delhi,"207, Ground Floor, Main Road, Bhai Parmanand Colony, Mukherjee Nagar, New Delhi",9.18801E+11,28.71040044,77.20784582,,
Wah Ji Wah,"North Indian, Chinese, Rolls, Kebab",400," Rohini, New Delhi",4.0,422,3.8,21100,https://www.zomato.com/ncr/wah-ji-wah-4-rohini-new-delhi,"A-36, Surya Market, Budh Vihar, Phase 1, Rohini, New Delhi",9.17835E+11,28.70587039,77.08534498,"Paneer Chilla, Corn Salad, Healthy Breakfast, Poha, Grilled Fish, Paneer Tikka","Great for Birthdays, Excellent Variety, Pocket Friendly Prices, Healthy Food, Breakfast, Cafe"
Sehat Cafe,"North Indian, Healthy Food, Fast Food, Beverages",600," Sector 7, Dwarka, New Delhi",4.0,175,4.1,4949,https://www.zomato.com/ncr/sehat-cafe-sector-7-dwarka-new-delhi,"Plot C -708A, Block C, Near Shiksha Bharti School, Palam Extension, Sector 7, Dwarka, New Delhi",9.11146E+11,28.5853125,77.06821337,"Chocolate Truffle Cake, Cakes, Tea, Breads, Chocolate, Desserts",
Sidewalk - Hyatt Regency,"Bakery, Desserts, Fast Food, Beverages",1000," Hyatt Regency, Bhikaji Cama Place, New Delhi",4.0,133,4.0,154,https://www.zomato.com/ncr/sidewalk-hyatt-regency-bhikaji-cama-place-new-delhi,"Hyatt Regency, Bhikaji Cama Place, New Delhi",9.11167E+11,28.56940238,77.18599454,"Bhalla Papri, Chaat, Noodle, Spring Roll, Burger, Momos",
Chinu Chaat Bhandar,"North Indian, Chinese, Rolls",300," Tagore Garden, New Delhi",4.0,182,4.3,915,https://www.zomato.com/ncr/chinu-chaat-bhandar-tagore-garden-new-delhi,"Shop 533, Tagore Garden, New Delhi",9.19971E+11,28.64921196,77.11608008,"Elaborate Menu, Customizable Food, Fresh Food, Good Quality, Price, Service",
Chalte Firte Momos & Special Foods,"Momos, Fast Food, Chinese, North Indian",300," Delhi University-GTB Nagar, New Delhi",4.0,641,3.8,15300,https://www.zomato.com/ncr/chalte-firte-momos-special-foods-delhi-university-gtb-nagar-new-delhi,"F-16B, Hudson Lane, Opposite NDPL Office, Delhi University-GTB Nagar, New Delhi",9.18596E+11,28.693478,77.204631,"Tawa Chicken, Chicken Curry, Paneer Lababdar, Butter Chicken, Dal Makhani","Nice Food, Good Quantity, Excellent Food, Combo, Reasonable Price, Portions"
Chawla Family Restaurant,"North Indian, Chinese, Mughlai, Rolls, Fast Food",750," Rajouri Garden, New Delhi",4.0,463,4.0,11300,https://www.zomato.com/ncr/chawla-family-restaurant-rajouri-garden-new-delhi,"G-1, 3, 4, 8, 10, 11 Plot 3, Vardhaman Plaza, Rajouri Garden, New Delhi",9.19811E+11,28.63870511,77.12019157,"Baked Pasta, Drums of Heaven, Peri Peri Fries, Chilli Garlic Noodles, Nachos, Sandwiches","Great for Birthdays, Humble Staff, More Variety, Fancy Crowd, Great Ambiance, Vibe"
Kandy's Pastry Parlour,"Bakery, Desserts, Fast Food",400," Kalkaji, New Delhi",4.0,317,4.2,1828,https://www.zomato.com/ncr/kandys-pastry-parlour-kalkaji-new-delhi,"B 30/B, Near B Block, Kalkaji, New Delhi",9.17838E+11,28.54300112,77.25302663,"Chicken Salami Sandwich, Peri Fries, Iced Tea, Burgers, Sandwiches","Bang for the Buck, Not very Crowded, Casual Seating Area, Drive through, Prompt Service, Great Recommendations"
Grill Masters,"Burger, Sandwich, Fast Food, Beverages",300," Rohini, New Delhi",4.0,289,4.2,2349,https://www.zomato.com/ncr/grill-masters-rohini-new-delhi,"Plot 146, Ground Floor, Pocket 17, Near Best Mega Mall, Sector 24, Rohini",9.18506E+11,28.72643208,77.09479172,"Kadhi Pakora, Chana Masala, Panneer Butter Masala, Palak Paneer, Kheer, Daal Makhani","Amazing Food, Tasty, Owner, Nice Place, Quantity, Ambience"
Mmmelt,"Cafe, Burger, Pizza, Fast Food, Beverages",650," Sector 45, Noida",4.0,144,4.1,1966,https://www.zomato.com/ncr/mmmelt-sector-45-noida,"Shop 30, Gardenia Glory Market, Sector 46, Near Sector 45, Noida",9.18588E+11,28.55023326,77.36021742,"Tiramisu, Thin Crust Pizza, Cheesecake, Coffee, Pasta","Variety of Pizza, Outdoor Seating, Weekend Brunch, Friendly Staff, Vibe, Good Wifi"
Laddoo Gopal Sweets & Restaurant,"North Indian, Chinese, South Indian, Mithai, Street Food, Fast Food, Beverages",600," Shahdara, New Delhi",4.0,545,3.7,6976,https://www.zomato.com/ncr/laddoo-gopal-sweets-restaurant-shahdara-new-delhi,"C-543, Chhajupur, Main 100 Feet Road, Shahdara, New Delhi",9.19774E+11,28.68940884,77.28566643,"Quiche, Cupcakes, Red Velvet, Cappuccino, Pastry, Desserts","Breakfast, Reasonable Prices, Courteous Staff, Decor, Presentation, Great Place"
Hungry Hackers,"Burger, Sandwich, Fast Food, Beverages",300," Jaipuria Sunrise Plaza, Indirapuram, Ghaziabad",4.0,366,4.1,1502,https://www.zomato.com/ncr/hungry-hackers-indirapuram-ghaziabad,"Sd-122, Jaipuria Sunrise Plaza, Indirapuram, Ghaziabad",9.11204E+11,28.64027967,77.37778354,"Chicken Spring Roll, Afghani Chicken, Veg Momos, Pav Bhaji, Momo, Rolls","Elegantly Decorated, Low Price, Good Crowd, Polite Staff, Prompt Service, Best Places"
Mom's Kitchen,"North Indian, Chinese, Momos, Rolls, Fast Food, Bengali",450," Chittaranjan Park, New Delhi",4.0,264,3.9,6099,https://www.zomato.com/ncr/moms-kitchen-chittaranjan-park-new-delhi,"Shop 32, Market 4, Chittaranjan Park, New Delhi",9.19958E+11,28.53706507,77.24843167,"Chinese, Great Recommendations, Preparation, Portion, Great Taste, Best Place",
The Dim Sum House,"Chinese, Thai, Continental, Momos, Fast Food",650," Rodeo Drive, Sector 49, Gurgaon, Gurgaon",4.0,138,4.2,1670,https://www.zomato.com/ncr/the-dim-sum-house-sector-49,"DG 11, Rodeo Drive, Sector 49, Delhi NCR, Delhi NCR",9.1771E+11,28.41972616,77.05183312,,
Aminia,"North Indian, Mughlai, Rolls, Biryani",800," Chittaranjan Park, New Delhi",4.0,358,4.1,2541,https://www.zomato.com/ncr/aminia-chittaranjan-park-new-delhi,"Shop 21, Market 3, Block A, Chittaranjan Park Road, Near Chittaranjan Park, New Delhi",9.1114E+11,28.54081188,77.24333715,"Stuffed Malai Chaap, Panner Butter Masala, Gulab Jamun, Dal Makhni, Paneer Tikka","Good Quantity, Proper Packaging, Flavour, Great Portions, Good Food, Service"
Bawa's The Journey Of Spice,"North Indian, Mughlai, Chinese, Kebab, Rolls",800," Kirti Nagar, New Delhi",4.0,288,4.1,111,https://www.zomato.com/ncr/bawas-the-journey-of-spice-kirti-nagar-new-delhi,"42, DLF Industrial Area, Kirti Nagar, New Delhi",9.11125E+11,28.655247,77.14286562,"Tornado Potato, Banana Nutella, Crepes, Brownie Waffle, Chocolate Waffle, Pancake","Totally Worth it, Pocket Friendly, Seating Area, Presentation, Nice Place, Good Place"
Golden China Hut,"Chinese, Burger, Momos, Rolls",400," Safdarjung, New Delhi",4.0,368,4.0,6575,https://www.zomato.com/ncr/golden-china-hut-safdarjung-new-delhi,"C 65, Arjun Nagar, Block B7, Near Chota Gurudwara, Safdarjung, New Delhi",9.19654E+11,28.5605387,77.19907533,"Prompt Service, Tasty Food, Music, Good Place, Worth the Money, Good Food",
Caffé La Poya,"Fast Food, Sandwich, Italian",400," Sector 30, Noida",4.0,247,4.3,2364,https://www.zomato.com/ncr/caffé-la-poya-sector-30-noida,"10, Kirtimaan Plaza, Near Mother Diary, Sector 30, Noida",9.11204E+11,28.57226619,77.34106645,"Mud Cake, Carrot Cake, Coffees, Pancakes, Cappuccino, Hot Chocolate","Free Wifi, Seating, Decor, Ambiance, Music, Best Place"
Coffee House,"Cafe, Fast Food",400," Majnu ka Tila, New Delhi",4.0,175,,0,https://www.zomato.com/ncr/coffee-house-majnu-ka-tila-new-delhi,"39, Basement, Majnu ka Tila, New Delhi",9.19717E+11,28.70372102,77.22844519,"Good for Families, Breakfast, Nice Place, Quality, Experience, Taste",
Grover Mithaivala,"Mithai, Street Food, North Indian, Desserts",300," Jail Road, New Delhi",4.0,257,4.1,202,https://www.zomato.com/ncr/grover-mithaivala-jail-road-new-delhi,"B A-152/A, Near Red Light, Gurunanak Pura, Jail Road, New Delhi",9.11146E+11,28.63191694,77.09826082,"Veg Combo Platter, Chicken Shawarama, Barbeque Chicken, Soya Chaap Roll, Paneer Tikka Pizza, Shawarma","Pocket Friendly, Low Price, Great Packaging, Polite Staff, Tamper Proof Packaging, Prompt Service"
The Munchin Co.,"Italian, North Indian, Chinese, Mughlai, Fast Food, Rolls",500," Vyapar Kendra, Sushant Lok, Gurgaon",4.0,181,4.0,3481,https://www.zomato.com/ncr/the-munchin-co-sushant-lok,"Shop 62, Upper Ground Floor, Vyapar Kender, Sushant Lok, Gurgaon",9.19971E+11,28.46004404,77.08389424,"Owner, Great Place, Quantity, Prices, Delicious Food, Ambience",
Fit Food 27,"Healthy Food, Fast Food, Beverages",350," Sector 27, Noida",4.0,175,4.1,1695,https://www.zomato.com/ncr/fit-food-27-1-sector-27-noida,"Shop 29, D Block Market, Sector 27, Noida",9.19999E+11,28.57437409,77.32842922,"Continental, Italian, Fast Food, North Indian, Beverages, Coffee",
Rule The Rolls,"Rolls, North Indian, Kebab, Beverages",350," Sector 15, Gurgaon",4.0,128,4.1,649,https://www.zomato.com/ncr/rule-the-rolls-sector-15,"32nd Avenue, NH-8, Part 2, Sector 15, Gurgaon",9.11245E+11,28.461479,77.049576,"Macaroons, Cup Cakes, Cupcakes, Hot Chocolate, Coffees, Tiramisu","Luxury, Best Quality, Breakfast, Yummy Food, Friendly Staff, Perfect Place"
Pizza81,"Pizza, Fast Food",500," Preet Vihar, New Delhi",4.0,443,3.9,7264,https://www.zomato.com/ncr/pizza81-1-preet-vihar-new-delhi,"Shop 9, DDA Market, Swasthya Vihar, Preet Vihar, New Delhi",9.17292E+11,28.64043651,77.28996299,"Hazelnut Brownie, Vegetable Dimsums, Meal Box, Quick Meal, Hakka Noodles","Healthy Food, Concept, Polite Staff, Customer Service, Quick Service, Friendly Staff"
Jhakkas Pav Bhaji Mumbai Wala,"Street Food, South Indian",300," Rohini, New Delhi",4.0,450,3.7,5073,https://www.zomato.com/ncr/jhakkas-pav-bhaji-mumbai-wala-rohini-new-delhi,"Property 180, Pocket 15, Block E, Sector 8, Near Shiv Chowk, Rohini, New Delhi",9.19251E+11,28.7052946,77.12198898,"Chicken Shawarama, Malai Chaap Roll, Panneer Butter Masala, Shawarma, Afghani Chicken, Kabab","Cute Little Place, Low Price, Great Recommendations, Contactless Delivery, Perfect Presentation, Timely Service"
The Delhi Munchery,"North Indian, Mughlai, Lebanese, Fast Food",500," Mayur Vihar Phase 1, New Delhi",4.0,286,3.9,5053,https://www.zomato.com/ncr/the-delhi-munchery-mayur-vihar-new-delhi,"G-4 - G-5, Sikka Plaza, Gate 1, Opposite Anand Lok Society, Mayur Vihar Phase 1, New Delhi",9.19999E+11,28.60690157,77.29043406,"Low Price, Polite Staff, Seating, Food Quality, Value for Money",
Box Of Cake,"Bakery, Fast Food, Desserts, Beverages",450," Sector 35, Faridabad",4.0,239,4.2,2328,https://www.zomato.com/ncr/box-of-cake-sector-35-faridabad,"Shop 6, SCF 8, Ashoka Enclave Main Market, Sector 35, Faridabad",9.19954E+11,28.47143759,77.31093016,"Veg Crisp Burger, Lemon Soda, Loaded Fries, Wraps, Burger, Shakes","Plenty of Vegetarian Options, Lip Smacking Food, Cozy Ambiance, Not very Crowded, Elegantly Decorated, Low Price"
Burger Ji,"Burger, Fast Food, Beverages",300," Sector 49, Gurgaon",4.0,297,3.4,4819,https://www.zomato.com/ncr/burger-ji-sector-49,"Shop 2, Opposite Community Centre, Sector 66, Near Sector 49, Gurgaon",9.19625E+11,28.39865303,77.04577637,"Chocolate Souffle, Tiramisu Jar, Dry Cake, Banoffee Pie, Cheese Cake, Pastries","Nice Packaging, Good Wifi, Best Quality, Customizable Food, Chef, Elaborate Menu"
DeliBombay Cafe & Delicatessen,"Cafe, Fast Food, Desserts, Beverages, Italian",1000," Community Centre, New Friends Colony, New Delhi",4.0,221,4.2,130,https://www.zomato.com/ncr/delibombay-cafe-delicatessen-new-friends-colony-new-delhi,"1, Community Centre, New Friends Colony, New Delhi",9.1777E+11,28.56148485,77.26780493,"Afghan Chicken, Chilli Mushroom, Chilly Paneer, Mocktails, Hakka Noodles, Dessert","All Staff Good, Good Service and Good Food, Relaxed Atmosphere, Comfortable Seating Area, Live Music, Amazing Ambience"
Your's Pizza,"Pizza, Fast Food, Pasta",500," Raj Nagar, Ghaziabad",4.0,758,4.0,9427,https://www.zomato.com/ncr/yours-pizza-raj-nagar-ghaziabad,"RK/C6, Pintu Tyagi Marg, Raj Nagar, Ghaziabad",9.19599E+11,28.67494146,77.44412664,"Chur Chur Naan Thali, Karahi Paneer, Matar Mushroom, Panneer Butter Masala, Tawa Roti, Sahi Paneer","Plenty of Vegetarian Options, Drive through, Office Crowd, Pocket Friendly, Cozy Ambiance, Economical"
Apni Rasoi,"North Indian, Chinese, Momos, Desserts, Beverages",500," Mukherjee Nagar, New Delhi",4.0,664,3.8,1700,https://www.zomato.com/ncr/apni-rasoi-mukherjee-nagar-new-delhi,"867, Commercial Complex, Mukherjee Nagar, New Delhi",9.18528E+11,28.7123197,77.21538487,"Poha, Samosa, Tandoori Momos, Sandwiches, Shakes, Burgers","Good Value, Friendly Place, Awesome Place, Awesome Food, Quality Food, Decor"
Fu.D,"Continental, Beverages, Sandwich, North Indian, Fast Food",350," Sushant Lok, Gurgaon",4.0,319,4.2,8447,https://www.zomato.com/ncr/fud-1-sushant-lok,"9 C, Ground Floor, Vipul Square, Phase 1, Sushant Lok, Gurgaon",9.19561E+11,28.46471703,77.07975693,"Veggie Crunch, Paneer Dhokla, Dry Cake, Pastries, Sweets, Cakes","Environment, Reasonable Price, Student Crowd, Young Crowd, Great Place, Quality Food"
Manohar Cakes & Bikaneri,"Mithai, Bakery, Fast Food, Chinese",300," Vijay Nagar, New Delhi",4.0,383,4.2,3847,https://www.zomato.com/ncr/manohar-cakes-bikaneri-vijay-nagar-new-delhi,"C 28 & 29, Double Storey, Vijay Nagar, New Delhi",9.19213E+11,28.69141411,77.20129486,"Good Wifi, Student Crowd, Elaborate Menu, Young Crowd, Customizable Food, Fresh Food",
Aggarwal Sweet India,"Mithai, Street Food",200," Mukherjee Nagar, New Delhi",4.0,293,4.1,7593,https://www.zomato.com/ncr/aggarwal-sweet-india-mukherjee-nagar-new-delhi,"Shop 642, Kings North Delhi, Mukherjee Nagar, New Delhi",9.11147E+11,28.71065392,77.2144568,"Baked Samosa, Blueberry Pastry, Fresh Fruit Cake, Pastries, Chocolate Truffle, Cakes",
Sir John Bakery Cafe,"Bakery, Fast Food, Chinese, Beverages",400," Indirapuram, Ghaziabad",4.0,295,4.2,2160,https://www.zomato.com/ncr/sir-john-bakery-cafe-1-indirapuram-ghaziabad,"Shop 28 & 29, Eros Market Place, Shakti Khand 2, Indirapuram, Ghaziabad",9.19599E+11,28.64720383,77.37558078,"Plenty of Vegetarian Options, Cordial Staff, Casual Seating Area, Cute Little Place, Comfort Food, Great Recommendations",
Jacket Aloo,"Fast Food, Rolls, Burger, Pizza, Sandwich, Pasta, Beverages",500," Rodeo Drive, Sector 49, Gurgaon, Gurgaon",4.0,116,4.1,350,https://www.zomato.com/ncr/jacket-aloo-sector-49,"Market Complex 1, Rodeo Drive, Sector 49, Delhi NCR, Delhi NCR",9.18449E+11,28.41999036,77.05160849,"Seating, Good Food, Prices, Quantity, Service, Taste",
Pizza AH!,"Pizza, Fast Food, Beverages",500," Palam, New Delhi",4.0,178,4.3,198,https://www.zomato.com/ncr/pizza-ah-3-palam-new-delhi,"RZ-99/J, Main Palam Road, Raj Nagar 1, Palam, New Delhi",9.17043E+11,28.58749375,77.08468214,"Soups, Chicken Momos, Noodle, Momo, Spring Rolls, Chinese Food","Chinese, Good Quantity, Reasonable Price, Quick Service, Courteous Staff, Nice Food"
Heaven's Kitchen,"North Indian, Chinese, Biryani, Mughlai, Rolls, Momos, Fast Food, Beverages",400," Kalkaji, New Delhi",4.0,407,3.9,6881,https://www.zomato.com/ncr/heavens-kitchen-kalkaji-new-delhi,"59-60, Mini Central Market, Near Mother Dairy, Kalkaji, New Delhi",9.19211E+11,28.53058787,77.25697115,"Relaxed Atmosphere, Good Ambience, Ambiance, Nice Place, Staff, Quality",
Pizza Hut,"Pizza, Fast Food, Desserts",400," Ansal Plaza Mall, Palam Vihar, Gurgaon",4.0,299,4.0,2026,https://www.zomato.com/ncr/pizza-hut-palam-vihar,"A-01A, Ground Floor, Ansal Plaza Mall, Palam Vihar, Delhi NCR",18002022022,28.51138841,77.04230994,"Bang for the Buck, Cute Little Place, Lip Smacking Food, Good Portions, Good Crowd, Casual Seating Area",
Desi Corridor,"North Indian, Chinese, Fast Food",800," Sector 53, Gurgaon",4.0,165,4.1,148,https://www.zomato.com/ncr/desi-corridor-sector-53,"Plot 88-E, Saraswati Kunj, Chaudhary Raghavendra Singh Road, Sector 53, Gurgaon",9.18069E+11,28.43815571,77.1031069,"Choco Fudge Brownie, Mushroom Patty, Choco Truffle Cake, Quiche, Cheese Cakes, Blueberry Cheesecake","Spill Proof Packaging, Contactless Delivery, Good Place, Nice Place, Presentation, Great Place"
Open Oven Bakehouse,"Bakery, Desserts, Fast Food, Beverages",600," Greater Kailash 2 (GK2), New Delhi",4.0,470,4.1,2307,https://www.zomato.com/ncr/open-oven-bakehouse-greater-kailash-gk-2-new-delhi,"E-564, Greater Kailash (GK 2), New Delhi",9.11142E+11,28.53934569,77.24005882,"Good Taste, Great Taste, Good Food, Quality, Ambience, Staff",
Big Bake,"Chinese, Fast Food, Bakery",600," Pitampura, New Delhi",4.0,397,,0,https://www.zomato.com/ncr/big-bake-pitampura-new-delhi,"8, Vaishali Enclave, Opposite Pillar 353, Main Metro Road, Pitampura, New Delhi",9.11147E+11,28.69968063,77.13730238,"Continental, Italian, Fast Food, North Indian, Beverages, Coffee",
The Oberoi Patisserie And Delicatessen,"Bakery, Desserts, Fast Food",2000," The Oberoi, Udyog Vihar, Gurgaon",4.0,77,,0,https://www.zomato.com/ncr/the-oberoi-patisserie-and-delicatessen-udyog-vihar,"443, Phase 5, Udyog Vihar, Gurgaon",9.11242E+11,28.50194205,77.08699487,"Paneer Sandwich, Thick Shakes, Veg Burger, Cold Coffee, Rolls, Garlic Bread","No Plastic Cups, Affordable, Fancy Crowd, Good Quality Food, Nice Food, Young Crowd"
Scoops,"Pizza, Burger, Fast Food, Ice Cream, Desserts, Beverages",400," Uttam Nagar, New Delhi",4.0,760,4.0,17100,https://www.zomato.com/ncr/scoops-uttam-nagar-new-delhi,"E-1, Bal Udyan Road, Block E, Block C, Uttam Nagar, New Delhi",9.19872E+11,28.62045363,77.05796935,"Wheat Momo, Steamed Chicken Momos, Pan Fried Momos, Soup","Awesome Food, Good Taste, Great Taste, Great Food, Good Food, Menu"
Momo Queen,"Momos, Tibetan, Chinese",500," Vasant Kunj, New Delhi",4.0,371,3.9,6842,https://www.zomato.com/ncr/momo-queen-vasant-kunj-new-delhi,"Shop 3, Sector C, Pocket 2, Opposite Vasant Vatika Park, Vasant Kunj, New Delhi",9.19811E+11,28.533985,77.14666,"Vada Sambar, Mysore Masala Dosa, Sambhar, Dosa, Chowmein","Pocket Friendly, Comfort Food, Prompt Service, Polite Staff, Reasonable Prices, Menu"
Invitation Restaurant,"North Indian, Fast Food, Chinese, South Indian",600," Sector 86, Faridabad",4.0,317,3.8,7210,https://www.zomato.com/ncr/invitation-restaurant-sector-86-faridabad,"SCO - 26, Amsterdam Street, Omaxe World Street, Sector 79, Near Sector 86, Faridabad",9.19999E+11,28.38675601,77.35285409,"Great Concept, Excellent Food, Quick Service, Combo, Tasty, Portion",
Freedom Corner,"Chinese, Tibetan, Momos, Nepalese, Seafood",600," Safdarjung, New Delhi",4.0,249,4.1,7826,https://www.zomato.com/ncr/freedom-corner-safdarjung-new-delhi,"C 119, Humayun Pur, Safdarjung Enclave, Safdarjung, New Delhi",9.11126E+11,28.56094655,77.19366666,"Cute Little Place, Prompt Service, Reasonable Prices, Worth the Money, Value for Money, Ambience",
Flavours Of Southwala,"South Indian, Fast Food, Chinese, Beverages",500," Laxmi Nagar, New Delhi",4.0,181,4.1,679,https://www.zomato.com/ncr/flavours-of-southwala-laxmi-nagar-new-delhi,"D-355, Gate 5, Vikas Marg, Metro Station Road, Laxmi Nagar, New Delhi",9.19355E+11,28.63088638,77.27772273,"Excellent Food, Excellent Service, Good Ambience, Awesome Food, Courteous Staff, Presentation",
Nosher's Kitchen,"Fast Food, Chinese, North Indian",900," Gaur City 1, Greater Noida",4.0,378,3.5,3016,https://www.zomato.com/ncr/noshers-kitchen-gaur-city-1,"219 - 221, 2nd Floor, City Plaza Market, Gaur City 1, Greater Noida",9.18219E+11,28.61497727,77.42771219,"Excellent Food, Interior, Excellent Service, Hospitality, Portions, Amazing Food",
Malhotra's Zayeeka,"North Indian, Mughlai, Chinese, Momos, Rolls",500," Moti Nagar, New Delhi",4.0,323,4.0,10500,https://www.zomato.com/ncr/malhotras-zayeeka-moti-nagar-new-delhi,"Shop 23, Sudama Market, Moti Nagar, New Delhi",9.19811E+11,28.65750976,77.13895027,"Malai Momo, Paneer Naan, Manchurian Dry, Veg Fried Rice, Tomato Soup, Tandoori Momos","Chirpy Crowd, Elegantly Decorated, Casual Seating Area, Inexpensive, Great Recommendations, Tasty Food"
Foodelicious,"North Indian, Chinese, Mughlai, Momos",500," Sector 56, Noida",4.0,448,3.9,15200,https://www.zomato.com/ncr/foodelicious-sector-56-noida,"E-4/20, Om Sai Market, Sector 56, Noida",9.11204E+11,28.6033255,77.3427967,"Pocket Friendly, Prompt Service, Decent Place, Reasonable Price, Nice Food, Environment",
Tau's Cafe & Lassi Bar,"North Indian, Fast Food, Rolls, Chinese, Beverages",450," Ansal Plaza Mall, Palam Vihar, Gurgaon",4.0,518,4.0,5549,https://www.zomato.com/ncr/taus-cafe-lassi-bar-palam-vihar,"Ground Floor, 13 /12 Ansal Plaza, Palam Vihar, Delhi NCR",9.11244E+11,28.51171867,77.04162095,"Nutella Pie, Potato Twister, Choco Mud, Cupcakes, Pastries, Shakes","Totally Worth it, Prices, Staff, Ambience, Good Quality, Food"
For God's Cake,"Bakery, Street Food, Fast Food",300," Paschim Vihar, New Delhi",4.0,220,4.1,1114,https://www.zomato.com/ncr/for-gods-cake-paschim-vihar-new-delhi,"2, Jwala Heri Road, Paschim Vihar, New Delhi",9.11146E+11,28.67482821,77.10684523,"Fried Rice Chicken, Kathi Rolls, Chicken Roll, Raita, Chicken Biryani",
Khan's Kathi Rolls,"Rolls, Hyderabadi, Chinese",300," Gamma 1, Greater Noida",4.0,305,4.2,9788,https://www.zomato.com/ncr/khans-kathi-rolls-gamma-1,"Amritpuram Market, Jagat Farms, Gamma 1, Greater Noida",9.18511E+11,28.479888,77.501038,"Economical, Casual Seating Area, Polite Staff, Great Taste, Tamper Proof Packaging, Food Presentation",
Twist of Italy,"Italian, Fast Food, Beverages",350," Sector 37, Faridabad",4.0,244,4.5,385,https://www.zomato.com/ncr/twist-of-italy-sector-37-faridabad,"92, Huda Market, Sector 37, Faridabad",9.1965E+11,28.48091526,77.3109258,"Rajasthani Thali, Churma, Masala Tea, Jalebi, Dal, Rice","Food was Awesome, Cozy Ambiance, Wonderful Place, Authentic Taste, Hospitality, Tasty"
Serve,"Fast Food, Beverages",500," Sector 37, Noida",4.0,280,4.1,1481,https://www.zomato.com/ncr/serve-sector-37-noida,"Shop 2, Godavari, Sector 37, Noida",9.11204E+11,28.56538303,77.34046128,"Concept, Courteous Staff, Great Place, Ambiance, Good Food, Prices",
Wraps Kathi Rolls,"Rolls, Wraps, Chinese, Lebanese, Fast Food",300," Karol Bagh, New Delhi",4.0,345,3.9,4498,https://www.zomato.com/ncr/wraps-kathi-rolls-karol-bagh-new-delhi,"Near City Hospital, Pusa Road, Karol Bagh, New Delhi",9.11142E+11,28.64338371,77.18897011,"Good Value, Good Quality Food, Quick Service, Packing, Good Service, Prices",
Kathi Junction,"Rolls, North Indian, Biryani, Beverages",500," MSX Mall, Jaypee Greens, Greater Noida, Greater Noida",4.0,302,4.1,12900,https://www.zomato.com/ncr/kathi-junction-jaypee-greens,"Shop 131, Ground Floor, MSX Mall, Near Swarn Nagri, Jaypee Greens, Greater Noida",9.19582E+11,28.45763437,77.5284496,"Nutella Crunch, Brownie Waffle, Corn Sandwich, Nutella Waffle, Cheesy Fries, Waffles","Totally Worth it, Good Taste, Great Taste, Best Place, Packing, Good Service"
The Waffle House,"Desserts, Fast Food",600," Raj Nagar, Ghaziabad",4.0,252,3.8,2474,https://www.zomato.com/ncr/the-waffle-house-raj-nagar-ghaziabad,"RKC-13, Ground Floor, RDC, Raj Nagar, Ghaziabad",9.18448E+11,28.675089,77.443946,"Coffee Hazelnut, Fried Cheese, Choco Brownie, Peri Fries, Chicken Popcorn, Cappuccino","Efficient Service, Cozy Place, Family Crowd, Environment, Student Crowd, Awesome Food"
Cannoli Royale,"Bakery, Fast Food, Desserts",500," Paschim Vihar, New Delhi",4.0,93,4.3,144,https://www.zomato.com/ncr/cannoli-royale-1-paschim-vihar-new-delhi,"F-8, 1st Floor, CSC Market, Ambica Vihar, Near Paschim Vihar, New Delhi",9.19999E+11,28.6663179,77.08044257,"Kathi Rolls, Egg Roll, Paneer Roll, Tandoori Momos, Burgers","Tandoori, Hygiene, Best Place, Flavour, Food Quality, Packing"
Nazim's Kathi Roll,"Rolls, Burger, Momos, North Indian",450," Sector 14, Gurgaon",4.0,478,4.0,4262,https://www.zomato.com/ncr/nazims-kathi-roll-sector-14,"37, Main Market, Near Dahiya Driving College, Sector 14, Gurgaon",9.11244E+11,28.47311133,77.04857659,"Noodle, Chilli Potatoes, Chicken Momos, Spring Roll, Chinese Food","Cute Little Place, Behavior, Great Recommendations, Best Service, Food Quantity, Owner"
China Chowk,"Chinese, Fast Food, Momos",350," West Patel Nagar, New Delhi",4.0,475,4.0,4501,https://www.zomato.com/ncr/china-chowk-west-patel-nagar-new-delhi,"G-79, West Patel Nagar, New Delhi",9.19899E+11,28.65205623,77.16215104,"Amchi Vada Pav, Meerut Shikanji, Anda Bun, Kutchi Dabeli, Samosa Pav, Thepla","Nice Location, Street Food, Concept, Environment, Quick Service, Good Ambience"
Nukkadwala,"Fast Food, Street Food, Beverages",400," Sohna Road, Gurgaon",4.0,454,4.0,4774,https://www.zomato.com/ncr/nukkadwala-sohna-road,"Ground Floor, Block 3, Vatika Business Park, Sohna Road, Gurgaon",9.11244E+11,28.40594302,77.04489995,"Chicken Hydrabadi Biryani, Chicken Korma, Rumali Roti, Tandoori Roti","Unlimited Refills, Fantastic Decoration, Pocket Friendly, Comfort Food, Cute Little Place, Contactless Delivery"
Shish Shawarma,"Arabian, Fast Food, Pizza, Beverages",400," Community Centre, New Friends Colony, New Delhi",4.0,244,4.0,4395,https://www.zomato.com/ncr/shish-shawarma-new-friends-colony-new-delhi,"55, Grandlays Cinema Complex, Community Centre, New Friends Colony, New Delhi",9.2E+11,28.5603464,77.25262597,"Brain Masala, Tawa Chicken, Mutton, Butter Chicken, Breads, Dal Makhani","Portion Size, Awesome Food, Owner, Hospitality, Great Service, Great Food"
Max's Cafe,"Burger, Rolls, Pizza, Sandwich, Wraps, Fast Food, Beverages, Desserts",500," Alpha 2, Greater Noida",4.0,235,3.9,3560,https://www.zomato.com/ncr/maxs-cafe-alpha-2-greater-noida,"I 335, Alpha 2, Greater Noida",9.199E+11,28.47921,77.52125,"Nutella Brownie Waffles, Ferrero Rocher Waffle, Nutella Pancake, Red Velvet Waffle, Belgium Chocolate, Chocolate Waffle","Totally Worth it, Quick Service Restaurant, Seating Arrangements, Preparation, Decor, Cafe"
Waffle Fever Cafe,"Fast Food, Desserts",400," Sector 14, Gurgaon",4.0,209,4.2,1898,https://www.zomato.com/ncr/waffle-fever-cafe-sector-14,"Shop 114, Huda Market, Sector 14, Gurgaon",9.11244E+11,28.47427223,77.04776824,"Chocolate Truffle Cake, Tiramisu, Pastries, Cakes, Coffee, Snacks","Hospitality, Chef, Perfect Place, Flavour, Great Place, Presentation"
Rayna's Cafe,"Cafe, Fast Food, Pizza, Italian, Desserts, Beverages",600," Safdarjung, New Delhi",4.0,131,3.5,382,https://www.zomato.com/ncr/raynas-cafe-safdarjung-new-delhi,"B 6/2, DDA Shopping Complex, Safdarjung Enclave, Safdarjung, New Delhi",9.19999E+11,28.55984903,77.19581142,"Bubble Gum Ice Cream, Mississippi Mud, Banana Split, Belgian Chocolate, Chocolate Fudge, Sundae","Bank for the Buck, Totally Worth it, Table Service, Packed on Weekends, Nice Service, Excellent Service"
Mag 'n' Cheese,Fast Food,350," Kamla Nagar, New Delhi",4.0,245,3.6,221,https://www.zomato.com/ncr/mag-n-cheese-kamla-nagar-new-delhi,"94A, Near Chota Gol Chakkar, Kamla Nagar, New Delhi",9.19837E+11,28.68050587,77.20138907,"Kesar Kulfi Faluda, Chocolate Fudge, Ice Creams, Dessert","Totally Worth it, Pretty Decor, Table Service, Food Presentation, Best Place, Great Portions"
Anand Curry Delite,"North Indian, Mughlai, Chinese, Fast Food, Momos, Rolls",600," PVR Anupam Complex, Saket, New Delhi",4.0,395,3.5,4167,https://www.zomato.com/ncr/anand-curry-delite-saket-new-delhi,"24/1, PVR Anupam Complex, Community Centre, Saket, New Delhi",9.17011E+11,28.52328811,77.20684838,"Spice Chicken, Vegetable Spring Rolls, Thai Green Curry, Chicken Spring Roll, Chicken Hakka Noodles, Pan Fried Noodles","Perfect Packaging, Packed on Weekends, Chinese, Authentic Taste, Food Quantity, Amazing Taste"
#Waffles,"Desserts, Ice Cream, Fast Food, Beverages",400," Geeta Colony, New Delhi",4.0,321,3.9,3988,https://www.zomato.com/ncr/waffles-geeta-colony-new-delhi,"13/50, Back Lane, Geeta Colony, New Delhi",9.2E+11,28.65099,77.274551,"Achari Chaap, Chilly Potato, Mojito, Malai Chaap, Hakka Noodles, White Sauce Pasta","Cordial Staff, Amazing Ambience, Nice Food, Awesome Place, Good Quantity, Awesome Food"
Classic Pizza Everyday,"Pizza, Fast Food, Beverages",500," Krishna Nagar, New Delhi",4.0,295,4.0,2795,https://www.zomato.com/ncr/classic-pizza-everyday-krishna-nagar-new-delhi,"Shop 636/4, Jheel Khuranja, Opposite Jheel Gurudwara, Krishna Nagar, New Delhi",9.19871E+11,28.6581376,77.27456242,"Themed Decor, Relaxed Atmosphere, Tandoori, Preparation, Reasonable Price, Nice Ambience",
Northern Delights,"North Indian, Mughlai, Chinese, Rolls",900," Indirapuram, Ghaziabad",4.0,297,3.6,2076,https://www.zomato.com/ncr/northern-delights-indirapuram-ghaziabad,"House 12 A, 2nd Floor, Ahinsa Khand 2, Behind Shanti Gopal Hospital, Indirapuram, Ghaziabad",9.17679E+11,28.64171003,77.37954173,"Egg Sandwich, Dessert Counter, Shakes, Burgers, Fries, Snacks","Affordable Food, Good Quality Food, Spill Proof Packaging, Owner, Prices, Music"
Cafe 31,"Street Food, Fast Food, Sandwich, Burger, Italian, Pizza, Desserts, Beverages",500," Sector 31, Gurgaon",4.0,234,4.0,1411,https://www.zomato.com/ncr/cafe--sector-31,"Shop 173, Main Market, Sector 31, Gurgaon",9.19717E+11,28.45400517,77.05145627,"Thick Shake, Waffles, Brownie, Sandwiches, Cakes, Burger","Music, Ambiance, Good Place, Good Food, Staff, Prices"
Cafe Maple Street,"Cafe, Bakery, Fast Food, Desserts, Beverages",500," Sector 49, Gurgaon",4.0,167,4.0,767,https://www.zomato.com/ncr/cafe-maple-street-sector-49,"Shop 1, Tower B, Vatika Business Park, Sector 49, Delhi NCR, Delhi NCR",9.196E+11,28.40575753,77.04438698,"Chirpy Crowd, Casual Seating Area, Good Portions, Cute Little Place, Amazing Staff, Prompt Service",
Black Buck's Coffee,"Fast Food, Beverages",400," DLF Cyber City, Gurgaon",4.0,196,,3,https://www.zomato.com/ncr/black-bucks-coffee-dlf-cyber-city,"Building 9A, DLF Cyber City, Gurgaon",9.18803E+11,28.49618874,77.09325213,"Office Crowd, Casual Seating Area, Elegantly Decorated, Cordial Staff, Lip Smacking Food, Economical",
Spice Punch Bistro,"North Indian, Chinese, Fast Food, Momos, Beverages",500," Rohini, New Delhi",4.0,257,3.5,1764,https://www.zomato.com/ncr/spice-punch-bistro-1-rohini-new-delhi,"G-20, 30 Block, Sector 7, Rohini, New Delhi",9.1956E+11,28.7104598,77.1133211,"Malai Chaap, Tandoori Roti, Kadhai Paneer, Butter Naan, Rolls, Butter Chicken","Reasonable Prices, Awesome Food, Great Taste, Main Course, Good Food, Quantity"
D Streat Cafe,"Italian, Sandwich, Fast Food, Desserts, Beverages",450," Jangpura, New Delhi",4.0,134,4.1,971,https://www.zomato.com/ncr/d-streat-cafe-jangpura-new-delhi,"2/16, Jangpura Extension, Behind DAV School, Jangpura, New Delhi",9.18826E+11,28.58042021,77.24745601,"Continental, Italian, Fast Food, North Indian, Beverages, Coffee",
Brain Freezers,"Desserts, Ice Cream, Beverages, North Indian, Italian, Fast Food, Street Food",350," NIT, Faridabad",4.0,194,4.3,387,https://www.zomato.com/ncr/brain-freezers-nit-faridabad,"5N/51, Near Sri Ram Mandir, NIT, Faridabad",9.19819E+11,28.39720894,77.30192933,"Lachcha Paratha, Paneer Makhani, Parathas, Chutney, Dal Makhni","Theme, Vibe, Combo, Decor, Food Presentation, Timely Service"
Keshav Food Point,"Street Food, Fast Food, North Indian, Beverages",300," NIT, Faridabad",4.0,135,3.9,341,https://www.zomato.com/ncr/keshav-food-point-1-nit-faridabad,"5G, 48A, NIT 5, Near NIT, Faridabad",9.19897E+11,28.39706325,77.30426185,"Host, Concept, Best Place, Experience, Quality, Food",
"Foodie Sip ""N"" Bite",Fast Food,300," Ashok Vihar Phase 3, New Delhi",4.0,208,3.9,4412,https://www.zomato.com/ncr/foodie-sip-n-bite-ashok-vihar-phase-3-new-delhi,"229, Nimri Colony, Near Ashok Vihar Phase 4, Ashok Vihar Phase 3, New Delhi",9.18528E+11,28.6820616,77.1743313,"Concept, Combo, Reasonable Price, Great Taste, Nice Place, Good Food",
Moffle Waffle,"Desserts, Fast Food, Beverages",400," Jail Road, New Delhi",4.0,268,4.1,2845,https://www.zomato.com/ncr/moffle-waffle-2-jail-road-new-delhi,"WZ 686 E, Shop 2, Shiv Nagar Extention, Jail Road, New Delhi",9.19953E+11,28.632944,77.091568,"Chicken Spring Roll, Chicken Momo, Hakka Noodles, Manchurian, Honey Chilli Potato, Chilli Chicken","Great Ambiance, Polite Staff, Packing, Presentation, Quantity, Prices"
Chinese King,"Chinese, Momos",650," Karol Bagh, New Delhi",4.0,290,3.7,4188,https://www.zomato.com/ncr/chinese-king-karol-bagh-new-delhi,"Shop 6, 15-A/5, Near Pooja Park, Karol Bagh, New Delhi",9.2E+11,28.6456699,77.1875305,"Paneer Tikka Pizza, Veg Burger, Wrap, White Sauce Pasta, Chicken Burger, Sandwich","Pocket Friendly, Low Price, Quick Delivery, Prompt Service, Polite Staff, Combo"
Grill Inn,"Fast Food, Sandwich, Burmese, Pizza, Italian, Wraps",400," Janakpuri, New Delhi",4.0,286,3.9,1159,https://www.zomato.com/ncr/grill-inn-janakpuri-new-delhi,"C-4B/293 A, Janakpuri, New Delhi",9.19599E+11,28.61928786,77.09176082,"Veg Roll, Chicken Fried Rice, Paneer Roll, Chicken Roll, Rolls, Noodles","Nice Packaging, Fast Delivery, Healthy Food, Good Quality Food, Packing, Great Taste"
Banjarabites,"Rolls, North Indian, Chinese, Beverages",500," Beta 1, Greater Noida",4.0,228,4.0,7033,https://www.zomato.com/ncr/banjarabites-beta-1-greater-noida,"Shop 5, AR Market, Near HDFC ATM, Rampur Jagir, Beta 1, Greater Noida",9.1999E+11,28.48368776,77.50596832,"Veg Sandwich, Deluxe Thali, Panneer Butter Masala, Kadhai Paneer, Shahi Paneer, Tandoori Chicken","Friendly Service, Reasonable Prices, Main Course, Amazing Food, Quality Food, Amazing Place"
Rotees n More,"North Indian, Chinese, Rolls, Momos, Mughlai",500," Jaipuria Plaza, Sector 26, Noida, Noida",4.0,303,4.0,2499,https://www.zomato.com/ncr/rotees-n-more-sector-45-noida,"Khasra 209, Village Sadarpur, Sector 45, Noida",9.19582E+11,28.55168781,77.35484865,"Veg Fried Rice, Veg Spring Rolls, Noodle, Chilli Potato","Economical, Casual Seating Area, Mouth Watering Food, Polite Staff, Good Quantity, Great Taste"
Mirch Masala Fast Food,"Chinese, Fast Food",400," Gaur City 1, Greater Noida",4.0,211,3.6,4816,https://www.zomato.com/ncr/mirch-masala-fast-food-gaur-city-1,"Shop 10, Lower Ground, City Plaza Market, Gaur City, 1 Greater Noida",9.19811E+11,28.61462084,77.42723644,"Butter Chaap, Pan Fried Momos, Chicken Momo, Chicken Rara, Panner Tikka, Butter Roti","Low Price, Pocket Friendly, Prompt Service, Good Quantity, Polite Staff, Combo"
JD's Peezza,"Pizza, Fast Food, Beverages, Burger, Sandwich",450," Indirapuram, Ghaziabad",4.0,204,3.5,1384,https://www.zomato.com/ncr/jds-peezza-2-indirapuram-ghaziabad,"Shop 16A, Ground Floor, Lotus Plaza Market, Vaibhav Khand, Indirapuram, Ghaziabad",9.19891E+11,28.63701105,77.36394838,"Chicken Supreme Burger, Chicken Tenders, Wraps, Burgers, Shake, Fries","Great Hangout Place, Great Customer Service, Clean Place, Peaceful Place, Perfect Ambience, Lovely Place"
Burger Stori,"Burger, Fast Food",450," Sector 43, Gurgaon",4.0,314,3.9,268,https://www.zomato.com/ncr/burger-stori-sector-43,"Global Foyer Mall, 2nd Floor, Golf Course Road, Sector 43, Gurgaon",9.19582E+11,28.46054425,77.09516555,"Panneer Butter Masala, Chilli Potatoes, Kadhai Paneer, Butter Chicken, Dal Makhani, Sauce","Good for Large Groups, Quick Delivery, Perfect Place, Packing, Tasty Food, Delicious Food"
The Food Arena,"North Indian, Chinese, Fast Food, Rolls",500," Indirapuram, Ghaziabad",4.0,225,3.3,3635,https://www.zomato.com/ncr/the-food-arena-indirapuram-ghaziabad,"Near Axis Bank, Cloud 9 Exit Gate, P.K Road, Ahinsa Khand 2, Indirapuram, Ghaziabad",9.19891E+11,28.646141,77.386108,"Peri Fries, Mixed Sauce Pasta, Juices, Maggi, Oreo Shake, Shakes","Cozy Ambiance, Great Recommendations, Great Ambience, Polite Staff, Reasonable Prices, Presentation"
RC Fresh Juice Bar & Food Point,"Burger, Fast Food, Beverages, Juices",300," Sector 7, Gurgaon",4.0,174,3.7,1123,https://www.zomato.com/ncr/rc-fresh-juice-bar-food-point-sector-7,"New Colony, Near Taneja Hospital, Sector 7, Gurgaon",9.1965E+11,28.4647692,77.00791329,"Classic Chicken Shawarma, Crispy Momos, French Fries, Snacks","Not very Crowded, Cozy Ambiance, Bang for the Buck, Cute Little Place, Office Crowd, Great Recommendations"
Lucy Shawarma & Snacks,"Lebanese, Fast Food",300," DLF Phase 3, Gurgaon",4.0,191,3.9,1945,https://www.zomato.com/ncr/lucy-shawarma-snacks-dlf-phase-3,"U 77/14, Basement, DLF Phase 3, Gurgaon",9.19959E+11,28.49013012,77.09315825,"Good Wifi, Student Crowd, Elaborate Menu, Weekend Brunch, Young Crowd, Customizable Food",
Aapki Apni  Rasoi,"North Indian, Rolls, Chinese",400," Sector 71, Noida",4.0,308,3.5,628,https://www.zomato.com/ncr/aapki-apni-rasoi-sector-71-noida,"A-84, Sector 70, Near Sector 71, Noida",9.19154E+11,28.59709051,77.38159932,"Kadhai Paneer Thali, Veg Thaali, Butter Paneer Masala, Chilli Paneer, Cheesecake","Excellent Food Quality, Best Quality, Hygienic Food, Cute Packaging, Best Service, Food Presentation"
The Big Fuzen,"Chinese, North Indian, Fast Food, Rolls",400," Greater Kailash 3 (GK3), New Delhi",4.0,133,3.7,910,https://www.zomato.com/ncr/the-big-fuzen-greater-kailash-gk-3-new-delhi,"Shop 18, Masjid Moth, Greater Kailash 3 (GK 3), New Delhi",9.17828E+11,28.53754841,77.23918676,"Kalimirch Chicken, Chicken Tangri Kebab, Egg Hakka Noodles, Chicken Fry, Rajma Rice, Chilli Potato","Good and Nice to Enjoy, Customizable Dishes, Delivery Services, Great Value, Delicious, Outdoor Seating"
Legend Cafe,"Italian, Fast Food",350," Gaur City 2, Greater Noida",4.0,153,3.5,461,https://www.zomato.com/ncr/legend-cafe-gaur-city-2-greater-noida,"Palm Olympia, Gaur City 2, Greater Noida",9.1999E+11,28.61782728,77.42222549,"Caramel Shake, Chicken Tikka Sandwich, Tomato Soup, Mixed Sauce Pasta, Maggi, Chocolate Shake","Not very Crowded, Value for Money, Pocket Friendly Prices, Casual Seating Area, Cozy Ambiance, Excellent Taste"
Foodi Shoodi,"Fast Food, Beverages",300," IP Extension, New Delhi",4.0,185,4.0,101,https://www.zomato.com/ncr/foodi-shoodi-2-ip-extension-new-delhi,"C-37 LG, Shop 2, Madhu Vihar, IP Extension, New Delhi",9.17827E+11,28.63504918,77.30327882,"Good Wifi, Elaborate Menu, Student Crowd, Customizable Food, Best Place, Packing",
Picazzo,"Pizza, Italian, Continental, Fast Food, Desserts",300," Karol Bagh, New Delhi",4.0,180,3.2,448,https://www.zomato.com/ncr/picazzo-karol-bagh-new-delhi,"17/2864, 1st Floor, Beadonpura, Karol Bagh, New Delhi",9.1729E+11,28.6505145,77.19129726,"Noodle, Soya Chaap, Paneer Lababdar, Tandoori Chicken, Shahi Paneer, Chicken Tikka","Lip Smacking Food, Office Crowd, Pocket Friendly, Casual Seating Area, Great Recommendations, Amazing Food"
Kick-S-Burger,"Burger, Sandwich, Wraps, Beverages, Fast Food",300," Alpha 2, Greater Noida",4.0,136,4.2,570,https://www.zomato.com/ncr/kick-s-burger-alpha-2-greater-noida,"House 335, I Block, 2nd Cross Street, Alpha 2, Greater Noida",9.19711E+11,28.479211,77.521277,"Good Food Good Quantity, Customizable Food, Good Wifi, Fresh Food, Elaborate Menu, Good Quality",
Desi Hut,"North Indian, Chinese, Fast Food",350," Sector 31, Gurgaon",4.0,192,3.7,232,https://www.zomato.com/ncr/desi-hut-sector-31,"Shop 102, Ground Floor, Huda Market, Sector 31 A, Near Sector 31, Gurgaon",9.19877E+11,28.45406235,77.05125444,"Economical, Great Recommendations, Amazing Place, Packing, Timely Service, Great Portions",
Kathi Junction Company,"Rolls, Lebanese",200," Sector 62, Noida",4.0,113,3.8,674,https://www.zomato.com/ncr/kathi-junction-company-sector-62-noida,"Shop 10, Gautam Buddha Nagar, Opposite Bhagrati Apartment, Sector 62, Noida",9.19555E+11,28.623998,77.370109,"Weekend Brunch, Family Crowd, Elaborate Menu, Customizable Food, Excellent Food, Portion Size",
Chatore Nawab,"North Indian, Momos, Rolls, Chinese",500," Subhash Nagar, New Delhi",4.0,179,3.8,169,https://www.zomato.com/ncr/chatore-nawab-subhash-nagar-new-delhi,"Shop 2, 11/76, Subhash Nagar, New Delhi",9.19954E+11,28.63699604,77.12105792,"Falafel Platter, Cappuccino, Brownies, Sandwiches, Coffee, Burger","Nice Environment, Cozy Place, Cafe, Awesome Place, Good Ambience, Ambiance"
Bombay Sandwich Company,"Sandwich, Continental, Beverages, Desserts, Street Food",450," Udyog Vihar, Gurgaon",4.0,82,,0,https://www.zomato.com/ncr/bombay-sandwich-company-1-udyog-vihar,"428 - 429, Road 2, Sector 20, Udyog Vihar, Gurgaon",9.17303E+11,28.51097772,77.0900831,"Chicken Afghani, Tandoori Soya Chaap, Briyani, Chicken Curry, Paneer Lababdar, Kadhai Paneer","Customizable Dishes, Weekend Brunch, Recommended Place, Attitude, Seating Arrangement, Atmosphere"
The Pizza Factory,"Pizza, Fast Food, Beverages",300," Sector 53, Gurgaon",4.0,124,3.5,32,https://www.zomato.com/ncr/the-pizza-factory-sector-53,"Plot 1605, Sarasvati Kunj, Sector 53, Gurgaon",9.19555E+11,28.4347602,77.0961676,"Dabba Chicken, Kheer, Mutton Seekh, Palak Paneer, Paneer Butter Masala, Butter Chicken","Takeaway, Good Wifi, Quality Food, Elaborate Menu, Packing, Main Course"
Nagaland Old,"Chinese, Naga, Momos, Beverages",800," Dilli Haat, INA, New Delhi",4.0,314,,0,https://www.zomato.com/ncr/nagaland-old-ina-new-delhi,"Stall 16, Dilli Haat, INA, New Delhi",9.11125E+11,28.57309769,77.20648728,"Strawberry Soda, Belgium Chocolate, Fruit Cream, Ice Creams, Shakes","Great Fragrance, Pocket Friendly, Family Crowd, Flavour, Prices, Quality"
"Om Bikaner Sweets, Bakery & Restaurant","North Indian, Fast Food, Mithai, Desserts",350," Chhatarpur, New Delhi",4.0,480,3.2,6469,https://www.zomato.com/ncr/om-bikaner-sweets-bakery-restaurant-chhatarpur-new-delhi,"Near Nanda Hospital, Chattarpur Main Road, Chhatarpur, New Delhi",9.18899E+11,28.49796197,77.18495853,"Chilli Mushroom, Afghani Chaap, Tandoori Momos, Naan","Best Services, Great Recommendations, Good Crowd, Fast Delivery, Best Food, Reasonable Price"
Mr Singh's Tandoori Hut,"North Indian, Chinese, Seafood, Mughlai, Fast Food",600," NIT, Faridabad",4.0,446,3.9,10600,https://www.zomato.com/ncr/mr-singhs-tandoori-hut-nit-faridabad,"5/D/110, Opposite Bijli Board, NIT, Faridabad",9.11294E+11,28.39883431,77.30431113,"Kadhi Chawal, Panneer Butter Masala, Dessert Counter, Noodle, Malai Chaap, Veg Thali","Quaint Little Place, Bottomless Brunch, Family Crowd, Student Crowd, Young Crowd, Tasty Food"
4U,"North Indian, Chinese, Fast Food",450," Sector 72, Noida",4.0,455,3.6,9941,https://www.zomato.com/ncr/4u-sector-72-noida,"Amrapali Princely Estate, Sector 72, Noida",9.19991E+11,28.56633915,77.38171432,"Great Seating Capacity, Pocket Friendly, Good Taste, Quantity, Good Food",
Shudh Vaishno Shanker Dhaba,"North Indian, Rolls",350," Paschim Vihar, New Delhi",4.0,336,4.1,10700,https://www.zomato.com/ncr/shudh-vaishno-shanker-dhaba-paschim-vihar-new-delhi,"Shop 163, A-6, LSC DDA Market, Paschim Vihar, New Delhi",9.19717E+11,28.67497117,77.10674666,"Paneer Tikka Grill, Afghani Soya Chaap, Mutton Seekh Kebab, Fried Chicken, Butter Naan, Chaap","Excellent Location, Served Quickly, Great Veg Options, Fantastic Decoration, Low Price, Filling Food"
Kaka's Chicken,"North Indian, Mughlai, Biryani, Rolls",600," Sector 56, Gurgaon",4.0,105,3.7,387,https://www.zomato.com/ncr/kakas-chicken-sector-56,"Shop 12, More Market, Sector 56, Gurgaon",9.19818E+11,28.4280448,77.099659,"Orange Mojito, Pizza Parantha, Ginger Tea, Chai, Noodle, Vada Pao","Peaceful Environment, Casual Seating Area, Good Crowd, Elegantly Decorated, Polite Staff, Great Recommendations"
Chai Mantra,"Chinese, Fast Food, Beverages, Burger, Tea, Street Food",500," Laxmi Nagar, New Delhi",4.0,611,3.6,10700,https://www.zomato.com/ncr/chai-mantra-laxmi-nagar-new-delhi,"2-A, First Floor, Vijay Block, Mandawali Fazal Pur, Laxmi Nagar, New Delhi",9.18007E+11,28.63432675,77.28273343,"Low Price, Good Taste, Good Food, Prices, Quantity, Staff",
Defence Bakery,"Bakery, Fast Food",400," Sector 41, Noida",4.0,237,4.3,692,https://www.zomato.com/ncr/defence-bakery-sector-41-noida,"30, C Block Market, Sector 41, Noida",9.11204E+11,28.56897425,77.36195248,"Plenty of Vegetarian Options, Unlimited Refills, Elegantly Decorated, Not very Crowded, Comfort Food, Prompt Service",
Dilli Sweets,"North Indian, Mithai, Chinese, Fast Food",350," Shalimar Bagh, New Delhi",4.0,322,4.1,1083,https://www.zomato.com/ncr/dilli-sweets-shalimar-bagh,"A 10, Sarai Pipal Thalla, Near Metro Pillar 99, Adarsh Nagar, Shalimar Bagh, New Delhi",9.1987E+11,28.7188313,77.16877911,"Aloo Posto, Chicken 65, Panner Tikka, Mutton Biryani, Mutton Curry, Tandoori Chicken","Themed Decor, Recommended Place, Tandoori, Cute Packaging, Owner, Preparation"
Taste Of Dilli,"Chinese, North Indian, Momos",500," Harsha Mall, Alpha 1, Greater Noida, Greater Noida",4.0,579,3.9,20600,https://www.zomato.com/ncr/taste-of-dilli-alpha-1-greater-noida,"G6, Harsha Mall, Commercial Belt, Near Kotak Mahindra Bank, Alpha 1, Greater Noida",9.19651E+11,28.47197841,77.51281332,"Veg Thali, Shahi Paneer, Butter Chicken, Tandoori Chicken, Mutton, Dal Makhni","Excellent Food, Good Service, Spicy, Good Food, Delicious Food"
Birds On A Wire,"Fast Food, Beverages",300," Prashant Vihar, New Delhi",4.0,236,4.1,205,https://www.zomato.com/ncr/birds-on-a-wire-prashant-vihar-new-delhi,"A-53, Opposite Lancer Convent School, Prashant Vihar, New Delhi",9.18861E+11,28.71021254,77.13408709,"Malai Kofta, Kadhai Paneer, Paneer Butter Masala, Dal Makhani, Paneer Tikka, Pizza","Best Decor, Best in Service, Comforting Atmosphere, Best Staff, Sanitised Service, Food Tastes Great"
The King Of Pizza,"Pizza, Fast Food",450," Sector 49, Noida",4.0,433,3.7,9211,https://www.zomato.com/ncr/the-king-of-pizza-sector-49-noida,"Near Metro Station, Barola, Sector 49, Noida",9.19316E+11,28.56529027,77.37713579,"Dahi Chicken, Meat Curry, Bhatti Murg, Bhatti Chicken, Daal Makhini, Dal","Excellent Food, Best Food under Best Budget, Hygiene, Owner, Decor, Main Course"
Zaika-e-Lucknow,"Mughlai, Rolls",400," Panchsheel Square Mall, Crossing Republik, Ghaziabad",4.0,328,3.5,10500,https://www.zomato.com/ncr/zaika-e-lucknow-crossing-republik-ghaziabad,"Panchsheel Square Mall, Crossing Republik, Ghaziabad",9.188E+11,28.63079132,77.43437782,"Peanut Butter Chocolate Shake, Loaded Pizzas, Paneer Sandwich, Chicken Sandwich, White Sauce Pasta, Pasta","Elegantly Decorated, Healthy Food, Polite Staff, Prompt Service, Cafe, Portion Size"
Caribbean Pizza,"Pizza, Fast Food, Ice Cream",500," Sohna Road, Gurgaon",4.0,192,3.5,1132,https://www.zomato.com/ncr/caribbean-pizza-sohna-road,"Shop 211, Raheja Mall, Sector 47, Sohna Road, Gurgaon",9.11166E+11,28.4233928,77.03953017,"Outdoor Seating Arrangement, Best in Service, Excellent Location, Served Quickly, Clean and Hygienic Place, Large Servings",
Evergreen Sweet House,"Continental, South Indian, North Indian, Chinese, Street Food, Ice Cream, Beverages",500," Green Park, New Delhi",3.9,2145,3.4,14,https://www.zomato.com/ncr/evergreen-sweet-house-green-park-new-delhi,"S-29 &30, Main Market, Green Park, New Delhi",9.11127E+11,28.55646394,77.20225878,"Paneer Peri Peri, Grilled Cottage Cheese Steak, Nachos N Salsa, Tequila Sunrise, Shisha, Hummus Pita","Hookahs, Rooftop Ambience, Sheesha, Outdoor Sitting, Ambience was Super Cool, Good for Large Groups"
Cafe StayWoke,"Continental, Fast Food, Beverages",1500," Golf Course Extension, Gurgaon",3.9,103,,0,https://www.zomato.com/ncr/cafe-staywoke-golf-course-extension,"Ground Floor, Worldmark, Sector 65, Near Golf Course Extension, Gurgaon",9.19818E+11,28.3974,77.072,"LEKKA is a pop singer-songwriter who recently released her sensational Debut single ‘Ride’ She was India’s top finalist on South Asia’s biggest English singing show ‘The Stage, Season...Read More","Beautiful Decor, Cooperative Staff, Nice Concept, Dj, Great Recommendations, Server"
Moets Curry Leaf,"North Indian, Mughlai, Biryani, Rolls, Desserts, Seafood",1500," Defence Colony Main Market, Defence Colony, New Delhi",3.9,378,4.2,1762,https://www.zomato.com/ncr/moets-curry-leaf-defence-colony-new-delhi,"50, Defence Colony Market, Near Defence Colony, New Delhi",9.19319E+11,28.57332265,77.23078139,"Excellent Variety, Cool Ambience, Sitting, Weekend Brunch, Server, Customizable Food",
The Art House Restaurant,"Cafe, Continental, Kebab, Asian, North Indian, Fast Food, Beverages",1800," Connaught Place, New Delhi",3.9,868,3.9,44,https://www.zomato.com/ncr/the-art-house-restaurant-connaught-place-new-delhi,"N 35, Ground Floor, Connaught Circus, Block N, Connaught Place, New Delhi",9.19811E+11,28.63042318,77.22128369,"Thai Spring Roll, Chilli Garlic Noodles, Honey Chilli Potatoes, Starters, Butter Chicken, Pizza","Gastronomical Experience, Comfortable Seating Area, Servicing, Family Place, Inexpensive, Family Crowd"
Greetoz,"Cafe, Chinese, Fast Food, North Indian, Continental",650," Delhi University-GTB Nagar, New Delhi",3.9,136,3.9,33,https://www.zomato.com/ncr/greetoz-2-delhi-university-gtb-nagar-new-delhi,"DDA-10, Hudson Lane, Delhi University-GTB Nagar, New Delhi",9.19556E+11,28.69384872,77.20478475,"Take your decadence to a new level with a specially curated all-you-can drink buffet with unlimited refills at Grappa Bar.

The available packages are:
INR 2,000 plus taxes for 2 hours
INR 2,800...Read More",
Classic Caterer's,Street Food,200," Rohini, New Delhi",3.9,258,4.2,9033,https://www.zomato.com/ncr/classic-caterers-2-rohini-new-delhi,"I-1/29, Sector 16, Rohini, New Delhi",9.19211E+11,28.73906383,77.12412335,"Shawarma Wrap, Chicken Kalmi, Masala Paneer, Afghan Chicken, Tandoori Chaap, Chicken Shawarma","Low Price, Casual Seating Area, Great Recommendations, Nice Crowd, Family Restaurant, Hygienic Food"
Manjeet Restaurant,"North Indian, Mughlai, Chinese, Rolls",600," Jail Road, New Delhi",3.9,935,3.8,12100,https://www.zomato.com/ncr/manjeet-restaurant-jail-road-new-delhi,"Shop 4 - 8, DDA Market, Jail Road, New Delhi",9.19811E+11,28.63137076,77.09793493,"Tandoori Tikka, Phirni, Soya Chaap, Malai Kofta, Paneer Tikka, Dal","Comfortable Seating Area, Family Place, Fancy Crowd, Lovely Place, Live Music, Theme"
Hungry Tau,"North Indian, Chinese, Fast Food, Beverages",600," DLF Phase 1, Gurgaon",3.9,158,3.8,204,https://www.zomato.com/ncr/hungry-tau-dlf-phase-1,"D-144, Shopping Mall, Arjun Marg, DLF Phase 1, Gurgaon",9.19651E+11,28.46576013,77.0996958,"Buffet, Salads, Dessert, White Sauce Pasta, Breads, Pizza","Cooking Stations, Attentive Service, Worth the Price, More Variety, Parking, Good Value"
"Chai Lelo - Chai, Snacks & More","Tea, Beverages, Fast Food, Street Food",300," Green Park, New Delhi",3.9,119,3.9,69,https://www.zomato.com/ncr/chai-lelo-chai-snacks-more-green-park-new-delhi,"S/1, Green Park Extension, Green Park, New Delhi",9.11141E+11,28.55755589,77.20575135,"Dragon Rolls, Kitkat Shake, Chilly Potato, Mojito, Mocktails, Soya Chaap","Music Playlist, Pocket Friendly Prices, Sheesha, Comfortable Seating, More Variety, Nice Music"
Mughal Cuisine Foods,"Mughlai, North Indian, Fast Food, Beverages",1000," Jasola, New Delhi",3.9,155,4.2,1550,https://www.zomato.com/ncr/mughal-cuisine-foods-jasola-new-delhi,"D 23, Abdul Fazal Enclave Part 1, Kalindi Kunj Road, Jasola, New Delhi",9.11144E+11,28.55791045,77.29634866,"Garlic Paneer Kulcha, Cheese Kulcha, Mix Kulcha, Delux Thali, Chole, Shahi Paneer","Best in Service, Sanitised Service, Cooperative Staff, Served Quickly, Perfect Presentation, Spill Proof Packaging"
Le Winkies,"Sandwich, Fast Food, Pizza, Street Food, Beverages",300," Raj Nagar, Ghaziabad",3.9,69,4.3,303,https://www.zomato.com/ncr/le-winkies-raj-nagar-ghaziabad,"D2, RDC, Block 1, Raj Nagar, Ghaziabad",9.2E+11,28.67507618,77.4417083,"Amazing Interiors, Comforting Atmosphere, Recommended Place, Food Presentation, Courteous Staff, Worth the Money",
Brews N Bagels,"Cafe, Beverages, Panini, Sandwich, Burger, Italian, Rolls",1000," Sector 50, Gurgaon",3.9,148,4.2,109,https://www.zomato.com/ncr/brews-n-bagels-sector-50,"Shop C-31, Ground Floor, Nirvana Courtyard, Nirvana Country, Sector 50, Gurgaon",9.19954E+11,28.41443133,77.06544466,"Rooftop Ambience, Comfortable Seating Area, View, Courteous Staff, Bar, Polite Staff",
Chai Sutta Bar,"Beverages, Fast Food, Tea",350," Satyaniketan, New Delhi",3.9,72,3.8,61,https://www.zomato.com/ncr/chai-sutta-bar-satyaniketan-new-delhi,"Shop 93, South Campus, Opposite Sri Venkateshwara College, Satyaniketan, New Delhi",9.18446E+11,28.5883846,77.16842607,"Staff, Value for Money, Packaging, Service, Taste, Food",
Right Choice Food Hub,"North Indian, Street Food, Chinese, Fast Food, Pizza, Beverages",450," Shahdara, New Delhi",3.9,49,3.7,179,https://www.zomato.com/ncr/right-choice-food-hub-shahdara-new-delhi,"C-8/5, Ground Floor, Yamuna Vihar, Shahdara, New Delhi",9.17429E+11,28.70064023,77.27407325,"Cute Little Place, Breakfast, Amazing Food, Preparation, Hygiene, Food Presentation",
Sita Ram Diwan Chand,"North Indian, Street Food",300," Paschim Vihar, New Delhi",3.9,611,4.0,9977,https://www.zomato.com/ncr/sita-ram-diwan-chand-paschim-vihar-new-delhi,"G-104, Shivam Tower, DDA Commercial Center, Paschim Vihar, New Delhi",9.19999E+11,28.6701113,77.10168198,"Awesome Spot to Hangout, Best Staff, Fantastic Decoration, Served Quickly, Nice Concept, Clean and Hygienic Place",
Onety One,"Fast Food, Burger, Beverages",600," DLF Phase 4, Gurgaon",3.9,65,3.9,47,https://www.zomato.com/ncr/onety-one-dlf-phase-4,"SF-26, 1st Floor, Galleria Market, DLF Phase 4, Gurgaon",9.19959E+11,28.46718313,77.08226245,"Variety of Veg Options, Comforting Atmosphere, Great Menu, Fantastic Decoration, Clean and Hygienic Place, Food Tastes Great",
The Chaap Factory,"Chinese, North Indian, Momos, Fast Food",450," Geeta Colony, New Delhi",3.9,123,3.8,757,https://www.zomato.com/ncr/the-chaap-factory-2-geeta-colony-new-delhi,"11/114, Block-11, Geeta Colony, New Delhi",9.17011E+11,28.65388126,77.27701597,"Malai Soya Chaap, Panneer Butter Masala, Paneer Tikka Masala, Honey Chilli Potatoes, Dal Makhani","Natural Ambience, Ample Seating Area, Serving Size, Beautiful Place, Live Music, Family Crowd"
Green Vatika,"North Indian, Chinese, Fast Food, Mughlai, Beverages",1200," Rohini, New Delhi",3.9,272,3.5,407,https://www.zomato.com/ncr/green-vatika-rohini-new-delhi,"House 12, Sector 9, Rohini, New Delhi",9.2E+11,28.712972,77.126396,"Interior, Elaborate Menu, Young Crowd, Customizable Food, Food Quality, Worth the Money",
Shagun Sweets,"Mithai, Street Food, Desserts",300," Laxmi Nagar, New Delhi",3.9,67,4.3,501,https://www.zomato.com/ncr/shagun-sweets-laxmi-nagar-new-delhi,"B 43 & 44, Gurunanak Pura, Khureji Road, Laxmi Nagar, New Delhi",9.199E+11,28.63761576,77.28479639,"Afghan Chicken, Tawa Chicken, Chicken Tikka Masala, Mutton Curry, Paneer Butter Masala, Chicken Curry","Inexpensive, Good Crowd, Prompt Service, Server, Atmosphere, Meals"
Gola Sizzlers - Naresh Gola Group,"Chinese, North Indian, Mughlai, Italian, Fast Food, Beverages",1600," Preet Vihar, New Delhi",3.9,57,,9,https://www.zomato.com/ncr/gola-sizzlers-naresh-gola-group-preet-vihar-new-delhi,"C 59, First Floor, Vikas Marg, Preet Vihar, New Delhi",9.18801E+11,28.63865038,77.29144759,"Masala Chaap Roll, Chicken Rara, Chilli Potatoes, Chilli Chicken, Spring Roll, Butter Chicken","Awesome Spot to Hangout, Sanitised Service, Excellent Location, Fantastic Decoration, Served Quickly, Clean and Hygienic Place"
Bikaner's Sweets,"Mithai, Street Food, Desserts, South Indian",300," Indirapuram, Ghaziabad",3.9,203,4.2,11300,https://www.zomato.com/ncr/bikaners-sweets-indirapuram-ghaziabad,"Shop GC-G7, Plot C/GH 3, Aditya Mega City, Vaibhav Khand, Indirapuram, Ghaziabad",9.19212E+11,28.63610678,77.36043468,"Cozy Ambiance, Parking Space, Casual Seating Area, Great Recommendations, Seating Arrangement, Prompt Service",
Amici Cafe,"Cafe, Italian, Salad, Fast Food, Beverages, Pizza",1200," Defence Colony Main Market, Defence Colony, New Delhi",3.9,1130,4.1,5012,https://www.zomato.com/ncr/amici-cafe-defence-colony-new-delhi,"8, Defence Colony Main Market, Defence Colony, New Delhi",9.17828E+11,28.57379699,77.23017555,"Maharaja Chicken, Paneer Korma, Chicken Dum Biryani, Afghani Chicken, Veg Biryani, Rolls","Casual Seating Area, Nice Crowd, Pocket Friendly, Low Price, Great Recommendations, Delicious"
Bars N Beans,"Cafe, Desserts, Fast Food, Beverages, Bakery",300," Model Town 1, New Delhi",3.9,95,3.9,20,https://www.zomato.com/ncr/bars-n-beans-model-town-new-delhi,"3/1, Vishal Market, Near Tagore Park, Model Town 1, New Delhi",9.11147E+11,28.707441,77.203067,"Brinjal Fry, Bhapa Ilish, Mishti Pulao, Fry Prawns, Premium Veg Thali, Chicken Rezala","Themed Decor, Ample Seating Area, Relaxed Atmosphere, Authentic Taste, Courteous Staff, Best Places"
FKC,"North Indian, Rolls",400," Zakir Nagar, New Delhi",3.9,340,3.4,80,https://www.zomato.com/ncr/fkc-zakir-nagar-new-delhi,"Near Batla House, Jamia Main Road, Zakir Nagar, New Delhi",9.19911E+11,28.56236856,77.28824604,"Ciabatta Sandwich, Chicken Espetada, Tandoori Fish Tikka, Pita Pocket, Chilli Paneer Gravy, Chicken Seekh","Music and Feel, Variety of Pasta, Cozy Place, Family Crowd, Management, Perfect Place"
Gyros Kebab And Grill,"Kebab, Fast Food, Mughlai, North Indian, Chinese",800," Sector 135, Noida",3.9,196,3.6,146,https://www.zomato.com/ncr/gyros-kebab-and-grill-sector-135-noida,"Shop 75/76, Assotech Business Cresterra Building, Sector 135, Noida",9.19999E+11,28.49577062,77.40196031,"Best Staff, Comforting Atmosphere, Sanitised Service, Excellent Location, Fantastic Decoration, Very Affordable",
Hot Spot Mini Shop,"Italian, Chinese, Sandwich, Fast Food, Beverages, Pizza",400," Sector 11, Dwarka, New Delhi",3.9,103,3.8,350,https://www.zomato.com/ncr/hot-spot-mini-shop-sector-11-dwarka-new-delhi,"Shop G-5, G-6, G-7, Ground Floor, Pankaj Arcade, Near Kargil Chowk, Pocket 4, Sector 11, Dwarka, New Delhi",9.17559E+11,28.586763,77.043498,"Matki Chicken, Honey Chilli Potatoes, Afghani Chicken, Butter Chicken, Tandoori Chicken, Naan","Family Restaurant, Family Place, Owner, Nice Food, Seating, Reasonable Price"
Dilkhush Food Plaza,"North Indian, Mughlai, Chinese, Rolls",650," Paschim Vihar, New Delhi",3.9,490,4.0,2830,https://www.zomato.com/ncr/dilkhush-food-plaza-paschim-vihar-new-delhi,"A3, DDA Market, Paschim Vihar, New Delhi",9.19312E+11,28.67045518,77.10878816,"Chicken Biriyani, Chicken Curry, Kadhai Paneer, Tandoori Chicken, Butter Chicken","Not very Crowded, Cordial Staff, Lip Smacking Food, Low Price, Amazing Food, Polite Staff"
Forest House Cafe,"North Indian, Chinese, Continental, Fast Food, Beverages",500," Sector 17, Dwarka, New Delhi",3.9,69,,4,https://www.zomato.com/ncr/forest-house-cafe-sector-17-dwarka-new-delhi,"Plot 32, Pocket C 18, Sector 17, Dwarka New Delhi",9.19999E+11,28.589214,77.031168,"Rara Meat, Chicken Chowmein, Changezi Chicken, Tawa Chicken, Butter Chicken, Dal Makhani","Relaxed Atmosphere, Comfortable Seating Area, Family Crowd, Good Taste, Main Course, Price"
Mama's,"North Indian, Chinese, Rolls, Fast Food",500," Rajinder Nagar, New Delhi",3.9,479,4.0,4806,https://www.zomato.com/ncr/mamas-rajinder-nagar-new-delhi,"4/60, Main Shankar Road, Rajinder Nagar, New Delhi",9.11126E+11,28.63741802,77.18196116,"Chicken Makhani, Malai Kofta, Mutton Biryani, Drink, Desserts","Design, Beautiful Place, Food Presentation, Seating, Elaborate Menu, Customizable Food"
The Master Kitchen,"North Indian, Italian, Mexican, Fast Food, Beverages, Chinese",600," Sector 81, Faridabad",3.9,98,3.8,229,https://www.zomato.com/ncr/the-master-kitchen-sector-81-faridabad,"A006b, Ground Floor, Puri High Street, Sector 81, Faridabad",9.18376E+11,28.39301197,77.34046832,"Excellent Location, Served Quickly, Hygienic, Clean and Hygienic Place, Fantastic Decoration, Reasonable Prices",
Baat Cheet Cafe,"Chinese, North Indian, Fast Food, Beverages, Sandwich, Pizza",500," Vaishali, Ghaziabad",3.9,150,4.3,264,https://www.zomato.com/ncr/baat-cheet-cafe-1-vaishali-ghaziabad,"Shop 101, Local Shopping Centre, Vaishali, Ghaziabad",9.18368E+11,28.63584517,77.33461205,"Mysore Dosa, Filter Coffee, Panneer Butter Masala, Sambhar, Masala Dosa, Chutneys","Friendly Staff, Hygiene, Awesome Food, Food Quality, Good Place, Indian Food"
Punjabi Zaika,"North Indian, Chinese, Rolls",600," Pitampura, New Delhi",3.9,338,4.0,2930,https://www.zomato.com/ncr/punjabi-zaika-pitampura-new-delhi,"3539 A, Raja Park, Rani Bagh, Pitampura, New Delhi",9.19953E+11,28.6833037,77.13568702,"Afghan Chicken, Tawa Chicken, Malai Kofta, Dal Makhni, Butter Chicken","Family Restaurant, Tandoori, Portions, Good Place, Main Course, Nice Place"
Tee Dee,"Tibetan, Chinese, Momos, North Indian",500," Majnu ka Tila, New Delhi",3.9,857,,0,https://www.zomato.com/ncr/tee-dee-majnu-ka-tila-new-delhi,"32, Aruna Nagar, Majnu ka Tila, New Delhi",9.11124E+11,28.70207418,77.2283389,"Best Staff, Excellent Location, Good Music, Young Crowd, Food Presentation, Timely Service",
Bean Sahab,"Cafe, Fast Food, Beverages",650," Safdarjung, New Delhi",3.9,51,3.9,56,https://www.zomato.com/ncr/bean-sahab-1-safdarjung-new-delhi,"Shop 10, B-6, DDA Market, Safdarjung Enclave, Safdarjung, New Delhi",9.19818E+11,28.5589488,77.19673108,"Afghan Chicken, Dry Manchurian, Tawa Chicken, Kadai Paneer, Chicken Biryani, Paneer Tikka","Cordial Staff, Good Portions, Lip Smacking Food, Great Recommendations, Family Restaurant, Perfect Presentation"
Punjabi Tadka,"North Indian, Mughlai, Chinese, Fast Food",400," Sector 19, Faridabad",3.9,355,3.5,9953,https://www.zomato.com/ncr/punjabi-tadka-sector-19-faridabad,"31, Shri Ram Market, Near Badkal Chowk, Sector 19, Faridabad",9.19819E+11,28.42773482,77.31106326,"Thick Shake, Coffees, Cakes, Breads, Sandwiches, Burgers","Fair Prices, Customer Service, Interior, Owner, Best Food under Best Budget, Contactless Delivery"
Butter Berry,"Desserts, Fast Food, Beverages",500," Crossing Republik, Ghaziabad",3.9,136,4.0,503,https://www.zomato.com/ncr/butter-berry-crossing-republik-ghaziabad,"26, Orbit Plaza, Crossing Republik, Ghaziabad",9.18506E+11,28.63106206,77.43521433,"Momos Platter, Chicken Lollipops, Chinese Platter, Manchurian, Fried Rice, Noodles","Best Staff, Served Quickly, Very Affordable, Nice Concept, Family Crowd, Good Music"
Kingdom Of Momos,"Chinese, Momos, Rolls, North Indian",450," Sector 7, Dwarka, New Delhi",3.9,83,4.0,196,https://www.zomato.com/ncr/kingdom-of-momos-sector-7-dwarka-new-delhi,"E-516, Palam Extension, Sector-7, Dwarka, New Delhi",9.19774E+11,28.58505401,77.07196176,"Chaap Tikka, Tandoori Soya Chaap, Mocktails, Kadhai Paneer, Spring Roll, Soup","Amazing Ambience, View, Good Ambience, Nice Ambience, Courteous Staff, Hospitality"
New Anand Sagar,"Street Food, Fast Food, North Indian, South Indian, Desserts",300," Shahdara, New Delhi",3.9,413,4.0,26400,https://www.zomato.com/ncr/new-anand-sagar-shahdara-new-delhi,"C-1/1A, Near C Block, Ghonda Road, Yamuna Vihar, Shahdara, New Delhi",9.19991E+11,28.70259999,77.27245186,"Intimate Setting, Sophisticated, Worth the Price, Good Options, Great Service, Portion Size",
Da' Pizza Planet,"Pizza, Pasta, Fast Food",600," Janakpuri, New Delhi",3.9,499,4.0,2691,https://www.zomato.com/ncr/da-pizza-planet-janakpuri-new-delhi,"88A, C2B Block, Janakpuri, New Delhi",9140113222,28.62166823,77.08863907,"Bar, Good Music, Elaborate Menu, Customizable Food, Portions, Young Crowd",
Bangla Sweet House,"Mithai, Street Food, North Indian",200," Gole Market, New Delhi",3.9,327,4.2,6067,https://www.zomato.com/ncr/bangla-sweet-house-gole-market-new-delhi,"115-117, Bangla Sahib Marg, Gole Market, New Delhi",9.11123E+11,28.63364227,77.20858309,"Oreo Waffle, Waffles, Pancakes, Red Velvet, Ice Cream, Shakes","Bank for the Buck, Totally Worth it, Table Service, Best Service, Good Packaging, Vibe"
Waffle Me Up,"Desserts, Fast Food, Beverages",350," Sector 7, Dwarka, New Delhi",3.9,141,4.3,1667,https://www.zomato.com/ncr/waffle-me-up-sector-7-dwarka-new-delhi,"D 449, Ramphal Chowk, Palam Extension, Sector 7, Dwarka, New Delhi",9.19972E+11,28.58506962,77.07036987,"Family Place, Great Ambience, Family Crowd, Management, Best Food under Best Budget, Ambiance",
Amigo's Hub,"Cafe, Fast Food, Pizza, Wraps, Beverages",400," Satyaniketan, New Delhi",3.9,547,3.7,51,https://www.zomato.com/ncr/amigos-hub-satyaniketan-new-delhi,"96, 1st Floor, Opposite Sri Venkateswara College, Satyaniketan, New Delhi",9.188E+11,28.58799011,77.16832515,"Freshly Made Sweets, Good for Families, Good Street Food, Spacious Seating Area, Parking Space Available, Desi Food",
Gopal Sweets Corner,"Mithai, Street Food",200," Kamla Nagar, New Delhi",3.9,255,4.1,4826,https://www.zomato.com/ncr/gopal-sweets-corner-kamla-nagar-new-delhi,"A 43, Satywati Marg, Kamla Nagar, New Delhi",9.19999E+11,28.68232394,77.19984781,"Excellent and Fast Service, Good and Nice to Enjoy, Lightings, Variety of Pizza, Weekend Brunch, Good Music",
Stormborn,"Cafe, Continental, Fast Food, Desserts, Beverages",1000," Sector 16, Faridabad",3.9,81,3.9,33,https://www.zomato.com/ncr/stormborn-1-sector-16-faridabad,"Booth 123, Sector 16, Faridabad",9.19582E+11,28.41080743,77.31854361,,
Darbar,"North Indian, South Indian, Chinese, Fast Food, Street Food",700," Paharganj, New Delhi",3.9,359,,0,https://www.zomato.com/ncr/darbar-paharganj-new-delhi,"9003, Chowk Multani Dhanda, Paharganj, New Delhi",9.11124E+11,28.64580002,77.21095484,"Lasooni Naan, Tandoori Mushrooms, Paneer do Pyaza, Drinks","Family Place, Family Restaurant, Nice Ambience, Nice Food, Courteous Staff, Main Course"
Spice N Ice,"North Indian, Mughlai, Chinese, Continental, Fast Food, Beverages",1200," Karkardooma, New Delhi",3.9,156,3.9,98,https://www.zomato.com/ncr/spice-n-ice-karkardooma-new-delhi,"Karkardooma Community Centre, Petrol Pump, Near Dayanand Vihar, Karkardooma, New Delhi",9.11143E+11,28.64880857,77.30289023,"Bullet Paneer, Bullet Chicken, Miso Ramen, Dimsum Basket, Soup","Best in Service, Excellent Location, Comforting Atmosphere, Clean and Hygienic Place, Sanitised Service, Fantastic Decoration"
Abar Khabo,"Bengali, Rolls",600," Qutab Plaza, DLF Phase 1, Gurgaon",3.9,299,3.9,3208,https://www.zomato.com/ncr/abar-khabo-dlf-phase-1,"Shop G 1, Qutab Plaza Market, Near Gate 2, DLF Phase 1, Gurgaon",9.11245E+11,28.47204001,77.10202094,"Best Restaurant, Best Service, Good Wifi, Fast Delivery, Student Crowd, Customizable Food",
Tandoori Garh,"Chinese, North Indian, Rolls",700," Golf Course Extension, Gurgaon",3.9,120,3.0,48,https://www.zomato.com/ncr/tandoori-garh-golf-course-extension,"Ullahawas, Baharampur Naya, CRPF Road, Sector 62, Golf Course Extension, Delhi NCR, Delhi NCR",9.19811E+11,28.40660096,77.09150065,"Good Portion Size, Good Wifi, Young Crowd, Elaborate Menu, Fresh Food, Good Quality",
Annakoot,"Chinese, North Indian, South Indian, Fast Food, Street Food",500," Vikas Marg, New Delhi",3.9,69,4.1,152,https://www.zomato.com/ncr/annakoot-vikas-marg-new-delhi,"A-4, Swasthya Vihar, Vikas Marg, New Delhi",9.19097E+11,28.64100937,77.29460903,"Bar, Decor, Elaborate Menu, Customizable Food, Fresh Food, Good Quality",
Grover Sweets,"Mithai, North Indian, Fast Food, Chinese, Momos",400," Subhash Nagar, New Delhi",3.9,304,4.1,4151,https://www.zomato.com/ncr/grover-sweets-subhash-nagar-new-delhi,"WZ-40/2, Meenakshi Garden, Subhash Nagar, New Delhi",9.17042E+11,28.64044799,77.10569557,"Authentic Sweets, Reasonable Rates, Hygiene, Ambience, Quality, Experience",
Shagun Sweets,"Mithai, Street Food",200," Ambedkar Road, Ghaziabad",3.9,126,4.4,152,https://www.zomato.com/ncr/shagun-sweets-ambedkar-road-ghaziabad,"III-N-36, Ambedkar Road, Ghaziabad",9.11203E+11,28.66011492,77.43585035,"Finger Food, Continental, Mediterranean, Italian, Asian",
Whiz Cafe,"Cafe, Fast Food, Desserts, Beverages",800," Greater Kailash 2 (GK2), New Delhi",3.9,60,3.9,43,https://www.zomato.com/ncr/whiz-cafe-greater-kailash-gk-2-new-delhi,"Shop SG 1 DT, Greater Kailash 2 (GK 2), New Delhi",9.1932E+11,28.54125368,77.23992303,"Chirpy Crowd, Lip Smacking Food, Mouth Watering Food, Polite Staff, Taste",
Hashtag Foods,"Burger, Pizza, Pasta, Chinese, Sandwich, Fast Food, Desserts, Beverages",500," Janakpuri, New Delhi",3.9,751,3.9,15700,https://www.zomato.com/ncr/hashtag-foods-janakpuri-new-delhi,"Plot 14, Block 14, Chhoti Subji Mandi, Janakpuri, New Delhi",9.1114E+11,28.633288,77.093859,"Economical, Cozy Ambiance, Cute Little Place, Good Crowd, Prompt Service, Great Recommendations",
Moh Maya Cafe,"North Indian, Continental, Chinese, Italian, Lebanese, Momos",1000," Delhi University-GTB Nagar, New Delhi",3.9,843,3.8,114,https://www.zomato.com/ncr/moh-maya-cafe-delhi-university-gtb-nagar,"2527, Hudson Lane, 1st Floor, Delhi University-GTB Nagar, New Delhi",9.18701E+11,28.69477191,77.20431603,"Chicken Nasi Goreng, Prawn Satay, Som Tam Salad, Thai Red Curry, Crispy Vegetables, Veg Hakka Noodles","Safe Delivery, Perfect Service, Relaxed Atmosphere, Portion Size, Spill Proof Packaging, Excellent Taste"
Amritsari Kulcha Sardar Ji,"North Indian, Beverages, Street Food",350," Pitampura, New Delhi",3.9,230,3.6,1180,https://www.zomato.com/ncr/amritsari-kulcha-sardar-ji-pitampura-new-delhi,"Shop 7, BD Block, DDA Market, Pitampura, New Delhi",9.19811E+11,28.70728,77.13639,"Chicken Steamed Momos, Paneer Momos, Shawarma, Rolls, Chicken Biryani, Dal Makhani","Loved it, Comforting Atmosphere, Fantastic Decoration, Clean and Hygienic Place, Delicious Taste, Fresh Food with Good Quality"
Sheikh Chang Singh,"Rolls, Momos, North Indian, Lebanese, Beverages",500," Hauz Khas, New Delhi",3.9,127,4.2,816,https://www.zomato.com/ncr/sheikh-chang-singh-hauz-khas-new-delhi,"Shop 5, 1 Kaushalya Park, Hauz Khas, New Delhi",9.17222E+11,28.550215,77.204105,"Keema Curry, Keema Mutton, Keema Kaleji, Chicken Biryani, Meat","Bang for the Buck, Preparation, Location, Worth the Money, Food"
NYC Central & Co,"American, Fast Food, Beverages",500," Sector 37, Noida",3.9,161,4.0,192,https://www.zomato.com/ncr/nyc-central-co-sector-37-noida,"Shop 4, Godavari Shopping Complex, Sector 37, Noida",9.18449E+11,28.56543574,77.34044116,"Besan Burfi, Pyaz Ki Kachori, Paneer Kadai, Aloo Sabji, Paneer Parantha, Butter Naan","Cashless Payments, Economical Price, Quick Serving, Awesome Spot to Hangout, Excellent Location, Fast Delivery Service"
Bikaner Express,"North Indian, Chinese, Fast Food, South Indian, Street Food, Mithai, Beverages",600," Sector 9, Dwarka, New Delhi",3.9,103,3.9,480,https://www.zomato.com/ncr/bikaner-express-sector-9-dwarka-new-delhi,"Plot 228, Ground Floor, Sector 9, Dwarka, New Delhi",9.19999E+11,28.574746,77.065342,"Onion Kachori, Jalebi, Samosa, Sweets, Spring Roll, Gulab Jamun","Casual Seating Area, Pocket Friendly, Comfort Food, Inexpensive, Good Crowd, Prompt Service"
Milan Sweet House,"North Indian, Fast Food, South Indian, Chinese, Mithai, Street Food",400," Sector 10, Faridabad",3.9,706,3.9,23900,https://www.zomato.com/ncr/milan-sweet-house-sector-10-faridabad,"Shop 64-65, Sector 10, Faridabad",+91 8068974414,28.3692226,77.32851975,"Customizations Available, Unlimited Refills, Pocket Friendly, Cute Little Place, Nice Crowd, Comfort Food",
Pizzalicious,"Pizza, Fast Food",600," Karkardooma, New Delhi",3.9,257,4.0,8606,https://www.zomato.com/ncr/pizzalicious-karkardooma,"1/60, 60 Feet Main Road, Opposite HDFC Bank, Vishwas Nagar, Karkardooma, New Delhi",9.2E+11,28.6647552,77.29396686,,
Amritsari Chaap Corner,"North Indian, Rolls",300," Karol Bagh, New Delhi",3.9,402,4.0,222,https://www.zomato.com/ncr/amritsari-chaap-corner-karol-bagh-new-delhi,"5060/1, Sant Nagar, Main Desh Bandhu Gupta Road, Karol Bagh, New Delhi",9.1981E+11,28.65468006,77.18923163,"Plenty of Vegetarian Options, Inexpensive, Pocket Friendly, Great Ambiance, Prompt Service, Quantity",
Darjeeling Fast Food,"Chinese, Fast Food, Momos",150," NIT, Faridabad",3.9,197,3.0,789,https://www.zomato.com/ncr/darjeeling-fast-food-1-nit-faridabad,"1540-A/33 Foot Road, S.G.M Nagar, Near Wakil Ki Kothi, Sector 48, NIT, Faridabad",9.17828E+11,28.40533551,77.287605,"Best Staff, Best in Service, Comforting Atmosphere, Great Menu, Served Quickly, Food Tastes Great",
Snacker's Cup,"Fast Food, Desserts, Chinese",300," Indirapuram, Ghaziabad",3.9,70,3.9,34,https://www.zomato.com/ncr/snackers-cup-indirapuram-ghaziabad,"Shop 2, GC Grand Complex, Vaibhav Khand 1, Indirapuram, Ghaziabad",9.19971E+11,28.63643429,77.36231424,"Crowd, Friendly Staff, Management, Courteous Staff, Main Course, Music",
Gayway Bakers,"Bakery, Fast Food, Desserts",350," Rajouri Garden, New Delhi",3.9,264,3.9,20,https://www.zomato.com/ncr/gayway-bakers-rajouri-garden-new-delhi,"J-76, Ground Floor, Rajouri Garden, New Delhi",9.11146E+11,28.64666067,77.12127518,"Pizza Strips Supreme, Cheesecake, Pizzas, Garlic Bread, Pasta","Quick Serving, Variety of Pizza, Customizable Dishes, Weekend Brunch, Family Crowd, Good Wifi"
Pizza Workshop,"Pizza, Fast Food, Beverages",500," Chander Nagar, New Delhi",3.9,130,4.1,1787,https://www.zomato.com/ncr/pizza-workshop-chander-nagar-new-delhi,"Shop 104, Ram Nagar Extnension, Chander Nagar, New Delhi",9.18182E+11,28.6550643,77.28205115,"Vada Sambar, Lemon Rice, Filter Coffee, Sambhar, Masala Dosa","Cozy Ambiance, Lip Smacking Food, Great Recommendations, South Indian Food, Reasonable Prices, Food Presentation"
The Baking Paradise,"Chinese, Fast Food, Bakery, Desserts",400," Vasant Kunj, New Delhi",3.9,164,3.8,391,https://www.zomato.com/ncr/the-baking-paradise-vasant-kunj-new-delhi,"8A, Bhawani Kunj, Behind D 2, Vasant Kunj, New Delhi",9.2E+11,28.50953232,77.164676,"Pork Momo, Fried Rice Chicken, Sizzlers, Chopsuey, Drums of Heaven, Chicken Momos","Family Place, Recommended Place, Preparation, Owner, Best Place, Portions"
Chimney Sizzlers,"Chinese, Fast Food, Asian, Momos, Tibetan",700," Yashwant Place Commercial Complex, Chanakyapuri, New Delhi",3.9,379,4.2,1084,https://www.zomato.com/ncr/chimney-sizzlers-chanakyapuri-new-delhi,"V-10 & 16, Yashwant Place Commercial Complex, Chanakyapuri, New Delhi",9.1981E+11,28.58412662,77.19169255,"Keto Options, Jain Food Options, Good for Large Groups, Fast Delivery, Young Crowd, Good Service",
Jack 'n' Chill - All American Creamery,"Fast Food, Sandwich, Desserts, Beverages",500," Greater Kailash 1 (GK1), New Delhi",3.9,382,3.9,2229,https://www.zomato.com/ncr/jack-n-chill-all-american-creamery-greater-kailash-gk-1-new-delhi,"M-69, Block M, Greater Kailash 1 (GK 1), New Delhi",9.11147E+11,28.55105699,77.23409493,"Not very Crowded, Cozy Ambiance, Prompt Service, Reasonable Prices, Meals, Good Place",
Ramji Di Hatti & Caterers,"North Indian, Chinese, Fast Food",450," Mayapuri Phase 2, New Delhi",3.9,234,4.0,3157,https://www.zomato.com/ncr/ramji-di-hatti-caterers-mayapuri-phase-2-new-delhi,"BE 324, Hari Nagar, Gali 4, Opposite M.I.G. Flats, Mayapuri Phase 2, New Delhi",9.1965E+11,28.63081251,77.11984623,"Extensive Food Menu, View, Great Service, Menu, Staff, Ambience",
Sagar Chole Bhature,"Street Food, North Indian",150," Tilak Nagar, New Delhi",3.9,170,4.2,1827,https://www.zomato.com/ncr/sagar-chole-bhature-tilak-nagar-new-delhi,"Vishnu Garden,Mukherji Park, Punjabi Market, Tilak Nagar, New Delhi",9.19812E+11,28.64477372,77.10078076,"Salami Pizza, Spicy Paneer, Garlic Bread, Pizzas, Pasta","Great Ambiance, Great Taste, Good Taste, Prices, Staff"
Pizza And More,"Pizza, Fast Food",400," Sector 45, Noida",3.9,231,3.8,3990,https://www.zomato.com/ncr/pizza-and-more-sector-45-noida,"Main Road, Sadarpur, Near Som Bazar, Sector 45, Noida",9.18447E+11,28.55576629,77.34796576,"Meat Pulao, Mutton Biryani, Chicken Biryani, Butter Chicken","Low Price, Polite Staff, Quick Service, Amazing Food, Best Place, Good Place"
Mr. Sandwiches,"Sandwich, Fast Food, Beverages",300," Sector 22, Gurgaon",3.9,273,4.1,4014,https://www.zomato.com/ncr/mr-sandwiches-sector-22,"Shop 69, Huda Market, Sector 22, Gurgaon",9.189E+11,28.50285396,77.06324592,"Finger Food, Continental, Mediterranean, Italian, Asian",
Monga Sweets,"Mithai, North Indian, Street Food",350," Subhash Nagar, New Delhi",3.9,308,4.2,8734,https://www.zomato.com/ncr/monga-sweets-subhash-nagar-new-delhi,"35/13, Ashok Nagar Market, Subhash Nagar, New Delhi",9.19212E+11,28.63746422,77.10128099,"Italian Pizza, Cheese Burst, Choco Lava, White Sauce Pasta, Cheesecake, Pasta","Variety of Pizza, Quick Delivery, Contactless Delivery, Wonderful Presentation, Tandoori, Yummy Food"
Pizza Galleria,"Pizza, Fast Food, Beverages",400," Shalimar Bagh, New Delhi",3.9,156,4.0,4682,https://www.zomato.com/ncr/pizza-galleria-shalimar-bagh,"Ground Floor, 54-A, KH 262/258/217/4, Block A, Adarsh Nagar, Rajan Babu Road, Shalimar Bagh, New Delhi",9.19718E+11,28.71820736,77.17200916,"Hot N Sour Soup, Fried Momo, Chicken Chowmein, Hakka Noodles, Momos","Polite Staff, Good Quantity, Reasonable Prices, Hygiene, Good Taste, Nice Place"
Shree Manakamna Fast Food,"Chinese, Momos",300," Laxmi Nagar, New Delhi",3.9,198,,3,https://www.zomato.com/ncr/shree-manakamna-fast-food-laxmi-nagar-new-delhi,"267, Gali 6, Ek Minar Masjid Road, Lalita Park, Laxmi Nagar, New Delhi",9.19811E+11,28.63010065,77.27319315,"Finger Food, Continental, Mediterranean, Italian, Asian",
Your's Chole Bhature,"North Indian, Street Food",300," Sector 7, Dwarka, New Delhi",3.9,4,3.9,68,https://www.zomato.com/ncr/yours-chole-bhature-sector-7-dwarka-new-delhi,"Shop C-713, Palam Extension Road, Sector 7, Dwarka, New Delhi",9.19892E+11,28.58522265,77.06771422,"Finger Food, Continental, Mediterranean, Italian, Asian",
Rigo Bistro,"Continental, Momos, Salad, Thai, Chinese, Italian, Beverages, Desserts",1000," Majnu ka Tila, New Delhi",3.9,174,,0,https://www.zomato.com/ncr/rigo-bistro-majnu-ka-tila-new-delhi,"5th Floor, Nyingma House, Majnu ka Tila, New Delhi",9.1893E+11,28.701956,77.228323,"Relaxed Atmosphere, Family Place, Portions, Timely Service, Worth the Money, Delicious Food",
Crispy Bites,"Chinese, North Indian, Momos, Rolls",400," Rohini, New Delhi",3.9,421,3.6,9797,https://www.zomato.com/ncr/crispy-bites-3-rohini-new-delhi,"G-5, Plot 1, Ground Floor, R.G Complex. Setor 14, Rohini, New Delhi",9.17828E+11,28.71603324,77.13501714,"Finger Food, Continental, Mediterranean, Italian, Asian",
Dhannuram Sweets & Restaurant,"North Indian, Street Food, South Indian, Chinese",500," Loni, Ghaziabad",3.9,242,,1,https://www.zomato.com/ncr/dhannuram-sweets-restaurant-loni-ghaziabad,"Gate 1, Khanna Nagar, Delhi Saharanpur Road, Loni, Ghaziabad",9.19311E+11,28.75640905,77.28459321,"Humble Staff, Fresh Food, Good Quality, Value for Money, Taste",
Cuoco,"Fast Food, Pizza",400," Prashant Vihar, New Delhi",3.9,9,,3,https://www.zomato.com/ncr/cuoco-prashant-vihar-new-delhi,"Shop 3, B 63, Opposite CRPF School, Prashant Vihar, New Delhi",9.19821E+11,28.71120949,77.13245095,"Fish Tikka, Veg Platter, Tandoori Roti, Salad, Rolls","Customizations Available, Plenty of Vegetarian Options, Not very Crowded, Chirpy Crowd, Casual Seating Area, Cute Little Place"
Veerji Malai Chaap Wale,"North Indian, Rolls",400," Rohini, New Delhi",3.9,248,3.6,3302,https://www.zomato.com/ncr/veerji-malai-chaap-wale-rohini-new-delhi,"House 1, Pocket- F 24, Sector 7, Rohini, New Delhi",9.17827E+11,28.70922068,77.11211342,"Finger Food, Continental, Mediterranean, Italian, Asian",
The Kathi Rolls,"Rolls, Fast Food",400," Sector 31, Gurgaon",3.9,216,4.1,3252,https://www.zomato.com/ncr/the-kathi-rolls-sector-31,"Shop 150, HUDA Market, Sector 31, Gurgaon",9.19712E+11,28.45284581,77.05047894,"Best Food under Best Budget, Prices, Menu, Quantity, Food",
Loving Hut - The Vegan Paradise,"North Indian, Fast Food, Chinese, Healthy Food, Italian, Continental",500," South City 1, Gurgaon",3.9,62,4.1,371,https://www.zomato.com/ncr/loving-hut-the-vegan-paradise-south-city-1,"Shop 10, PGM Plaza Mall, Sector 41, Opposite Mayom Hospital, South City 1, Gurgaon",9.19872E+11,28.4583253,77.06292842,"Mysore Pak, Appam, Mysore Masala Dosa, Filter Coffee, Sambar, Chutneys","Family Restaurant, Decent Place, Quick Service, Good Place, Ambience, Good Service"
Adyar Ananda Bhavan,"South Indian, North Indian, Chinese, Fast Food, Beverages, Street Food",500," Green Park, New Delhi",3.9,611,4.2,923,https://www.zomato.com/ncr/adyar-ananda-bhavan-green-park-new-delhi,"S-18, Main Market, Green Park, New Delhi",9.11146E+11,28.5573524,77.20249314,"Paneer Lollipop, Red Thai Curry, Chilli Potatoes, Noodle, Momos","Elegantly Decorated, Not very Crowded, Cozy Ambiance, Great Recommendations, Prompt Service, Reasonable Prices"
Mr. Diet,"Healthy Food, Fast Food, Continental, American",700," Kamla Nagar, New Delhi",3.9,272,3.6,5099,https://www.zomato.com/ncr/mr-diet-kamla-nagar-new-delhi,"E-45, Kamla Nagar, New Delhi",9.19991E+11,28.68186332,77.20367767,"Authentic Taste, Concept, Spicy, Price, Timely Service, Staff",
Nagpal's,"Street Food, North Indian",150," Lawrence Road, New Delhi",3.9,187,4.0,1309,https://www.zomato.com/ncr/nagpals-lawrence-road-new-delhi,"G-2, Aggarwal Modern Bazaar, Lawrence Road, New Delhi",9.19213E+11,28.68158889,77.15451915,"Gajar Halwa, Honey Chilli Potatoes, Masala Dosa, Sweets, Malai Chaap, Naan","Quality and Quantity, Ample Seating Area, Large Servings, Family Crowd, Decor, Best Food under Best Budget"
Anupam Restaurant & Cafe,"North Indian, South Indian, Fast Food, Street Food, Chinese, Mithai",600," Sector 28, Faridabad",3.9,394,4.0,2100,https://www.zomato.com/ncr/anupam-restaurant-cafe-sector-28-faridabad,"183/1, Shop 3 & 4, Main Link Road, Sector 28, Faridabad",9.1981E+11,28.43011658,77.315966,"Family Restaurant, Family Place, South Indian Food, Courteous Staff, Good Service, Ambiance",
Hotel Krishna Sagar,"South Indian, North Indian, Chinese, Fast Food",600," Raj Nagar, Ghaziabad",3.9,358,4.0,5088,https://www.zomato.com/ncr/hotel-krishna-sagar-raj-nagar-ghaziabad,"C 48, RDC, Raj Nagar, Ghaziabad",9.11203E+11,28.67627045,77.44369145,"Paneer Pizza, Waffle, Oreo Shake, Chilli Potatoes, Malai Kofta, Afghani Chicken","Intimate Seating, Bottomless Brunch, Variety of Pizza, Fancy Crowd, Weekend Brunch, Spill Proof Packaging"
The Ark,"Finger Food, North Indian, Fast Food, Beverages",1600," Sector 56, Gurgaon",3.9,197,,0,https://www.zomato.com/ncr/the-ark-sector-56,"Level 2, Baani Address One, Sector 56, Gurgaon",9.2E+11,28.42172005,77.10430149,"Pastries, Cakes, Sandwich, Chocolate, White Sauce Pasta, Snacks","Packing, Worth the Money, Timely Service, Quality, Staff, Ambience"
Oasis Baklawa,"Bakery, Desserts, Fast Food, Beverages",500," Paschim Vihar, New Delhi",3.9,247,4.1,1932,https://www.zomato.com/ncr/oasis-baklawa-paschim-vihar-new-delhi,"B 2/9, Near HDFC Bank, Paschim Vihar, New Delhi",9.1813E+11,28.66927791,77.10456971,,
Bites And Brew,"Chinese, Fast Food, Salad, Burger, Pizza, Wraps, Beverages",500," Vikaspuri, New Delhi",3.9,142,,10,https://www.zomato.com/ncr/bites-and-brew-vikaspuri-new-delhi,"B 50, New Krishna Park, Vikaspuri, New Delhi",9.17304E+11,28.62949295,77.07604945,"Very Nice Place for Dining, Amazing Music, Served Quickly, Nice Concept, Good Music, Good Wifi",
Rajshree Restaurant,"North Indian, Chinese, Fast Food",800," Krishna Nagar, New Delhi",3.9,377,4.1,5256,https://www.zomato.com/ncr/rajshree-restaurant-2-krishna-nagar-new-delhi,"9, Shiv Puri, Krishna Nagar, New Delhi",9.2E+11,28.6522513,77.27789138,"Crispy Momos, Kit Kat Shake, Chilli Potatoes, White Sauce Pasta, Pasta, Shakes","Gastronomical Experience, Pretty Place, Good for Large Groups, Ample Seating Area, Fancy Crowd, Live Music"
Boh•me - Best Of Hudson,"Cafe, Continental, North Indian, Italian, Chinese, Street Food, Fast Food, Beverages",850," Delhi University-GTB Nagar, New Delhi",3.9,196,,2,https://www.zomato.com/ncr/boh-me-best-of-hudson-delhi-university-gtb-nagar-new-delhi,"2523, 2nd Floor, Hudson Lane, Delhi University-GTB Nagar, New Delhi",9.17065E+11,28.69487338,77.20437638,"Food Delivery, Awesome Food, Portion, Good Service, Tasty Food, Spicy",
Apsara Restaurant,"Fast Food, North Indian, Desserts",450," Rohini, New Delhi",3.9,621,4.0,8865,https://www.zomato.com/ncr/apsara-restaurant-rohini-new-delhi,"B-1/115, 113, Sector 17, Rohini, New Delhi",9.11128E+11,28.7400754,77.11853866,"View, Main Course, Courteous Staff, Table, Ambiance, Great Place",
Cafe - Hyatt Regency,"Fast Food, Continental, North Indian",3500," Hyatt Regency, Bhikaji Cama Place, New Delhi",3.9,364,3.9,31,https://www.zomato.com/ncr/cafe-hyatt-regency-bhikaji-cama-place-new-delhi,"Hyatt Regency Delhi, Ring Road, Bhikaji Cama Place, New Delhi",9.19958E+11,28.56939767,77.18593955,"Value for Money Experience, Sophisticated, Worth the Price, View, Live Music, Courteous Staff",
Game Of Momos,"Momos, North Indian, Mughlai, Chinese, Rolls",300," Raja Garden, New Delhi",3.9,141,3.9,1508,https://www.zomato.com/ncr/game-of-momos-raja-garden-new-delhi,"H 7, Bali Nagar, Near Kheterpal Hosptial, Raja Garden, New Delhi",9.18882E+11,28.652823,77.130076,"Pocket Friendly, Tandoori, Polite Staff, Spicy, Best Place, Good Food",
Tmos Moving Feast,"Chinese, North Indian, Momos",550," Sector 17, Faridabad",3.9,285,4.0,4923,https://www.zomato.com/ncr/tmos-moving-feast-sector-17-faridabad,"156, Main Market, Sector 17, Faridabad",9.11295E+11,28.41032174,77.32644204,"Customizable Food, Fresh Food, Good Quality, Quantity, Service",
Dragon Noodles,"Chinese, Fast Food, Momos",600," Vaishali, Ghaziabad",3.9,316,3.9,6537,https://www.zomato.com/ncr/dragon-noodles-vaishali-ghaziabad,"17, Ground Floor, Gaur Gravity Heights, Opposite Chandralakshmi Hospital, Vaishali, Ghaziabad",9.18801E+11,28.64658564,77.33991042,"Dj, Crowd, Music, Great Ambience, Nice Food, Location",
After Office,"North Indian, Continental, Chinese, Fast Food, Beverages",700," MG Road, Gurgaon",3.9,209,,9,https://www.zomato.com/ncr/after-office-mg-road,"108 - 110, Near The Bristol Hotel, MG Road, Gurgaon",9.1892E+11,28.4803126,77.08921976,"Drums of Heaven, Butter Naan, White Sauce Pasta, Butter Chicken, Dal Makhni, Biryani","Environment, Cute Packaging, Cafe, Food Presentation, Extensive Menu, Ambiance"
Savory Cafe & Restaurant,"North Indian, Chinese, Kebab, Mughlai, Fast Food",800," Chi 4, Greater Noida",3.9,241,3.9,4156,https://www.zomato.com/ncr/savory-cafe-restaurant-chi-4-greater-noida,"Shop 2, ATS Paradiso, Chi 4, Greater Noida",9.19811E+11,28.42933908,77.5184349,"Loved it, Very Affordable, Cafe, Food Quality, Ambiance, Nice Place",
Cafe Junk,"Cafe, Burger, Italian, Fast Food",500," Mayur Vihar Phase 2, New Delhi",3.9,105,3.5,791,https://www.zomato.com/ncr/cafe-junk-mayur-vihar-phase-2-new-delhi,"Shop G5, Pocket B, Vardhaman Shrenik Plaza, Mayur Vihar Phase 2, Delhi",9.1999E+11,28.61987089,77.30185188,"Outdoor Seating, Variety of Pizza, Good Music, Family Crowd, Good Wifi, Young Crowd",
The Burger Company,"Burger, Fast Food, Beverages, Cafe",250," Sector 50, Gurgaon",3.9,120,4.1,284,https://www.zomato.com/ncr/the-burger-company-sector-50,"G67, Ground Floor, B Block, Baani Square, Sector 50, Gurgaon",9.19712E+11,28.425448,77.057431,"Young Crowd, Elaborate Menu, Student Crowd, Amazing Place, Customizable Food, Presentation",
Momo Nation Cafe,"Chinese, Fast Food, North Indian, Rolls, Momos, Beverages",300," Tagore Garden, New Delhi",3.9,56,3.8,136,https://www.zomato.com/ncr/momo-nation-cafe-1-tagore-garden-new-delhi,"368, Four Storey Flats, Tagore Garden Extension, New Delhi",9.1813E+11,28.6485314,77.11644217,"Special Dal Makhani, Chana Masala, Dal Fry, Panneer Butter Masala, Daal Makhni, Shahi Paneer","Seating, Good Service, Best Place, Good Place, Prices, Good Food"
Chaska 18,"Chinese, Fast Food, North Indian",450," Sector 18, Noida",3.9,333,3.5,6693,https://www.zomato.com/ncr/chaska-18-sector-18-noida,"Shop G 26, Savitri Market, Sector 18, Noida",9.18588E+11,28.56999999,77.32647649,,
Baljee Restaurant,"Street Food, Mithai, Beverages",200," Sadar Bazar, Gurgaon",3.9,182,,1,https://www.zomato.com/ncr/baljee-restaurant-sadar-bazar,"Yashin Plaza, Sadar Bazar, Gurgaon",9.11242E+11,28.45989755,77.0270998,"Luxury, Best Services, Design, Best Quality, Wonderful Presentation, Tamper Proof Packaging",
BonJuz,"Healthy Food, Fast Food, Beverages, Juices",600," Spark Mall, Kamla Nagar, New Delhi",3.9,8,3.9,61,https://www.zomato.com/ncr/bonjuz-kamla-nagar-new-delhi,"2nd Floor, Food Court, Spark Mall, C-Block, Kamla Nagar, New Delhi",9.19655E+11,28.680874,77.203807,"Veg Keema, Butter Chaap, Masala Chaap, Kadhai Paneer, Dal Makhni, Salad","Pocket Friendly, Inexpensive, Good Crowd, Great Recommendations, Great Ambiance, Polite Staff"
Pizza Inn,"Pizza, Fast Food",400," Sector 7, Dwarka, New Delhi",3.9,191,3.9,2615,https://www.zomato.com/ncr/pizza-inn-sector-7-dwarka-new-delhi,"A-119/120, Near Ramphal Chowk, Sector 7, Dwarka, New Delhi",9.199E+11,28.5872335,77.07140721,"Jalebi with Rabri, Gujiya, Samosa, Sweets, Lassi, Snacks","Customizable Dishes, Family Crowd, Food Presentation, Elaborate Menu, Good Music, Amazing Place"
Aggarwals,"Street Food, Fast Food, Chinese, Beverages, Desserts, Mithai",200," Central Market, Lajpat Nagar 2, New Delhi",3.9,127,4.1,1001,https://www.zomato.com/ncr/aggarwals-lajpat-nagar-2-new-delhi,"J-35B, Block J, Market Road, Central Market, Lajpat Nagar 2, New Delhi",9.19971E+11,28.56898661,77.24375322,"Pizza Waffle, Farm Fresh Pizza, Choco Lava, Paneer Pizza, Cheesecake, Burgers","Variety of Pizza, Good Wifi, Weekend Brunch, Student Crowd, Best Food under Best Budget, Family Crowd"
The Hot Pizza,"Pizza, Fast Food",400," Sector 63, Noida",3.9,220,3.8,1574,https://www.zomato.com/ncr/the-hot-pizza-sector-63-noida,"Near Prakhar Shri Ram Homes, Chhijarsi, Sector 63 Noida",9.17303E+11,28.627604,77.391022,,
Singh's Vada Pav,"Street Food, Fast Food",150," Delhi University-GTB Nagar, New Delhi",3.9,134,4.0,1699,https://www.zomato.com/ncr/singhs-vada-pav-delhi-university-gtb-nagar-new-delhi,"D-47, Old Gupta Colony, Near Shani Mandir, Delhi University-GTB Nagar, New Delhi",9.1856E+11,28.69495661,77.2039479,"Fried Momo, Kit Kat Shake, Peri Peri Fries, Chai, Chicken Burger, Oreo Shake","Casual Seating Area, Great Ambiance, Reasonable Prices, Polite Staff, Prompt Service, Spill Proof Packaging"
Chai Garam,"Beverages, Fast Food, Tea",300," Malviya Nagar, New Delhi",3.9,164,3.9,422,https://www.zomato.com/ncr/chai-garam-malviya-nagar-new-delhi,"B-2, Local Shopping Complex, STC/MMTC Market, Near Sri Aurobindo College, Malviya Nagar, New Delhi",9.11141E+11,28.53283829,77.20369376,"Bacon, Dumplings, Cocktail, Chocolate Cake, Chicken Pizza, Dimsums","Theme, Cool Place, Comfortable Seating, Live Music, Vibe, Decor"
Jay Bhavani Vadapav,"Street Food, Fast Food, Sandwich",300," Supermart 1, DLF Phase 4, Gurgaon",3.9,86,4.1,1537,https://www.zomato.com/ncr/jay-bhavani-vadapav-dlf-phase-4,"Shop B-133, Supermart 1, DLF Phase 4, Gurgaon",9.11244E+11,28.46213651,77.08743777,"Staff Service, Variety of Pizza, Weekend Brunch, Good Wifi, Great Ambiance, Family Crowd",
Sugar Magik,"Cafe, Fast Food, Pizza, Desserts, Beverages",500," Sector 72, Noida",3.9,75,3.7,64,https://www.zomato.com/ncr/sugar-magik-sector-72-noida,"Shop 14, Ground Floor, Amrapali Crystal Homes Shopping Arcade, Sector 76, Near Sector 72, Noida",9.17982E+11,28.57124122,77.38281202,"Aloo Poori, Mushroom Sandwich, Pancakes, Omelette, Parathas, Chole Bhature","Breakfast, Portion Size, Owner, Great Service, Cafe, Menu"
Not Just Pizzas,"Pizza, Fast Food",600," Sector 7, Dwarka, New Delhi",3.9,447,4.1,8594,https://www.zomato.com/ncr/not-just-pizzas-sector-7-dwarka,"C-713, Lower Ground Floor, Palam Extension, Opposite Shiksha Bharti School, Sector 7, Dwarka, New Delhi",9.18376E+11,28.5852492,77.06753913,"Pastries, Cookies, Cakes, Sandwiches, Breads, Snacks","Great Place, Nice Place, Good Place, Ambiance, Price, Taste"
Bakington,"Bakery, Fast Food, Chinese, Momos, Desserts, Beverages",500," Janakpuri, New Delhi",3.9,369,4.1,2012,https://www.zomato.com/ncr/bakington-janakpuri-new-delhi,"A3/230, Near Saint Francis School, Janakpuri, New Delhi",9.11145E+11,28.62389758,77.08013747,,
Zayka Delhi-6,"North Indian, Mughlai, Rolls, Biryani",550," Subhash Nagar, New Delhi",3.9,213,3.8,5192,https://www.zomato.com/ncr/zayka-delhi-6-subhash-nagar-new-delhi,"Shop 3, Near Ajanta Cinema, Subhash Nagar Bike Market, Ajay Enclave, Subhash Nagar, New Delhi",9.199E+11,28.63888343,77.10768811,"Yellow Dal Tadka, Loaded Pizzas, Shahi Paneer, Dal Makhani","Comfort Food, Pocket Friendly, Great Recommendations, Seating Arrangement, Spicy, Timely Service"
Vaishnav Chat & Caterers,"Street Food, North Indian",400," Pitampura, New Delhi",3.9,158,3.9,32,https://www.zomato.com/ncr/vaishnav-chat-caterers-pitampura-new-delhi,"2 & 3, Rohit Kunj Market, Pitampura, New Delhi",9.19818E+11,28.69177498,77.14031216,"Phirni, Mutton Seekh, Fish Tikka, Afghani Chicken, Kebabs, Dal","Trained Staff, Good Quality Food, Waiter, Food Taste, Quick Service, Environment"
Bakeburry,"Bakery, Desserts, Fast Food",400," Hauz Khas, New Delhi",3.9,91,4.2,821,https://www.zomato.com/ncr/bakeburry-hauz-khas-new-delhi,"15, Kaushalya Park, Chaudhary Dilip Singh Marg, Hauz Khas, New Delhi",9.19897E+11,28.55001886,77.20545765,,
The Chef Restaurant,"Chinese, Momos, Naga, Tibetan",500," Safdarjung, New Delhi",3.9,180,4.3,1881,https://www.zomato.com/ncr/the-chef-restaurant-safdarjung-new-delhi,"66B, Garawd, Humayunpur, Safdarjung, New Delhi",9.19899E+11,28.56191596,77.19383128,"Order Online, Low Price, Polite Staff, Food Quality, Experience, Service",
Bhai Ji Shawarma,"Lebanese, Fast Food",300," DLF Phase 5, Gurgaon",3.9,166,4.1,5861,https://www.zomato.com/ncr/bhai-ji-shawarma-dlf-phase-5,"Shop 3, Near American Express, DLF Phase 5, Gurgaon",9.17839E+11,28.4543694,77.0974518,"Chicken Doner Platter, Chicken Gyro, Hummus Falafel, Falafel Platter, Paneer Platter, Cheesy Fries","Inexpensive, Good Crowd, Amazing Restaurant, Prompt Service, Low Price, Polite Staff"
Doner And Gyros,"Fast Food, Wraps, Kebab, Lebanese, Salad, Mexican, Beverages",400," Worldmark 1, Aerocity, New Delhi",3.9,212,3.8,119,https://www.zomato.com/ncr/doner-and-gyros-aerocity-new-delhi,"13, Lower Ground, Worldmark 1, Aerocity, New Delhi",9.11146E+11,28.550337,77.122113,"Value for Money, Packing, Great Place, Worth the Money, Delicious Food, Good Quality",
Cafe Red,"Cafe, Italian, Sandwich, Salad, Fast Food, Beverages",900," Shahpur Jat, New Delhi",3.9,381,3.9,70,https://www.zomato.com/ncr/cafe-red-shahpur-jat-new-delhi,"5-G, Dada Jungi House, Shahpur Jat, New Delhi",9.1813E+11,28.5494855,77.21231673,,
The Hipsters Cafe,"Cafe, Chinese, Fast Food, Beverages",500," Raj Nagar, Ghaziabad",3.9,319,3.9,563,https://www.zomato.com/ncr/the-hipsters-cafe-raj-nagar-ghaziabad,"R - 1/76, RDC, Raj Nagar, Ghaziabad",9.17504E+11,28.67780503,77.44196612,"Excellent Variety, Wonderful Presentation, Perfect Presentation, Customizable Food, Good Wifi, Elaborate Menu",
Chaska- Malai Chaap Wale,"North Indian, Rolls",300," Amrapali Dream Valley, Greater Noida",3.9,180,3.9,845,https://www.zomato.com/ncr/chaska-malai-chaap-wale-amrapali-dream-valley-greater-noida,"Shop 08, Lower Ground, Greenarch Commercial Sector, Techzone 4, Gautam Buddha Nagar, Amrapali Dream Valley, Greater Noida",9.17841E+11,28.60084579,77.44814627,"Decent Ambience, Comfortable Seating, Live Music, Family Restaurant, Environment, Main Course",
Six Degree Cakes And Coffees,"Bakery, Fast Food, Desserts, Beverages",500," Safdarjung, New Delhi",3.9,202,4.1,3374,https://www.zomato.com/ncr/six-degree-cakes-and-coffees-safdarjung-new-delhi,"B6, Shop 3, Shopping Center, Safdarjung Enclave, Safdarjung, New Delhi",9.19954E+11,28.55927891,77.19672505,"Butterscotch Pastry, Truffle Pastry, Chocolate Truffle Cake, Pastries, Waffle, Cakes","Pretty Decor, Perfect Presentation, Tamper Proof Packaging, Worth the Money, Packing, Food Quality"
Polka,"Bakery, Fast Food, Chinese, Beverages",400," Uttam Nagar, New Delhi",3.9,284,4.0,3584,https://www.zomato.com/ncr/polka-uttam-nagar-new-delhi,"F-160, Arya Samaj Road, Uttam Nagar, New Delhi",9.19583E+11,28.62100339,77.06034444,"Paneer Chowmein, Blueberry Pastry, Fried Momo, Pastries, Snacks, Momos","Courteous Staff, Young Crowd, Cafe, Good Service, Good Place, Nice Place"
Yo! China,"Chinese, Momos",1300," Crown Interiorz Mall, Sector 35, Faridabad, Faridabad",3.9,457,3.9,3328,https://www.zomato.com/ncr/yo-china-sector-35-faridabad,"S-2, 2nd Floor, Crown Interiorz Mall, Sector 35, Faridabad",9.1991E+11,28.46948767,77.30723239,"Dimsum, Chilli Garlic Noodles, Mojito, Mocktails, Starters, Drinks","Chinese, Appetizers, Server, Decent Place, Good Ambience, Main Course"
Desi Thaath,"Chinese, North Indian, Continental, Desserts, Fast Food",800," Raj Nagar, Ghaziabad",3.9,138,4.0,119,https://www.zomato.com/ncr/desi-thaath-raj-nagar-ghaziabad,"C-67, RDC, Raj Nagar, Ghaziabad",9.19999E+11,28.67705466,77.44302224,"Paneer Lababdar, Shahi Paneer, White Sauce Pasta, Paneer Tikka, Dal Makhni","Variety of Pizza, Outdoor Seating, Family Crowd, Good Music, Good Wifi, Young Crowd"
Barfi,"North Indian, South Indian, Chinese, Street Food, Mithai, Beverages",500," Hajipur, Noida",3.9,500,3.9,12500,https://www.zomato.com/ncr/barfi-hajipur,"514 & 515, Hajipur Village, Sector 104, Near Hajipur, Noida",9.19999E+11,28.53846,77.36726,"Barfi, Raj Kachori, Deluxe Thali, Rasmalai, Chaat, Masala Dosa","Nice Food, Hygiene, Good Taste, Quality Food, Good Food, Good Service"
Waffle Street,"Desserts, Beverages, Fast Food",400," Janakpuri, New Delhi",3.9,249,4.3,2389,https://www.zomato.com/ncr/waffle-street-1-janakpuri-new-delhi,"C-4B, 294-A, Ground Floor, Lal Sain Mandir Marg, Janakpuri, New Delhi",9.11149E+11,28.6192858,77.09176283,"Ferrero Rocher Waffle, Kitkat Waffle, Brownie Waffle, Death by Chocolate, Red Velvet, Dessert","Totally Worth it, Table Service, Preparation, Best Place, Packaging, Ambience"
Restro La Waffle,"Cafe, Desserts, Italian, Wraps, Fast Food, Salad, Beverages",450," Sector 17, Faridabad",3.9,224,3.7,2535,https://www.zomato.com/ncr/restro-la-waffle-sector-17-faridabad,"Shop 32, First Floor, Main Market, Sector 17, Faridabad",9.18861E+11,28.41053907,77.32899249,"Blueberry Cooler, Ferrero Rocher Waffle, Dessert Counter, Nutella Waffle, Waffles, Burgers","Sit and Read, Fancy Crowd, Cute Packaging, Food Presentation, Great Portions, Timely Service"
Ashirbad Snack Corner,"North Indian, Rolls",250," Chittaranjan Park, New Delhi",3.9,142,4.1,1836,https://www.zomato.com/ncr/ashirbad-snack-corner-chittaranjan-park-new-delhi,"Shop 3, Market 3, Chittaranjan Park, New Delhi",9.19811E+11,28.54095149,77.24320102,,
Fruit Crux,"Salad, Beverages, Healthy Food, Fast Food",300," Vaishali, Ghaziabad",3.9,153,4.1,3145,https://www.zomato.com/ncr/fruit-crux-vaishali-ghaziabad,"Shop 5, Plot 574, Opposite Gulati Vardi Wala, Sector 5, Vaishali, Ghaziabad",9.11204E+11,28.646493,77.347708,"Owner, Worth the Money, Timely Service, Prices, Great Portions, Staff",
Break Fast Point,Street Food,250," Chander Nagar, New Delhi",3.9,172,4.1,1088,https://www.zomato.com/ncr/break-fast-point-chander-nagar-new-delhi,"27, Satnam Park, Bhagat Singh Road, Chander Nagar, New Delhi",9.1981E+11,28.65544824,77.28224527,,
Gopala,"Mithai, Street Food, Beverages",250," Sector 93, Noida",3.9,111,,0,https://www.zomato.com/ncr/gopala-sector-93-noida,"Eldeco Convenience Shopping Area, GF, Eldeco Studio Apartments, Sector 93A, Sector 93, Noida",9.18589E+11,28.51452895,77.38531619,"Very Clean Place, Parking Space Available, Management, Great Taste, Location, Good Place",
Pinch of Punjab,"North Indian, Rolls",300," Rohini, New Delhi",3.9,307,3.7,9571,https://www.zomato.com/ncr/pinch-of-punjab-rohini-new-delhi,"Flat 125, Pocket 7, Sector 2, Rohini, New Delhi",9.19953E+11,28.70043879,77.10188515,"Amritsari Thali, Afghani Chaap, Paneer Lababdar, Naan, Paneer Tikka, Dal Makhni","Good Taste, Good Service, Good Food, Delicious Food, Price, Good Quality"
Bunny's Bite N Sip,"North Indian, Chinese, Fast Food, Mughlai",500," Najafgarh, New Delhi",3.9,378,3.8,5207,https://www.zomato.com/ncr/bunnys-bite-n-sip-najafgarh-new-delhi,"1631, Opposite Canara Bank, Najafgarh, New Delhi",9.18751E+11,28.61015788,76.98168665,"Pocket Friendly, Good Crowd, Good Taste, Tasty, Great Service, Price",
Wicked Waffles,"Desserts, Fast Food",300," Vikas Marg, New Delhi",3.9,202,4.1,1907,https://www.zomato.com/ncr/wicked-waffles-vikas-marg-new-delhi,"G-85, Preet Vihar Main Road, Vikas Marg, New Delhi",9.19712E+11,28.64229176,77.29694344,"Cute Little Place, Prompt Service, Cafe, Nice Place, Presentation, Good Place",
The 56th Street,"North Indian, Rolls",600," Sector 56, Gurgaon",3.9,199,4.2,3384,https://www.zomato.com/ncr/the-56th-street-sector-56,"4, District Shopping Center, Sector 56, Gurgaon",9.17503E+11,28.42871165,77.10005321,"Prompt Delivery, Prompt Service, Polite Staff, Excellent Food, Owner, Good Place",
Tandoori King,"North Indian, Momos, Mughlai",500," Aditya City Centre, Indirapuram, Ghaziabad",3.9,82,4.1,1521,https://www.zomato.com/ncr/tandoori-king-indirapuram-ghaziabad,"Shop SG 1, 1A, Aditya City Centre, Indirapuram, Ghaziabad",9.18178E+11,28.63908617,77.36114882,"Masala Chaap, Panner Tikka, Veg Biryani, Tandoori Chicken","Prompt Service, Reasonable Prices, Main Course, Delicious Food, Staff, Quality"
Bubble Waffle,"Fast Food, Desserts",550," Karkardooma, New Delhi",3.9,327,4.0,4753,https://www.zomato.com/ncr/bubble-waffle-2-karkardooma-new-delhi,"G-2, Rishabh Vihar, DDA Market, Karkardooma, New Delhi",9.19316E+11,28.65348142,77.30256602,"Milky Way, Kitkat Waffle, Choco Truffle, Churros, Peri Fries, Maggi","Totally Worth it, Table Service, Pretty Decor, Pocket Friendly, Packed on Weekends, Fancy Crowd"
Ssence - A Culinary Showcase - The Suryaa New Delhi,"North Indian, Pizza, Desserts, Fast Food, Pasta, Sandwich",3000," The Suryaa New Delhi, New Friends Colony, New Delhi",3.9,168,,3,https://www.zomato.com/ncr/ssence-a-culinary-showcase-the-suryaa-new-delhi-new-friends-colony-new-delhi,"The Suryaa New Delhi, New Friends Colony, New Delhi",9.11148E+11,28.5610022,77.26939179,"Sophisticated, Live Kitchen, Chef, Great Service, Ambiance, Staff",
Sampan - The Suryaa New Delhi,"Chinese, Sushi, North Indian, Fast Food, Sandwich",2500," The Suryaa New Delhi, New Friends Colony, New Delhi",3.9,172,,0,https://www.zomato.com/ncr/sampan-the-suryaa-new-delhi-new-friends-colony-new-delhi,"The Suryaa, New Friends Colony, New Delhi",9.11148E+11,28.56102252,77.26945918,"Sophisticated, Beautiful View, Great View, Rooftop Ambience, Roof, Comfortable Seating",
Mayur's Urban Spice,"Street Food, Fast Food, Chinese, North Indian, Desserts, Beverages",750," Durga Puri, New Delhi",3.9,5,3.7,34,https://www.zomato.com/ncr/mayurs-urban-spice-durga-puri-new-delhi,"B-1, Main 100 Feet Road, Chhajjupur, Near Durgapuri Chowk, Durga Puri, New Delhi",9.19811E+11,28.68952,77.28702,,
Kathi Junction,"Rolls, North Indian, Chinese",300," Gamma 1, Greater Noida",3.9,349,3.7,5873,https://www.zomato.com/ncr/kathi-junction-gamma-1,"35, Jagat Plaza, Jagat Farm, Gamma 1, Greater Noida",9.18883E+11,28.48148256,77.49913942,"Pocket Friendly, Good Value, Environment, Awesome Food, Nice Place, Great Taste",
Telegram,"North Indian, Fast Food, Chinese, Mughlai",800," Vijay Nagar, New Delhi",3.9,771,3.8,2033,https://www.zomato.com/ncr/telegram-vijay-nagar-new-delhi,"F 21/B, Opposite NDPL Office, Vijay Nagar, New Delhi",9.11147E+11,28.69382667,77.20441528,"Mozzarella Cheese Sticks, Dahi Ke Sholey, Kitkat Shake, Spaghetti, Virgin Mojito, Mocktail","Hospitable Staff, Sheesha, Cosy Place, Theme, Cafe, Friendly Place"
Relax Restaurant,"North Indian, Mughlai, Chinese, Kebab, Fast Food",600," Lajpat Nagar 1, New Delhi",3.9,308,4.2,6289,https://www.zomato.com/ncr/relax-restaurant-lajpat-nagar-1-new-delhi,"E-86, Lajpat Nagar 1, New Delhi",9.11142E+11,28.57322872,77.24144988,"Dahi Kebab, Tawa Chicken, Malai Tikka, Butter Chicken, Dal Makhani, Paneer Tikka","Family Restaurant, Good Ambience, Main Course, Packing, Great Food, Nice Place"
Golden Bake & Cakes,"Bakery, Fast Food, Desserts",350," Sector 15, Dwarka, New Delhi",3.9,274,3.7,3732,https://www.zomato.com/ncr/golden-bake-cakes-sector-15-dwarka-new-delhi,"67, Sewak Park, Dwarka Mor, Near Metro Pillar 778, Sector 15, Dwarka, New Delhi",9.1801E+11,28.61896382,77.03319948,"Choco Vanilla Cake, Chocolate Truffle Pastry, Paneer Tikka Pizza, Cookies, Deserts, Chocolate","Delivery Person, Decoration, Good Packaging, Best Quality, Hospitality, Proper Packaging"
Captain Bill$ Deliverz,"North Indian, Chinese, Fast Food",600," Sector 53, Gurgaon",3.9,305,3.8,2239,https://www.zomato.com/ncr/captain-bill-deliverz-sector-53,"Plot 458, Sarasvati Kunj 2, Sector 53, Gurgaon",9.18751E+11,28.43733,77.09593,"Rara Ghost, Veg Club Sandwich, Chilli Potatoes, Soya Chaap, Paneer Butter Masala, Veg Biryani","Great Concept, Proper Packaging, Delivery Services, Prompt Delivery, Best Restaurant, Prompt Service"
DW Cafe,"Cafe, North Indian, Fast Food",400," Rajinder Nagar, New Delhi",3.9,82,3.6,80,https://www.zomato.com/ncr/dw-cafe-rajinder-nagar-new-delhi,"J-424, Ground floor, New Rajinder Nagar, New Delhi",9.19718E+11,28.637955,77.18293,"Affordable, Weekend Brunch, Interior, Student Crowd, Good Music, Young Crowd",
#Rolls,"Rolls, Lebanese",600," Jaipuria Sunrise Plaza, Indirapuram, Ghaziabad",3.9,133,3.6,581,https://www.zomato.com/ncr/rolls-indirapuram-ghaziabad,"Jaipuria Sunrise Green Mall Road, Ahinsa Khand 1, Indirapuram, Ghaziabad",9.18883E+11,28.64138724,77.37599149,"Peri Peri Roll, Crispy Chicken Roll, Egg Roll, Corn, Rolls, Mutton","Perfect Service, Good Packing, Contactless Delivery, Friendly Place, Best Quality, Perfect Presentation"
Hungry La,"North Indian, Fast Food",200," DLF Phase 3, Gurgaon",3.9,5,,1,https://www.zomato.com/ncr/hungry-la-dlf-phase-3,"Shop 3, U51/44, Ground Floor, U Block, DLF Phase 3, Gurgaon",9.19644E+11,28.49188725,77.09378857,,
Dawat Xpress,"North Indian, Mughlai, Rolls",450," Kalkaji, New Delhi",3.9,312,4.2,1899,https://www.zomato.com/ncr/dawat-xpress-kalkaji-new-delhi,"Shop 2, Krishna Market, Opposite Desh Bandhu College, Kalkaji, New Delhi",9.11126E+11,28.54163186,77.25543458,"Lemon Chicken, Rajma Rice, Shawarma, Tandoori Chicken, Dal, Rolls","Takeaway, Owner, Nice Food, Portions, Best Place, Good Food"
Glued Reloaded,"Cafe, Fast Food, Rolls",1000," Sector 41, Noida",3.9,455,,0,https://www.zomato.com/ncr/glued-reloaded-sector-41-noida,"Glued Reloaded, Dynamic House, Next HP Petrol Pump, Sector 41, Noida",9.1954E+11,28.56168862,77.36093994,"Fun Place, Hookah, Sheesha, Cool Place, Decent Place, Concept",
Bablu Chic-Inn,"Mughlai, North Indian, Chinese, Fast Food",500," Ashok Vihar Phase 3, New Delhi",3.9,183,4.1,545,https://www.zomato.com/ncr/bablu-chic-inn-ashok-vihar-phase-3-new-delhi,"Shop 9, Pocket B, DDA Market, Ashok Vihar Phase 3, New Delhi",9.2E+11,28.69247261,77.17800424,"Great Recommendations, Tamper Proof Packaging, Prices, Good Food, Menu, Service",
Cafe 147,"Cafe, North Indian, Chinese, Kashmiri, Rolls, Pizza, Beverages",800," Sainik Farms, New Delhi",3.9,120,3.8,196,https://www.zomato.com/ncr/cafe-147-sainik-farms-new-delhi,"Shop A1/7, Ground Floor, Main IGNOU Road, Neb Sarai, Sainik Farms, New Delhi",9.19812E+11,28.5103384,77.20205594,"Pool, Live Music, Cafe, Environment, Good Place, Staff",
Pizzasia,"Pizza, Fast Food, Beverages",500," Gaur City 2, Greater Noida",3.9,165,3.9,5196,https://www.zomato.com/ncr/pizzasia-gaur-city-2-greater-noida,"Shop 14, Ground Floor, Bhawishya India Tower, Gaur City 2, Greater Noida",9.18861E+11,28.61825,77.427417,"Cordial Staff, Great Recommendations, Mouth Watering Food, Reasonable Prices, Quantity, Ambience",
